"Formatted ID","Name","Notes","Feature","Discussion","Plan Estimate","Schedule State","Iteration","Description","Acceptance Criteria","Owner","Project","Creation Date","Accepted Date","Custom Field 3","Affected Customers","Blocked","Blocked Reason","Display Color","Components","Created By","Custom Development","Custom Field 1","Custom Field 2","Custom Field 4","Custom Field 5","Defect Status","Defects","Dependencies","Direct Children Count","DirectPassingTestCaseCount","Due Date","Enabler / Tech Debt","Estimated Value","Expedite","External ID","Flow State","HasParent","Impacted Systems","In Progress Date","ITSM ID","Kanban State","Last Build","Last Run","Last Update Date","Milestones","MOSCOW Priority","Parent","Portfolio Item","Ready","Release","Resolution","Salesforce Case","Tags","Task Estimate Total","Task Status","Test Case Status","Task Remaining Total","Total Direct Test Case Count","Virtual Release ID"
"US6180997","Integrate HRO-ARF Variables with Flat Table - Deployment and Test in E1","","Feature F794224: CRR - HRO/ARF/Party Add Char/Account Add Char ( Analysis , Build) in E1","0","2.0","Being Groomed","AXP 25.5.24","As a compliance analyst, I want to integrate HRO-ARF Variables with Flat Table in E1. This is a deployment and testing user story. ","Given that HRO-ARF are integrated with Flat Table so that it can be deployed and tested in E1","Tahcin Ahmed","E_SLPM_ST16_CRR Rule Execution","10/15/2025 03:58 PM MST","","","","False","","#21a2e0","","Tahcin Ahmed","","","","CRR","","0 Submitted, 0 Open, 0 Fixed, 0 Closed, 0 Blocked","0","0","0","0","","","","False","","Being Groomed","False","","","","","","","11/07/2025 12:14 AM MST","","","","Feature F794224: CRR - HRO/ARF/Party Add Char/Account Add Char ( Analysis , Build) in E1","False","AXP PI 25.5","","","","0.0","0 Defined, 0 In-Progress, 0 Completed, 0 Blocked","0 None Run, 0 Blocked, 0 Error, 0 Fail, 0 Inconclusive, 0 Pass","0.0","0",""
"US5569602","Customer Income Spend Ratio Rule","","Feature F717254: CRR - Analysis of Rule computation for Individual Customers","0","5.0","Accepted","AXP 25.1.3","As a developer, I want to write the code for the Customer Income Spend Ratio Rule for Customer Level Risk Scoring","Given that we need risk scoring for Customer Income Spend Ratio Rule, when we move to development, we can code the logic for customer transaction amount ratio rule","Satvik Jain","E_SLPM_ST16_CRR Rule Execution","02/17/2025 10:57 PM MST","03/03/2025 01:09 AM MST","","","False","","#21a2e0","","Satvik Jain","","","","","","0 Submitted, 0 Open, 0 Fixed, 0 Closed, 0 Blocked","0","0","0","1","","","","False","","Accepted","False","","02/17/2025 11:16 PM MST","","","1","03/02/2025 08:35 PM MST","03/03/2025 01:09 AM MST","","","","Feature F717254: CRR - Analysis of Rule computation for Individual Customers","False","AXP PI 25.1","","","","61.0","0 Defined, 0 In-Progress, 5 Completed, 0 Blocked","0 None Run, 0 Blocked, 0 Error, 0 Fail, 0 Inconclusive, 1 Pass","0.0","1",""
"US5819189","E2E testing for Customer Scoring module","","Feature F761431: CRR - Customer Scoring as per existing logic (Analysis & Build)","0","5.0","Accepted","AXP 25.3.15 IP"," As a user, I would want to test the Customer scoring module.","Given that e2e testing needs to be done for the build of the customer scoring module ","Tahcin Ahmed","E_SLPM_ST16_CRR Rule Execution","05/28/2025 05:47 AM MST","08/18/2025 08:02 AM MST","","","False","","#21a2e0","","Tahcin Ahmed","","","","CRR","","0 Submitted, 0 Open, 0 Fixed, 0 Closed, 0 Blocked","0","0","0","1","","","","False","","Accepted","False","","08/04/2025 10:34 PM MST","","","E2E Customer Scoring Testing and Validation","08/18/2025 07:22 AM MST","10/16/2025 10:01 AM MST","","","","Feature F761431: CRR - Customer Scoring as per existing logic (Analysis & Build)","False","AXP PI 25.3","","","","75.0","0 Defined, 0 In-Progress, 4 Completed, 0 Blocked","0 None Run, 0 Blocked, 0 Error, 0 Fail, 0 Inconclusive, 1 Pass","0.0","1",""
"US6160868","SIT for Aggregation rules","","Feature F775706: CRR - Calculate CRR in Sandbox & Simulation in E2","0","5.0","Defined","AXP 25.5.24","As a compliance analyst, I want testing for Aggregation rules to be performed.","Given that Aggregation rules testing to be performed.","Satvik Jain","E_SLPM_ST16_CRR Rule Execution","10/13/2025 04:01 AM MST","","","","False","","#21a2e0","","Tahcin Ahmed","","","","CRR","","0 Submitted, 0 Open, 0 Fixed, 0 Closed, 0 Blocked","0","0","0","0","","","","False","","Defined","False","","","","","","","10/16/2025 10:01 AM MST","","","","Feature F775706: CRR - Calculate CRR in Sandbox & Simulation in E2","False","AXP PI 25.5","","","","0.0","0 Defined, 0 In-Progress, 0 Completed, 0 Blocked","0 None Run, 0 Blocked, 0 Error, 0 Fail, 0 Inconclusive, 0 Pass","0.0","0",""
"US6160871","SIT for Max Rules - Part 2","","Feature F775706: CRR - Calculate CRR in Sandbox & Simulation in E2","0","5.0","In-Progress","AXP 25.5.23","As a compliance analyst, I want testing for Max Rules to be performed.","Given that Max Rules testing to be performed.","Satvik Jain","E_SLPM_ST16_CRR Rule Execution","10/13/2025 04:02 AM MST","","","","False","","#21a2e0","","Tahcin Ahmed","","","","CRR","","0 Submitted, 0 Open, 0 Fixed, 0 Closed, 0 Blocked","0","0","0","0","","","","False","","In-Progress","False","","11/26/2025 09:38 PM MST","","","","","11/26/2025 09:38 PM MST","","","","Feature F775706: CRR - Calculate CRR in Sandbox & Simulation in E2","False","AXP PI 25.5","","","","44.0","1 Defined, 1 In-Progress, 0 Completed, 0 Blocked","0 None Run, 0 Blocked, 0 Error, 0 Fail, 0 Inconclusive, 0 Pass","44.0","0",""
"US6160870","SIT for Max Rules - Part 1","@Satvik Jain I have setup test data and scripts required to test Max rules.Will continue testing of DP in next sprint under the story SIT for Max Rules-Part2cc- @Nishant Kashyap ","Feature F775706: CRR - Calculate CRR in Sandbox & Simulation in E2","0","5.0","Accepted","AXP 25.5.22","As a compliance analyst, I want testing for Max rules to be performed.","Given that Max Rules testing to be performed.","Satvik Jain","E_SLPM_ST16_CRR Rule Execution","10/13/2025 04:02 AM MST","11/24/2025 09:36 PM MST","","","False","","#21a2e0","","Tahcin Ahmed","","","","CRR","","0 Submitted, 0 Open, 0 Fixed, 0 Closed, 0 Blocked","0","0","0","0","","","","False","","Accepted","False","","11/11/2025 09:27 PM MST","","","","","11/24/2025 09:36 PM MST","","","","Feature F775706: CRR - Calculate CRR in Sandbox & Simulation in E2","False","AXP PI 25.5","","","","48.0","0 Defined, 0 In-Progress, 2 Completed, 0 Blocked","0 None Run, 0 Blocked, 0 Error, 0 Fail, 0 Inconclusive, 0 Pass","0.0","0",""
"US6181106","SIT for Ratio rules","","Feature F775706: CRR - Calculate CRR in Sandbox & Simulation in E2","0","5.0","Defined","AXP 25.5.25","As a compliance analyst, I want testing for Ratio rules to be performed.","Given that Ratio rules testing to be performed.","Satvik Jain","E_SLPM_ST16_CRR Rule Execution","10/15/2025 04:52 PM MST","","","","False","","#21a2e0","","Tahcin Ahmed","","","","CRR","","0 Submitted, 0 Open, 0 Fixed, 0 Closed, 0 Blocked","0","0","0","0","","","","False","","Defined","False","","","","","","","10/16/2025 10:01 AM MST","","","","Feature F775706: CRR - Calculate CRR in Sandbox & Simulation in E2","False","AXP PI 25.5","","","","0.0","0 Defined, 0 In-Progress, 0 Completed, 0 Blocked","0 None Run, 0 Blocked, 0 Error, 0 Fail, 0 Inconclusive, 0 Pass","0.0","0",""
"US5483940","Discovery for assignment of the rule based on the scope of the Rule Set","","Feature F717254: CRR - Analysis of Rule computation for Individual Customers","0","5.0","Accepted","AXP 25.1.4","As a developer, I want to discover and analyze rule assignment based on the scope of the rule set so that rules are accurately assigned and applied in the system.","Given rule assignment needs to be scoped, when discovery is completed, then the findings should guide the rule assignment process.","Satvik Jain","E_SLPM_ST16_CRR Rule Execution","01/15/2025 01:37 AM MST","03/17/2025 03:38 AM MST","","","False","","#21a2e0","","Satvik Jain","","","","","","0 Submitted, 0 Open, 0 Fixed, 0 Closed, 0 Blocked","0","0","0","0","","","","False","","Accepted","False","","03/03/2025 11:32 PM MST","","","","","04/24/2025 11:37 PM MST","","","","Feature F717254: CRR - Analysis of Rule computation for Individual Customers","False","AXP PI 25.1","","","","66.0","0 Defined, 0 In-Progress, 7 Completed, 0 Blocked","0 None Run, 0 Blocked, 0 Error, 0 Fail, 0 Inconclusive, 0 Pass","0.0","0",""
"US5820387","Sample data for specific Merchant variables","","Feature F717257: CRR - Integration with DAM for Sandbox scoring (Build)","0","3.0","Accepted","AXP 25.2.10 IP","Upon checking the sample data shared by Nishant, we could not find matching values with the merchant data. E.g., for ‘Party's Structure/Party Type’, the expected values given to us were ‘Company structure. Limited liability, sole proprietor, corporation’, while the sample values contained data like ‘LLC-EX’ and ‘PTYLTD’. This creates a disconnect between our data and sample/expected data.Please provide the sample values for the highlighted Data Point Names in column ‘D’ (highlighted in Pink) in the attached sheet:  Merchant CRR Variables - Queries.xlsx.","Provide the sample values for the highlighted Data Point Names in column ‘D’ (highlighted in Pink) in the attached sheet:  Merchant CRR Variables - Queries.xlsx.","Tahcin Ahmed","E_SLPM_ST16_CRR Rule Execution","05/28/2025 09:25 AM MST","06/09/2025 08:42 AM MST","","","False","","#21a2e0","","Tahcin Ahmed","","","","","","0 Submitted, 0 Open, 0 Fixed, 0 Closed, 0 Blocked","0","0","0","0","","","","False","","Accepted","False","","06/01/2025 09:09 PM MST","","","","","06/09/2025 08:42 AM MST","","","","Feature F717257: CRR - Integration with DAM for Sandbox scoring (Build)","False","AXP PI 25.2","","","","30.0","0 Defined, 0 In-Progress, 2 Completed, 0 Blocked","0 None Run, 0 Blocked, 0 Error, 0 Fail, 0 Inconclusive, 0 Pass","0.0","0",""
"US6252609","Enhancements for DAM Data Extraction logic","","Feature F794224: CRR - HRO/ARF/Party Add Char/Account Add Char ( Analysis , Build) in E1","0","3.0","Accepted","AXP 25.5.22"," Improvements to the code related to config usage and SDE encryption","Improvements to the code related to config usage and SDE encryption","Satvik Jain","E_SLPM_ST16_CRR Rule Execution","11/09/2025 10:09 PM MST","11/24/2025 09:36 PM MST","","","False","","#21a2e0","","Satvik Jain","","","","","","0 Submitted, 0 Open, 0 Fixed, 0 Closed, 0 Blocked","0","0","0","0","","","","False","","Accepted","False","","11/11/2025 09:27 PM MST","","","","","11/24/2025 09:36 PM MST","","","","Feature F794224: CRR - HRO/ARF/Party Add Char/Account Add Char ( Analysis , Build) in E1","False","AXP PI 25.5","","","","60.0","0 Defined, 0 In-Progress, 5 Completed, 0 Blocked","0 None Run, 0 Blocked, 0 Error, 0 Fail, 0 Inconclusive, 0 Pass","0.0","0",""
"US5819184","Code Retrofit for Customer Score Aggregation & Mapping","","Feature F761431: CRR - Customer Scoring as per existing logic (Analysis & Build)","0","5.0","Accepted","AXP 25.3.13","As a user, I want the team to perform a code retrofit and validate it for the Account Score Aggregation & Mapping rules for Account scoring.","GIVEN that tech team needs to do analysis of CRR Account Scoring as per Existing POD Logic when tech team analyzes then there should be validation and retrofit of Account Score Aggregation & Mapping","Tahcin Ahmed","E_SLPM_ST16_CRR Rule Execution","05/28/2025 05:46 AM MST","07/21/2025 09:40 PM MST","","","False","","#21a2e0","","Tahcin Ahmed","","","","CRR","","0 Submitted, 0 Open, 0 Fixed, 0 Closed, 0 Blocked","0","0","0","0","","","","False","","Accepted","False","","07/07/2025 09:24 PM MST","","","","","10/16/2025 10:01 AM MST","","","","Feature F761431: CRR - Customer Scoring as per existing logic (Analysis & Build)","False","AXP PI 25.3","","","","54.0","0 Defined, 0 In-Progress, 3 Completed, 0 Blocked","0 None Run, 0 Blocked, 0 Error, 0 Fail, 0 Inconclusive, 0 Pass","0.0","0",""
"US5819745","Code Retrofit for Account Score Aggregation & Mapping","","Feature F717258: CRR - Account Scoring  (Analysis & Build)","0","3.0","Accepted","AXP 25.3.12","As a user, I want the team to perform a code retrofit and validate it for the Account Score Aggregation & Mapping rules for Account scoring.","GIVEN that tech team needs to do analysis of CRR Account Scoring as per Existing POD Logic when tech team analyzes then there should be validation and retrofit of Account Score Aggregation & Mapping","Tahcin Ahmed","E_SLPM_ST16_CRR Rule Execution","05/28/2025 07:32 AM MST","07/07/2025 07:18 AM MST","","","False","","#21a2e0","","Tahcin Ahmed","","","","CRR","","0 Submitted, 0 Open, 0 Fixed, 0 Closed, 0 Blocked","0","0","0","1","","","","False","","Accepted","False","","06/23/2025 08:26 PM MST","","","Aggregation and Scoring","07/06/2025 09:44 PM MST","10/16/2025 10:01 AM MST","","","","Feature F717258: CRR - Account Scoring  (Analysis & Build)","False","AXP PI 25.3","","","","30.0","0 Defined, 0 In-Progress, 3 Completed, 0 Blocked","0 None Run, 0 Blocked, 0 Error, 0 Fail, 0 Inconclusive, 1 Pass","0.0","1",""
"US5819733","Code Retrofit and Validate for Aggregation Rules","","Feature F717258: CRR - Account Scoring  (Analysis & Build)","0","5.0","Accepted","AXP 25.3.11","As a user, I want the team to perform a code retrofit and validate it for the aggregation rules for Account scoring.","GIVEN that tech team needs to do analysis of CRR Account Scoring as per Existing POD Logic for aggregation rules when tech team analyzes then there should be validation and retrofit of aggregation rules.","Tahcin Ahmed","E_SLPM_ST16_CRR Rule Execution","05/28/2025 07:31 AM MST","06/23/2025 10:01 PM MST","","","False","","#21a2e0","","Tahcin Ahmed","","","","CRR","","0 Submitted, 0 Open, 0 Fixed, 0 Closed, 0 Blocked","0","0","0","1","","","","False","","Accepted","False","","06/10/2025 09:34 PM MST","","","Test Documentation","06/22/2025 09:31 PM MST","10/16/2025 10:01 AM MST","","","","Feature F717258: CRR - Account Scoring  (Analysis & Build)","False","AXP PI 25.3","","","","56.0","0 Defined, 0 In-Progress, 4 Completed, 0 Blocked","0 None Run, 0 Blocked, 0 Error, 0 Fail, 0 Inconclusive, 1 Pass","0.0","1",""
"US5904953","Code Retrofit and Validate for Aggregation Rules","","Feature F762607: CRR -  Account, Customer & Hierarchy Scoring as per POA Individual logic in E1  (Build and Deploy PI 26.4","0","","Being Groomed","","As a user, I want the team to perform a code retrofit and validate it for the aggregation rules for Account scoring.","GIVEN that tech team needs to do analysis of CRR Account Scoring as per Existing POD Logic for aggregation rules when tech team analyzes then there should be validation and retrofit of aggregation rules.","Tahcin Ahmed","E_SLPM_ST16_CRR Rule Execution","06/26/2025 11:34 AM MST","","","","False","","#21a2e0","","Tahcin Ahmed","","","","CRR","","0 Submitted, 0 Open, 0 Fixed, 0 Closed, 0 Blocked","0","0","0","0","","","","False","","Being Groomed","False","","","","","","","10/16/2025 10:01 AM MST","","","","Feature F762607: CRR -  Account, Customer & Hierarchy Scoring as per POA Individual logic in E1  (Build and Deploy PI 26.4","False","AXP PI 25.5","","","","56.0","4 Defined, 0 In-Progress, 0 Completed, 0 Blocked","0 None Run, 0 Blocked, 0 Error, 0 Fail, 0 Inconclusive, 0 Pass","56.0","0",""
"US5819179","Code Retrofit and Validate for Aggregation Rules","","Feature F761431: CRR - Customer Scoring as per existing logic (Analysis & Build)","0","5.0","Accepted","AXP 25.3.12","As a user, I want the team to perform a code retrofit and validate it for the aggregation rules for Customer scoring.","GIVEN that tech team needs to do analysis of CRR Customer Scoring as per Existing POD Logic for aggregation rules when tech team analyzes then there should be validation and retrofit of aggregation rules.","Tahcin Ahmed","E_SLPM_ST16_CRR Rule Execution","05/28/2025 05:45 AM MST","07/07/2025 07:18 AM MST","","","False","","#21a2e0","","Tahcin Ahmed","","","","CRR","","0 Submitted, 0 Open, 0 Fixed, 0 Closed, 0 Blocked","0","0","0","0","","","","False","","Accepted","False","","06/23/2025 11:15 PM MST","","","","","10/16/2025 10:01 AM MST","","","","Feature F761431: CRR - Customer Scoring as per existing logic (Analysis & Build)","False","AXP PI 25.3","","","","60.0","0 Defined, 0 In-Progress, 4 Completed, 0 Blocked","0 None Run, 0 Blocked, 0 Error, 0 Fail, 0 Inconclusive, 0 Pass","0.0","0",""
"US5819819","Analysis and Discovery of new DAM ODL structure","Analysis Document-https://enterprise-confluence.aexp.com/confluence/display/GRCT/Generic+script+for+DAM-CRR+Integration ","Feature F736658: CRR - Consumer & SBS Card Variables - Calculate CRR with New DAM ODL (POC)","0","5.0","Accepted","AXP 25.3.14","AS A user, I want analysis and discovery to be performed for the new  new DAM ODL structure. ","Gcen that analysis and discovery to be performed for the new DAM ODL structure.","Tahcin Ahmed","E_SLPM_ST16_CRR Rule Execution","05/28/2025 07:43 AM MST","08/04/2025 07:30 AM MST","","","False","","#21a2e0","","Tahcin Ahmed","","","","CRR","","0 Submitted, 0 Open, 0 Fixed, 0 Closed, 0 Blocked","0","0","0","0","","","","False","","Accepted","False","","07/23/2025 09:38 PM MST","","","","","10/16/2025 10:01 AM MST","","","","Feature F736658: CRR - Consumer & SBS Card Variables - Calculate CRR with New DAM ODL (POC)","False","AXP PI 25.3","","","","41.0","0 Defined, 0 In-Progress, 4 Completed, 0 Blocked","0 None Run, 0 Blocked, 0 Error, 0 Fail, 0 Inconclusive, 0 Pass","0.0","0",""
"US5946570","KT & Analysis for CRR data testing framework","","Feature F761431: CRR - Customer Scoring as per existing logic (Analysis & Build)","0","5.0","Accepted","AXP 25.3.14","AS A user, I want analysis and knowledge transfer to be conducted for the CRR data testing framework.  ","Given that analysis and knowledge transfer to be conducted for the CRR data testing framework. ","Tahcin Ahmed","E_SLPM_ST16_CRR Rule Execution","07/21/2025 08:47 AM MST","08/04/2025 09:55 PM MST","","","False","","#21a2e0","","Tahcin Ahmed","","","","CRR","","0 Submitted, 0 Open, 0 Fixed, 0 Closed, 0 Blocked","0","0","0","0","","","","False","","Accepted","False","","07/21/2025 10:37 PM MST","","","","","10/16/2025 10:01 AM MST","","","","Feature F761431: CRR - Customer Scoring as per existing logic (Analysis & Build)","False","AXP PI 25.3","","","","60.0","0 Defined, 0 In-Progress, 4 Completed, 0 Blocked","0 None Run, 0 Blocked, 0 Error, 0 Fail, 0 Inconclusive, 0 Pass","0.0","0",""
"US5949710","Analysis for Asset manager for Rule Execution","","Feature F716869: CRR - Enabler - Asset Manager for List Management (POC)","0","5.0","Accepted","AXP 25.3.14","AS A user, I want to an analysis and POC for the Asset Manager with regards to Rule Execution","Analysis and POC for the Asset Manager with regards to Rule Execution","Satvik Jain","E_SLPM_ST16_CRR Rule Execution","07/21/2025 09:39 PM MST","08/04/2025 07:26 AM MST","","","False","","#21a2e0","","Satvik Jain","","","","CRR","","0 Submitted, 0 Open, 0 Fixed, 0 Closed, 0 Blocked","0","0","0","2","","","","False","","Accepted","False","","07/22/2025 09:33 PM MST","","","Asset manager","08/06/2025 12:42 PM MST","10/16/2025 10:01 AM MST","","","","Feature F716869: CRR - Enabler - Asset Manager for List Management (POC)","False","AXP PI 25.3","","","","54.0","0 Defined, 0 In-Progress, 5 Completed, 0 Blocked","0 None Run, 0 Blocked, 0 Error, 0 Fail, 0 Inconclusive, 2 Pass","0.0","2",""
"US5958549","Analysis for Fundamental Assessment for Rule Execution","","Feature F716868: CRR - User-friendly UI for CRR framework configuration","0","5.0","Accepted","AXP 25.3.15 IP","AS A user, I want to an analysis and POC for the Fundamental Assessment with regards to Rule Execution","Analysis and POC for the Fundamental Assessment with regards to Rule Execution","Satvik Jain","E_SLPM_ST16_CRR Rule Execution","07/23/2025 10:15 PM MST","08/18/2025 02:41 AM MST","","","False","","#21a2e0","","Satvik Jain","","","","CRR","","0 Submitted, 0 Open, 0 Fixed, 0 Closed, 0 Blocked","0","0","0","0","","","","False","","Accepted","False","","08/06/2025 01:05 PM MST","","","","","10/16/2025 10:01 AM MST","","","","Feature F716868: CRR - User-friendly UI for CRR framework configuration","False","AXP PI 25.3","","","","28.0","0 Defined, 0 In-Progress, 3 Completed, 0 Blocked","0 None Run, 0 Blocked, 0 Error, 0 Fail, 0 Inconclusive, 0 Pass","0.0","0",""
"US5819738","Code Retrofit and Validate for Income Spend Ratio Rules","","Feature F717258: CRR - Account Scoring  (Analysis & Build)","0","3.0","Accepted","AXP 25.3.11","As a user, I want the team to perform a code retrofit and validate it for the Income Spend Ratio Rules for Account scoring.","GIVEN that tech team needs to do analysis of CRR Account Scoring as per Existing POD Logic when tech team analyzes then there should be validation and retrofit of Income Spend Ratio Rules.","Tahcin Ahmed","E_SLPM_ST16_CRR Rule Execution","05/28/2025 07:32 AM MST","06/23/2025 10:01 PM MST","","","False","","#21a2e0","","Tahcin Ahmed","","","","CRR","","0 Submitted, 0 Open, 0 Fixed, 0 Closed, 0 Blocked","0","0","0","1","","","","False","","Accepted","False","","06/15/2025 09:34 PM MST","","","Income Transaction Ratio Rule Validation","06/22/2025 09:56 PM MST","10/16/2025 10:01 AM MST","","","","Feature F717258: CRR - Account Scoring  (Analysis & Build)","False","AXP PI 25.3","","","","38.0","0 Defined, 0 In-Progress, 4 Completed, 0 Blocked","0 None Run, 0 Blocked, 0 Error, 0 Fail, 0 Inconclusive, 1 Pass","0.0","1",""
"US5904961","Code Retrofit and Validate for Income Spend Ratio Rules","","Feature F762607: CRR -  Account, Customer & Hierarchy Scoring as per POA Individual logic in E1  (Build and Deploy PI 26.4","0","0.0","Being Groomed","","As a user, I want the team to perform a code retrofit and validate it for the Income Spend Ratio Rules for Account scoring.","GIVEN that tech team needs to do analysis of CRR Account Scoring as per Existing POD Logic when tech team analyzes then there should be validation and retrofit of Income Spend Ratio Rules.","Tahcin Ahmed","E_SLPM_ST16_CRR Rule Execution","06/26/2025 11:42 AM MST","","","","False","","#21a2e0","","Tahcin Ahmed","","","","CRR","","0 Submitted, 0 Open, 0 Fixed, 0 Closed, 0 Blocked","0","0","0","0","","","","False","","Being Groomed","False","","","","","","","10/16/2025 10:01 AM MST","","","","Feature F762607: CRR -  Account, Customer & Hierarchy Scoring as per POA Individual logic in E1  (Build and Deploy PI 26.4","False","AXP PI 25.5","","","","38.0","4 Defined, 0 In-Progress, 0 Completed, 0 Blocked","0 None Run, 0 Blocked, 0 Error, 0 Fail, 0 Inconclusive, 0 Pass","38.0","0",""
"US5819183","Code Retrofit and Validate for Income Spend Ratio Rules","","Feature F761431: CRR - Customer Scoring as per existing logic (Analysis & Build)","0","3.0","Accepted","AXP 25.3.13","As a user, I want the team to perform a code retrofit and validate it for the Income Spend Ratio Rules for Customer scoring. ","GIVEN that tech team needs to do analysis of CRR Customer Scoring as per Existing POD Logic when tech team analyzes then there should be validation and retrofit of Income Spend Ratio Rules.","Tahcin Ahmed","E_SLPM_ST16_CRR Rule Execution","05/28/2025 05:46 AM MST","07/21/2025 09:40 PM MST","","","False","","#21a2e0","","Tahcin Ahmed","","","","CRR","","0 Submitted, 0 Open, 0 Fixed, 0 Closed, 0 Blocked","0","0","0","1","","","","False","","Accepted","False","","07/16/2025 09:33 PM MST","","","Testing and Validation Documentation","07/21/2025 09:39 PM MST","10/16/2025 10:01 AM MST","","","","Feature F761431: CRR - Customer Scoring as per existing logic (Analysis & Build)","False","AXP PI 25.3","","","","36.0","0 Defined, 0 In-Progress, 3 Completed, 0 Blocked","0 None Run, 0 Blocked, 0 Error, 0 Fail, 0 Inconclusive, 1 Pass","0.0","1",""
"US5819735","Code Retrofit and Validate for Transaction Amount & Count Ratio Rules","","Feature F717258: CRR - Account Scoring  (Analysis & Build)","0","5.0","Accepted","AXP 25.3.11","As a user, I want the team to perform a code retrofit and validate it for the Transaction Amount & Count Ratio Rules for Account scoring.","GIVEN that tech team needs to do analysis of CRR Account Scoring as per Existing POD Logic when tech team analyzes then there should be validation and retrofit of Transaction Amount & Count Ratio Rules","Tahcin Ahmed","E_SLPM_ST16_CRR Rule Execution","05/28/2025 07:31 AM MST","06/23/2025 10:01 PM MST","","","False","","#21a2e0","","Tahcin Ahmed","","","","CRR","","0 Submitted, 0 Open, 0 Fixed, 0 Closed, 0 Blocked","0","0","0","0","","","","False","","Accepted","False","","06/09/2025 09:56 PM MST","","","","","10/16/2025 10:01 AM MST","","","","Feature F717258: CRR - Account Scoring  (Analysis & Build)","False","AXP PI 25.3","","","","62.0","0 Defined, 0 In-Progress, 5 Completed, 0 Blocked","0 None Run, 0 Blocked, 0 Error, 0 Fail, 0 Inconclusive, 0 Pass","0.0","0",""
"US5904960","Code Retrofit and Validate for Transaction Amount & Count Ratio Rules","","Feature F762607: CRR -  Account, Customer & Hierarchy Scoring as per POA Individual logic in E1  (Build and Deploy PI 26.4","0","0.0","Being Groomed","","As a user, I want the team to perform a code retrofit and validate it for the Transaction Amount & Count Ratio Rules for Account scoring.","GIVEN that tech team needs to do analysis of CRR Account Scoring as per Existing POD Logic when tech team analyzes then there should be validation and retrofit of Transaction Amount & Count Ratio Rules","Tahcin Ahmed","E_SLPM_ST16_CRR Rule Execution","06/26/2025 11:37 AM MST","","","","False","","#21a2e0","","Tahcin Ahmed","","","","CRR","","0 Submitted, 0 Open, 0 Fixed, 0 Closed, 0 Blocked","0","0","0","0","","","","False","","Being Groomed","False","","","","","","","10/16/2025 10:01 AM MST","","","","Feature F762607: CRR -  Account, Customer & Hierarchy Scoring as per POA Individual logic in E1  (Build and Deploy PI 26.4","False","AXP PI 25.5","","","","62.0","5 Defined, 0 In-Progress, 0 Completed, 0 Blocked","0 None Run, 0 Blocked, 0 Error, 0 Fail, 0 Inconclusive, 0 Pass","62.0","0",""
"US5819181","Code Retrofit and Validate for Transaction Amount & Count Ratio Rules","","Feature F761431: CRR - Customer Scoring as per existing logic (Analysis & Build)","0","5.0","Accepted","AXP 25.3.13","As a user, I want the team to perform a code retrofit and validate it for the Transaction Amount & Count Ratio Rules for Customer scoring. ","GIVEN that tech team needs to do analysis of CRR Customer Scoring as per Existing POD Logic when tech team analyzes then there should be validation and retrofit of Transaction Amount & Count Ratio Rules","Tahcin Ahmed","E_SLPM_ST16_CRR Rule Execution","05/28/2025 05:45 AM MST","07/21/2025 09:40 PM MST","","","False","","#21a2e0","","Tahcin Ahmed","","","","CRR","","0 Submitted, 0 Open, 0 Fixed, 0 Closed, 0 Blocked","0","0","0","0","","","","False","","Accepted","False","","07/07/2025 10:30 PM MST","","","","","10/16/2025 10:01 AM MST","","","","Feature F761431: CRR - Customer Scoring as per existing logic (Analysis & Build)","False","AXP PI 25.3","","","","60.0","0 Defined, 0 In-Progress, 3 Completed, 0 Blocked","0 None Run, 0 Blocked, 0 Error, 0 Fail, 0 Inconclusive, 0 Pass","0.0","0",""
"US5819729","Code Retrofit and Validate for Max Rules","","Feature F717258: CRR - Account Scoring  (Analysis & Build)","0","5.0","Accepted","AXP 25.3.11","As a user, I want the team to perform a code retrofit and validate it for the max rules for Account scoring.","GIVEN that tech team needs to do analysis of CRR Account Scoring as per Existing POD Logic for max rules when tech team analyzes then there should be validation and retrofit of max rules.","Tahcin Ahmed","E_SLPM_ST16_CRR Rule Execution","05/28/2025 07:30 AM MST","06/23/2025 10:01 PM MST","","","False","","#21a2e0","","Tahcin Ahmed","","","","CRR","","0 Submitted, 0 Open, 0 Fixed, 0 Closed, 0 Blocked","0","0","0","0","","","","False","","Accepted","False","","06/09/2025 09:32 PM MST","","","","","10/16/2025 10:01 AM MST","","","","Feature F717258: CRR - Account Scoring  (Analysis & Build)","False","AXP PI 25.3","","","","56.0","0 Defined, 0 In-Progress, 3 Completed, 0 Blocked","0 None Run, 0 Blocked, 0 Error, 0 Fail, 0 Inconclusive, 0 Pass","0.0","0",""
"US5903924","Code Retrofit and Validate for Max Rules","","Feature F762607: CRR -  Account, Customer & Hierarchy Scoring as per POA Individual logic in E1  (Build and Deploy PI 26.4","0","0.0","Being Groomed","","As a user, I want the team to perform a code retrofit and validate it for the max rules for Account scoring.","GIVEN that tech team needs to do analysis of CRR Account Scoring as per Existing POD Logic for max rules when tech team analyzes then there should be validation and retrofit of max rules.","Tahcin Ahmed","E_SLPM_ST16_CRR Rule Execution","06/26/2025 04:30 AM MST","","","","False","","#21a2e0","","Tahcin Ahmed","","","","CRR","","0 Submitted, 0 Open, 0 Fixed, 0 Closed, 0 Blocked","0","0","0","0","","","","False","","Being Groomed","False","","","","","","","10/16/2025 10:01 AM MST","","","","Feature F762607: CRR -  Account, Customer & Hierarchy Scoring as per POA Individual logic in E1  (Build and Deploy PI 26.4","False","AXP PI 25.5","","","","56.0","3 Defined, 0 In-Progress, 0 Completed, 0 Blocked","0 None Run, 0 Blocked, 0 Error, 0 Fail, 0 Inconclusive, 0 Pass","56.0","0",""
"US5819178","Code Retrofit and Validate for Max Rules","","Feature F761431: CRR - Customer Scoring as per existing logic (Analysis & Build)","0","5.0","Accepted","AXP 25.3.12","As a user, I want the team to perform a code retrofit and validate it for the max rules for Customer scoring.","GIVEN that tech team needs to do analysis of CRR Customer Scoring as per Existing POD Logic for max rules when tech team analyzes then there should be validation and retrofit of max rules.","Tahcin Ahmed","E_SLPM_ST16_CRR Rule Execution","05/28/2025 05:45 AM MST","07/07/2025 09:29 PM MST","","","False","","#21a2e0","","Tahcin Ahmed","","","","CRR","","0 Submitted, 0 Open, 0 Fixed, 0 Closed, 0 Blocked","0","0","0","0","","","","False","","Accepted","False","","06/23/2025 09:40 PM MST","","","","","10/16/2025 10:01 AM MST","","","","Feature F761431: CRR - Customer Scoring as per existing logic (Analysis & Build)","False","AXP PI 25.3","","","","60.0","0 Defined, 0 In-Progress, 4 Completed, 0 Blocked","0 None Run, 0 Blocked, 0 Error, 0 Fail, 0 Inconclusive, 0 Pass","0.0","0",""
"US5905836","Testing for SBX Hierarchy Scoring Module","","Feature F762612: CRR - Hierarchy Scoring as per existing logic in E2 Not needed given its combined w othe rfeature)","0","","Being Groomed","","As a user, I want to perform a testing for SBX Hierarchy Scoring Module.","WHEN the scoring engine evaluates a customerTHEN it must apply the rules from the current CRR UI version and update the customer risk rating accordingly GIVEN a customer with an account hierarchyWHEN one or more underlying accounts are updated with a scoring changeTHEN the derived customer score must automatically reflect the recalculated risk profile within the same scoring batch GIVEN the scoring logic is executed for a batch of customersWHEN the job completesTHEN a results log must capture execution time, number of customers scored, rule version used, and exceptions if any GIVEN a test dataset with controlled inputsWHEN scoring logic is appliedTHEN the results must match expected values aligned with legacy CRR scoring for regression parity GIVEN that a rule change has been made in the CRR UIWHEN the next scheduled or triggered scoring run occursTHEN the updated rule must be applied, and the scoring run must reflect the change in results for affected customers","Tahcin Ahmed","E_SLPM_ST16_CRR Rule Execution","06/27/2025 02:52 AM MST","","","","False","","#21a2e0","","Tahcin Ahmed","","","","CRR","","0 Submitted, 0 Open, 0 Fixed, 0 Closed, 0 Blocked","0","0","0","0","","","","False","","Being Groomed","False","","","","","","","10/16/2025 10:01 AM MST","","","","Feature F762612: CRR - Hierarchy Scoring as per existing logic in E2 Not needed given its combined w othe rfeature)","False","AXP PI 25.5","","","","24.0","2 Defined, 0 In-Progress, 0 Completed, 0 Blocked","0 None Run, 0 Blocked, 0 Error, 0 Fail, 0 Inconclusive, 0 Pass","24.0","0",""
"US5994949","RTF Integration for DAM-CRR Delta Event","","Feature F762615: CRR- Integration of DAM delta events with CRR Pilot Build for E1","0","2.0","Accepted","AXP 25.4.19","RTF Integration for DAM-CRR Delta Event","RTF Integration for DAM-CRR Delta Event","Satvik Jain","E_SLPM_ST16_CRR Rule Execution","08/06/2025 10:13 AM MST","10/13/2025 10:13 PM MST","","","False","","#21a2e0","","Satvik Jain","","","","CRR","","0 Submitted, 0 Open, 0 Fixed, 0 Closed, 0 Blocked","0","0","0","0","","","","False","","Accepted","False","","10/02/2025 08:53 PM MST","","","","","10/16/2025 10:01 AM MST","","","","Feature F762615: CRR- Integration of DAM delta events with CRR Pilot Build for E1","False","AXP PI 25.4","","","","22.0","0 Defined, 0 In-Progress, 3 Completed, 0 Blocked","0 None Run, 0 Blocked, 0 Error, 0 Fail, 0 Inconclusive, 0 Pass","0.0","0",""
"US6212326","Rule engine scripts enhancements","","Feature F775706: CRR - Calculate CRR in Sandbox & Simulation in E2","0","3.0","Accepted","AXP 25.5.21","rule engine scripts enhancements","rule engine scripts enhancements","Satvik Jain","E_SLPM_ST16_CRR Rule Execution","10/27/2025 04:29 AM MST","11/09/2025 09:42 PM MST","","","False","","#21a2e0","","Satvik Jain","","","","CRR","","0 Submitted, 0 Open, 0 Fixed, 0 Closed, 0 Blocked","0","0","0","0","","","","False","","Accepted","False","","10/28/2025 02:17 PM MST","","","","","11/09/2025 09:42 PM MST","","","","Feature F775706: CRR - Calculate CRR in Sandbox & Simulation in E2","False","AXP PI 25.5","","","","36.0","0 Defined, 0 In-Progress, 4 Completed, 0 Blocked","0 None Run, 0 Blocked, 0 Error, 0 Fail, 0 Inconclusive, 0 Pass","0.0","0",""
"US5589138","Tech Architechture for CRR","","Feature F717254: CRR - Analysis of Rule computation for Individual Customers","0","3.0","Accepted","AXP 25.1.4","As a tech lead, I want to discover and analyze the tech architecture and guide the team for a scalable development","Tech Architecture for CRR","Satvik Jain","E_SLPM_ST16_CRR Rule Execution","02/27/2025 10:29 AM MST","03/17/2025 10:08 PM MST","","","False","","#21a2e0","","Satvik Jain","","","","","","0 Submitted, 0 Open, 0 Fixed, 0 Closed, 0 Blocked","0","0","0","0","","","","False","","Accepted","False","","03/17/2025 09:51 AM MST","","","","","03/17/2025 10:08 PM MST","","","","Feature F717254: CRR - Analysis of Rule computation for Individual Customers","False","AXP PI 25.1","","","","20.0","0 Defined, 0 In-Progress, 2 Completed, 0 Blocked","0 None Run, 0 Blocked, 0 Error, 0 Fail, 0 Inconclusive, 0 Pass","0.0","0",""
"US5621586","Tech Architechture for CRR","","Feature F717254: CRR - Analysis of Rule computation for Individual Customers","0","3.0","Accepted","AXP 25.1.5 IP","As a tech lead, I want to discover and analyze the tech architecture and guide the team for a scalable development","Tech Architecture for CRR","Satvik Jain","E_SLPM_ST16_CRR Rule Execution","03/13/2025 09:01 AM MST","03/31/2025 10:32 PM MST","","","False","","#21a2e0","","Satvik Jain","","","","","","0 Submitted, 0 Open, 0 Fixed, 0 Closed, 0 Blocked","0","0","0","0","","","","False","","Accepted","False","","03/31/2025 09:45 AM MST","","","","","03/31/2025 10:32 PM MST","","","","Feature F717254: CRR - Analysis of Rule computation for Individual Customers","False","AXP PI 25.1","","","","20.0","0 Defined, 0 In-Progress, 2 Completed, 0 Blocked","0 None Run, 0 Blocked, 0 Error, 0 Fail, 0 Inconclusive, 0 Pass","0.0","0",""
"US5806504","Account Hierarchy Scoring Code Analysis (POD) for sandbox","","Feature F717255: CRR - Rule computation for Individual Customers (Build)","0","3.0","Accepted","AXP 25.2.10 IP","As a developer, I want to do Account Hierarchy Scoring Code Analysis (POD) for Sandbox"," Analysis of Account Hierarchy Scoring Code (POD) for Sandbox","Satvik Jain","E_SLPM_ST16_CRR Rule Execution","05/26/2025 06:20 AM MST","06/09/2025 08:42 AM MST","","","False","","#21a2e0","","Satvik Jain","","","","","","0 Submitted, 0 Open, 0 Fixed, 0 Closed, 0 Blocked","0","0","0","0","","","","False","","Accepted","False","","05/27/2025 09:31 PM MST","","","","","06/09/2025 08:42 AM MST","","","","Feature F717255: CRR - Rule computation for Individual Customers (Build)","False","AXP PI 25.2","","","","54.0","0 Defined, 0 In-Progress, 2 Completed, 0 Blocked","0 None Run, 0 Blocked, 0 Error, 0 Fail, 0 Inconclusive, 0 Pass","0.0","0",""
"US5807391","POC for Bigquery connectivity with Dataflow pipeline and create sub batches","","Feature F747040: CRR - Event Sourcing for publishing and consuming of events (Discovery)","0","2.0","Accepted","AXP 25.2.10 IP","As a developer, I want to do POC for Bigquery connectivity with Dataflow pipeline and create sub batches","POC for Bigquery connectivity with Dataflow pipeline and create sub batches","Satvik Jain","E_SLPM_ST16_CRR Rule Execution","05/26/2025 09:10 AM MST","06/09/2025 08:42 AM MST","","","False","","#21a2e0","","Satvik Jain","","","","","","0 Submitted, 0 Open, 0 Fixed, 0 Closed, 0 Blocked","0","0","0","0","","","","False","","Accepted","False","","06/01/2025 09:39 PM MST","","","","","06/09/2025 08:42 AM MST","","","","Feature F747040: CRR - Event Sourcing for publishing and consuming of events (Discovery)","False","AXP PI 25.2","","","","32.0","0 Defined, 0 In-Progress, 2 Completed, 0 Blocked","0 None Run, 0 Blocked, 0 Error, 0 Fail, 0 Inconclusive, 0 Pass","0.0","0",""
"US5806527","Customer Final Scoring Code Analysis (POD) for Sandbox","https://enterprise-confluence.aexp.com/confluence/display/GRCT/Customer+Final+Scoring","Feature F717255: CRR - Rule computation for Individual Customers (Build)","0","3.0","Accepted","AXP 25.2.10 IP","As a developer, I want to do analysis of Customer Final Scoring Code (POD) for Sandbox"," Analysis of Customer Final Scoring Code (POD) for Sandbox","Satvik Jain","E_SLPM_ST16_CRR Rule Execution","05/26/2025 06:24 AM MST","06/09/2025 08:42 AM MST","","","False","","#21a2e0","","Satvik Jain","","","","","","0 Submitted, 0 Open, 0 Fixed, 0 Closed, 0 Blocked","0","0","0","0","","","","False","","Accepted","False","","06/01/2025 09:41 PM MST","","","","","06/09/2025 08:42 AM MST","","","","Feature F717255: CRR - Rule computation for Individual Customers (Build)","False","AXP PI 25.2","","","","30.0","0 Defined, 0 In-Progress, 3 Completed, 0 Blocked","0 None Run, 0 Blocked, 0 Error, 0 Fail, 0 Inconclusive, 0 Pass","0.0","0",""
"US5806519","Hierarchy Calculation Analysis (POD)","Hierarchy Calculation logic Flow Diagram:https://enterprise-confluence.aexp.com/confluence/display/GRCT/Hierarchy+Calculation+Logic","Feature F717255: CRR - Rule computation for Individual Customers (Build)","0","3.0","Accepted","AXP 25.2.10 IP","As a developer, I want to do analysis of Hierarchy Calculation as per (POD)"," Analysis of Hierarchy Calculation (POD)","Satvik Jain","E_SLPM_ST16_CRR Rule Execution","05/26/2025 06:22 AM MST","06/09/2025 08:42 AM MST","","","False","","#21a2e0","","Satvik Jain","","","","","","0 Submitted, 0 Open, 0 Fixed, 0 Closed, 0 Blocked","0","0","0","0","","","","False","","Accepted","False","","05/27/2025 09:34 PM MST","","","","","06/09/2025 08:42 AM MST","","","","Feature F717255: CRR - Rule computation for Individual Customers (Build)","False","AXP PI 25.2","","","","54.0","0 Defined, 0 In-Progress, 3 Completed, 0 Blocked","0 None Run, 0 Blocked, 0 Error, 0 Fail, 0 Inconclusive, 0 Pass","0.0","0",""
"US5627222","Build and testing: Assignment of the rule based on the scope of the Rule Set","","Feature F717254: CRR - Analysis of Rule computation for Individual Customers","0","5.0","Accepted","AXP 25.1.5 IP","As a developer, I want to do build and testing rule assignment based on the scope of the rule set so that rules are accurately assigned and applied in the system."," build and testing rule assignment based on the scope of the rule set so that rules are accurately assigned and applied in the system.","Satvik Jain","E_SLPM_ST16_CRR Rule Execution","03/17/2025 04:05 AM MST","03/31/2025 01:57 AM MST","","","False","","#21a2e0","","Satvik Jain","","","","","","0 Submitted, 0 Open, 0 Fixed, 0 Closed, 0 Blocked","0","0","0","0","","","","False","","Accepted","False","","03/17/2025 09:47 PM MST","","","","","03/31/2025 07:53 AM MST","","","","Feature F717254: CRR - Analysis of Rule computation for Individual Customers","False","AXP PI 25.1","","","","70.0","0 Defined, 0 In-Progress, 6 Completed, 0 Blocked","1 None Run, 0 Blocked, 0 Error, 0 Fail, 0 Inconclusive, 0 Pass","0.0","1",""
"US5774850","API Testing automation framework","","Feature F717255: CRR - Rule computation for Individual Customers (Build)","0","3.0","Accepted","AXP 25.2.9","As a tech lead, I want to design & develope an API testing automation framework"," Design & development of API testing automation framework","Satvik Jain","E_SLPM_ST16_CRR Rule Execution","05/12/2025 10:38 PM MST","05/26/2025 07:06 AM MST","","","False","","#21a2e0","","Satvik Jain","","","","","","0 Submitted, 0 Open, 0 Fixed, 0 Closed, 0 Blocked","0","0","0","0","","","","False","","Accepted","False","","05/20/2025 09:37 PM MST","","","","","05/26/2025 07:06 AM MST","","","","Feature F717255: CRR - Rule computation for Individual Customers (Build)","False","AXP PI 25.2","","","","22.0","0 Defined, 0 In-Progress, 3 Completed, 0 Blocked","0 None Run, 0 Blocked, 0 Error, 0 Fail, 0 Inconclusive, 0 Pass","0.0","0",""
"US5621599","Tech Architechture for CRR","","Feature F717255: CRR - Rule computation for Individual Customers (Build)","0","6.0","Accepted","AXP 25.2.6","As a tech lead, I want to discover and analyze the tech architecture and guide the team for a scalable developement","Tech Architecture for CRR","Satvik Jain","E_SLPM_ST16_CRR Rule Execution","03/13/2025 09:03 AM MST","04/14/2025 09:34 PM MST","","","False","","#21a2e0","","Satvik Jain","","","","","","0 Submitted, 0 Open, 0 Fixed, 0 Closed, 0 Blocked","0","0","0","0","","","","False","","Accepted","False","","04/07/2025 10:01 PM MST","","","","","04/14/2025 09:34 PM MST","","","","Feature F717255: CRR - Rule computation for Individual Customers (Build)","False","AXP PI 25.2","","","","30.0","0 Defined, 0 In-Progress, 8 Completed, 0 Blocked","0 None Run, 0 Blocked, 0 Error, 0 Fail, 0 Inconclusive, 0 Pass","0.0","0",""
"US5621600","Tech Architechture for CRR","","Feature F717255: CRR - Rule computation for Individual Customers (Build)","0","5.0","Accepted","AXP 25.2.7","As a tech lead, I want to discover and analyze the tech architecture and guide the team for a scalable developement","Tech Architecture for CRR","Satvik Jain","E_SLPM_ST16_CRR Rule Execution","03/13/2025 09:03 AM MST","04/25/2025 03:05 AM MST","","","False","","#21a2e0","","Satvik Jain","","","","","","0 Submitted, 0 Open, 0 Fixed, 0 Closed, 0 Blocked","0","0","0","0","","","","False","","Accepted","False","","04/20/2025 09:27 PM MST","","","","","04/25/2025 03:05 AM MST","","","","Feature F717255: CRR - Rule computation for Individual Customers (Build)","False","AXP PI 25.2","","","","28.0","0 Defined, 0 In-Progress, 6 Completed, 0 Blocked","0 None Run, 0 Blocked, 0 Error, 0 Fail, 0 Inconclusive, 0 Pass","0.0","0",""
"US5621603","Tech Architechture for CRR","","Feature F717255: CRR - Rule computation for Individual Customers (Build)","0","5.0","Accepted","AXP 25.2.9","As a tech lead, I want to discover and analyze the tech architecture and guide the team for a scalable developement","Tech Architecture for CRR","Satvik Jain","E_SLPM_ST16_CRR Rule Execution","03/13/2025 09:04 AM MST","05/26/2025 09:33 PM MST","","","False","","#21a2e0","","Satvik Jain","","","","","","0 Submitted, 0 Open, 0 Fixed, 0 Closed, 0 Blocked","0","0","0","0","","","","False","","Accepted","False","","05/21/2025 09:34 PM MST","","","","","05/26/2025 09:33 PM MST","","","","Feature F717255: CRR - Rule computation for Individual Customers (Build)","False","AXP PI 25.2","","","","25.0","0 Defined, 0 In-Progress, 2 Completed, 0 Blocked","0 None Run, 0 Blocked, 0 Error, 0 Fail, 0 Inconclusive, 0 Pass","0.0","0",""
"US5621605","Tech Architechture for CRR","","Feature F717255: CRR - Rule computation for Individual Customers (Build)","0","6.0","Accepted","AXP 25.2.8","As a tech lead, I want to discover and analyze the tech architecture and guide the team for a scalable developement","Tech Architecture for CRR","Satvik Jain","E_SLPM_ST16_CRR Rule Execution","03/13/2025 09:05 AM MST","05/12/2025 09:44 PM MST","","","False","","#21a2e0","","Satvik Jain","","","","","","0 Submitted, 0 Open, 0 Fixed, 0 Closed, 0 Blocked","0","0","0","0","","","","False","","Accepted","False","","05/04/2025 09:37 PM MST","","","","","05/12/2025 09:44 PM MST","","","","Feature F717255: CRR - Rule computation for Individual Customers (Build)","False","AXP PI 25.2","","","","45.0","0 Defined, 0 In-Progress, 4 Completed, 0 Blocked","0 None Run, 0 Blocked, 0 Error, 0 Fail, 0 Inconclusive, 0 Pass","0.0","0",""
"US5635078","Tech Architechture for CRR","","Feature F717255: CRR - Rule computation for Individual Customers (Build)","0","6.0","Accepted","AXP 25.2.10 IP","As a tech lead, I want to discover and analyze the tech architecture and guide the team for a scalable developement","Tech Architecture for CRR","Satvik Jain","E_SLPM_ST16_CRR Rule Execution","03/18/2025 05:14 AM MST","06/09/2025 08:42 AM MST","","","False","","#21a2e0","","Satvik Jain","","","","","","0 Submitted, 0 Open, 0 Fixed, 0 Closed, 0 Blocked","0","0","0","0","","","","False","","Accepted","False","","06/01/2025 09:29 PM MST","","","","","06/09/2025 08:42 AM MST","","","","Feature F717255: CRR - Rule computation for Individual Customers (Build)","False","AXP PI 25.2","","","","45.0","0 Defined, 0 In-Progress, 5 Completed, 0 Blocked","0 None Run, 0 Blocked, 0 Error, 0 Fail, 0 Inconclusive, 0 Pass","0.0","0",""
"US5627130","KT sessions for PI 25.1 - Spark","","Feature F739019: CRR - Setup Risk Category and Risk Element Screen","0","3.0","Accepted","AXP 25.1.5 IP","KT session for 25.1","KT session for 25.1","Satvik Jain","E_SLPM_ST16_CRR Rule Execution","03/17/2025 03:49 AM MST","03/31/2025 02:30 AM MST","","","False","","#21a2e0","","Satvik Jain","","","","","","0 Submitted, 0 Open, 0 Fixed, 0 Closed, 0 Blocked","0","0","0","0","","","","False","","Accepted","False","","03/31/2025 02:27 AM MST","","","","","03/31/2025 02:30 AM MST","","","","Feature F739019: CRR - Setup Risk Category and Risk Element Screen","False","AXP PI 25.1","","","","2.0","0 Defined, 0 In-Progress, 1 Completed, 0 Blocked","0 None Run, 0 Blocked, 0 Error, 0 Fail, 0 Inconclusive, 0 Pass","0.0","0",""
"US5627090","Refinement for PI 25.2 - Spark","","Feature F739019: CRR - Setup Risk Category and Risk Element Screen","0","3.0","Accepted","AXP 25.1.5 IP","Refinement for PI 25.2","Refinement for PI 25.2","Satvik Jain","E_SLPM_ST16_CRR Rule Execution","03/17/2025 03:40 AM MST","03/31/2025 02:30 AM MST","","","False","","#21a2e0","","Satvik Jain","","","","","","0 Submitted, 0 Open, 0 Fixed, 0 Closed, 0 Blocked","0","0","0","0","","","","False","","Accepted","False","","03/31/2025 02:28 AM MST","","","","","03/31/2025 02:30 AM MST","","","","Feature F739019: CRR - Setup Risk Category and Risk Element Screen","False","AXP PI 25.1","","","","2.0","0 Defined, 0 In-Progress, 1 Completed, 0 Blocked","0 None Run, 0 Blocked, 0 Error, 0 Fail, 0 Inconclusive, 0 Pass","0.0","0",""
"US5897365","Sample data for all CRR left products","Variables for which the sample values are required against these products to be added - Added in attachments ","Feature F736658: CRR - Consumer & SBS Card Variables - Calculate CRR with New DAM ODL (POC)","0","5.0","Accepted","AXP 25.3.13","Sample Values to be provided for all the below Products and the variables are updated in the data requirement sheet attached.  Priority could be given to following products that DAM is planning to pick for build in 25.4.Corporate (Entities) SBS (Entities)CCABCAPrepaid (Serve/BOL) ","Sample Values to be provided for all the below Products. Priority could be given to following products that DAM is planning to pick for build in 25.4Corporate (Entities) SBS (Entities)CCABCAPrepaid (Serve/BOL)","Tahcin Ahmed","E_SLPM_ST16_CRR Rule Execution","06/24/2025 05:03 AM MST","07/21/2025 09:40 PM MST","","","False","","#21a2e0","","Tahcin Ahmed","","","","CRR","","0 Submitted, 0 Open, 0 Fixed, 0 Closed, 0 Blocked","0","0","0","0","","","","False","","Accepted","False","","07/09/2025 02:53 AM MST","","","","","10/16/2025 10:01 AM MST","","","","Feature F736658: CRR - Consumer & SBS Card Variables - Calculate CRR with New DAM ODL (POC)","False","AXP PI 25.3","","","","58.0","0 Defined, 0 In-Progress, 6 Completed, 0 Blocked","0 None Run, 0 Blocked, 0 Error, 0 Fail, 0 Inconclusive, 0 Pass","0.0","0",""
"US5946912","Sample data for all CRR left products","","Feature F736658: CRR - Consumer & SBS Card Variables - Calculate CRR with New DAM ODL (POC)","0","5.0","Accepted","AXP 25.3.15 IP","Sample Values to be provided for all the below Products and the variables are updated in the data requirement sheet attached. Global Pay ForexFXIPCurie Supplier Payments P2PBIP Supplier paymentsODXSellersGNS PartnersATM PartnersTerm loansPayback Business PartnersICC Business PartnersDeposit Broker or SweepForeign Correspondent accounts ","Sample Values to be provided for all the below Products. Global Pay ForexFXIPCurie Supplier Payments P2PBIP Supplier paymentsODXSellersGNS PartnersATM PartnersTerm loansPayback Business PartnersICC Business PartnersDeposit Broker or SweepForeign Correspondent accounts","Tahcin Ahmed","E_SLPM_ST16_CRR Rule Execution","07/21/2025 09:22 AM MST","08/18/2025 08:03 AM MST","","","False","","#21a2e0","","Tahcin Ahmed","","","","CRR","","0 Submitted, 0 Open, 0 Fixed, 0 Closed, 0 Blocked","0","0","0","0","","","","False","","Accepted","False","","08/05/2025 10:45 PM MST","","","","","10/16/2025 10:01 AM MST","","","","Feature F736658: CRR - Consumer & SBS Card Variables - Calculate CRR with New DAM ODL (POC)","False","AXP PI 25.3","","","","6.0","0 Defined, 0 In-Progress, 1 Completed, 0 Blocked","0 None Run, 0 Blocked, 0 Error, 0 Fail, 0 Inconclusive, 0 Pass","0.0","0",""
"US6094725","Sample data for all Hierarchy variables in DAM","","Feature F766576: CRR - Consumer & SBS Card Variables - Consume, Validate data in E1/E2 (Build & Test)","0","3.0","Accepted","AXP 25.4.18","Sample Values to be provided for all the variables mentioned in the attachment.The attached document comprises the list of all the hierarchy variables that have been discussed till date with DMO and also the 4 variables which needs more discussion as mentioned in the notes below. Center Code datapoint is not on the list as it will be built in CRR. Products -Consumer (Individual)SBS (Individual)Corporate (Individual)Merchant ","Sample Values to be provided for all the variables mentioned in the attachment.","Tahcin Ahmed","E_SLPM_ST16_CRR Rule Execution","09/15/2025 09:10 AM MST","09/29/2025 10:35 PM MST","","","False","","#21a2e0","","Tahcin Ahmed","","","","CRR","","0 Submitted, 0 Open, 0 Fixed, 0 Closed, 0 Blocked","0","0","0","0","","","","False","","Accepted","False","","09/19/2025 05:50 AM MST","","","","","10/16/2025 10:01 AM MST","","","","Feature F766576: CRR - Consumer & SBS Card Variables - Consume, Validate data in E1/E2 (Build & Test)","False","AXP PI 25.4","","","","20.0","0 Defined, 0 In-Progress, 1 Completed, 0 Blocked","0 None Run, 0 Blocked, 0 Error, 0 Fail, 0 Inconclusive, 0 Pass","0.0","0",""
"US5484014","Discovery Github Actions - Deployment Pipeline","","Feature F714613: CRR - Infrastructure Procurement","0","5.0","Accepted","AXP 25.1.4","As a developer, I want to conduct a discovery of GitHub Actions for the deployment pipeline so that automated CI/CD pipelines can be established. ","Given deployment processes need to be automated,When the discovery phase for GitHub Actions is complete,Then the findings should define the deployment pipeline architecture.","Satvik Jain","E_SLPM_ST16_CRR Rule Execution","01/15/2025 01:58 AM MST","03/17/2025 03:38 AM MST","","","False","","#21a2e0","","Satvik Jain","","","","","","0 Submitted, 0 Open, 0 Fixed, 0 Closed, 0 Blocked","0","0","0","0","","","","False","","Accepted","False","","03/09/2025 09:26 PM MST","","","","","03/17/2025 03:38 AM MST","","","","Feature F714613: CRR - Infrastructure Procurement","False","AXP PI 25.1","","","","60.0","0 Defined, 0 In-Progress, 4 Completed, 0 Blocked","0 None Run, 0 Blocked, 0 Error, 0 Fail, 0 Inconclusive, 0 Pass","0.0","0",""
"US5985091","Reference Data Preparation","","Feature F716837: CRR - Asset manager: User Friendly List Updates in E1","0","5.0","Accepted","AXP 25.4.16","AS A Compliance Analyst/Manager I WANT to have the reference data for asset manager readily available in the databaseSO THAT I can create new assets/use Existing assets/delete assets/update any asset. Master list table is needed  ","GIVEN that the reference data should be readily available in BackendWHEN asset manager related reference data is receivedTHEN all appropriate tables are created in Cloud SQL","Suprana Sengupta","E_SLPM_ST16_CRR Rule Execution","08/05/2025 12:41 AM MST","08/29/2025 02:01 AM MST","","","False","","#21a2e0","","Satvik Jain","","","","CRR","","0 Submitted, 0 Open, 0 Fixed, 0 Closed, 0 Blocked","0","0","0","0","","","","False","","Accepted","False","","08/19/2025 10:55 PM MST","","","","","10/16/2025 10:01 AM MST","","","","Feature F716837: CRR - Asset manager: User Friendly List Updates in E1","False","AXP PI 25.4","","","","24.0","0 Defined, 0 In-Progress, 1 Completed, 0 Blocked","0 None Run, 0 Blocked, 0 Error, 0 Fail, 0 Inconclusive, 0 Pass","0.0","0",""
"US5995050","Converting POD data to POA format for Customer and Accounts Data using DAM ODL structure","","Feature F716861: CRR - Calculate CRR in Sandbox & Simulation in E1","0","3.0","Accepted","AXP 25.4.17","AS A Compliance Analyst/ManagerI WANT TO Convert POD data to POA format for Customer and Accounts Data using DAM ODL structureSO THAT the Data essential for risk scoring is present in POA  ","Converting POD data to POA format for Customer and Accounts Data using DAM ODL structure","Satvik Jain","E_SLPM_ST16_CRR Rule Execution","08/06/2025 10:28 AM MST","09/09/2025 12:41 AM MST","","","False","","#21a2e0","","Satvik Jain","","","","CRR","","0 Submitted, 0 Open, 0 Fixed, 0 Closed, 0 Blocked","0","0","0","0","","","","False","","Accepted","False","","09/01/2025 10:44 PM MST","","","","","10/16/2025 10:01 AM MST","","","","Feature F716861: CRR - Calculate CRR in Sandbox & Simulation in E1","False","AXP PI 25.4","","","","30.0","0 Defined, 0 In-Progress, 1 Completed, 0 Blocked","0 None Run, 0 Blocked, 0 Error, 0 Fail, 0 Inconclusive, 0 Pass","0.0","0",""
"US5995038","Converting POD data to POA format for Risk Assessment using Cloud SQL DB Schema","","Feature F716861: CRR - Calculate CRR in Sandbox & Simulation in E1","0","3.0","Accepted","AXP 25.4.16","AS A Compliance Analyst/ManagerI WANT TO Convert POD data to POA format for Risk Assessment using Cloud SQL DB SchemaSO THAT the Data essential for risk scoring is present in POA  ","Converting POD data to POA format for Risk Assessment using Cloud SQL DB Schema","Satvik Jain","E_SLPM_ST16_CRR Rule Execution","08/06/2025 10:26 AM MST","08/27/2025 10:06 PM MST","","","False","","#21a2e0","","Satvik Jain","","","","CRR","","0 Submitted, 0 Open, 0 Fixed, 0 Closed, 0 Blocked","0","0","0","0","","","","False","","Accepted","False","","08/19/2025 10:03 PM MST","","","","","10/16/2025 10:01 AM MST","","","","Feature F716861: CRR - Calculate CRR in Sandbox & Simulation in E1","False","AXP PI 25.4","","","","30.0","0 Defined, 0 In-Progress, 1 Completed, 0 Blocked","0 None Run, 0 Blocked, 0 Error, 0 Fail, 0 Inconclusive, 0 Pass","0.0","0",""
"US5904569","Deployment of Sandbox in E2","","Feature F716861: CRR - Calculate CRR in Sandbox & Simulation in E1","0","5.0","Accepted","AXP 25.4.20 IP","AS A Compliance Analyst/ManagerI WANT TO Deploy and test the Sandbox in E2 with Mock DataSO THAT the first Sandbox can be run successfully in the POA  ","GIVEN that the user wants to validate the CRR scores in Lift and Shift phase 1WHEN the simulation and CRR are run in E2 with Mock DataTHEN we are able to get a report of the CRR and Sandbox results in a downloadable formatTHEN they are able to monitor and assess the Risk scoring time for CRR and Various Sandboxes","Satvik Jain","E_SLPM_ST16_CRR Rule Execution","06/26/2025 08:33 AM MST","10/27/2025 03:45 AM MST","","","False","","#21a2e0","","Satvik Jain","","","","CRR","","0 Submitted, 0 Open, 0 Fixed, 0 Closed, 0 Blocked","0","0","0","0","","","","False","","Accepted","False","","10/14/2025 01:44 AM MST","","","","","10/27/2025 03:45 AM MST","","","","Feature F716861: CRR - Calculate CRR in Sandbox & Simulation in E1","False","AXP PI 25.4","","","","72.0","0 Defined, 0 In-Progress, 7 Completed, 0 Blocked","0 None Run, 0 Blocked, 0 Error, 0 Fail, 0 Inconclusive, 0 Pass","0.0","0",""
"US5992312","Integration of Rule Scoring with Asset Manager","","Feature F716861: CRR - Calculate CRR in Sandbox & Simulation in E1","0","3.0","Accepted","AXP 25.4.17","AS A Compliance Analyst/ManagerI WANT TO Use the Asset Manager Lists during Rule ScoringSO THAT Risk calculation can be done accurately","GIVEN that the user wants to use Asset Manager during Rule ScoringWHEN user uses an Asset in a ruleTHEN they should be able use the Values inside the rule for Rule execution  ","Suprana Sengupta","E_SLPM_ST16_CRR Rule Execution","08/06/2025 01:01 AM MST","09/15/2025 09:06 AM MST","","","False","","#21a2e0","","Satvik Jain","","","","CRR","","0 Submitted, 0 Open, 0 Fixed, 0 Closed, 0 Blocked","0","0","0","1","","","","False","","Accepted","False","","09/09/2025 03:07 PM MST","","","Asset manager logic integration for rule scoring","09/15/2025 08:51 AM MST","10/16/2025 10:01 AM MST","","","","Feature F716861: CRR - Calculate CRR in Sandbox & Simulation in E1","False","AXP PI 25.4","","","","24.0","0 Defined, 0 In-Progress, 3 Completed, 0 Blocked","0 None Run, 0 Blocked, 0 Error, 0 Fail, 0 Inconclusive, 1 Pass","0.0","1",""
"US5901766","Analysis & Design of Rule Scoring with Fundamental Assessment","","Feature F716861: CRR - Calculate CRR in Sandbox & Simulation in E1","0","2.0","Accepted","AXP 25.4.18","AS A Compliance Analyst/ManagerI WANT TO Use the Fundamental Assessment during Rule ScoringSO THAT Risk calculation can be done accurately for all types (Industry, Product, Structure, Geography, Acquisition Channel, Occupation)","GIVEN that the user wants to use Fundamental Assessment during Rule ScoringWHEN user selects multiplier type as Fundamental Assessment and selects an appropriate Fundamental assessmentTHEN they should be able use the Values of Multipliers from the specified Fundamental assessment correctly during Rule scoring GIVEN that the user wants to Incorporate FA Overrides set from UIWHEN risk scoring is done and an Override existsTHEN risk scoring should be completed based on the Overridden FA scores/multipliers ","Suprana Sengupta","E_SLPM_ST16_CRR Rule Execution","06/25/2025 06:14 AM MST","09/29/2025 10:35 PM MST","","","False","","#21a2e0","","Suprana Sengupta","","","","CRR","","0 Submitted, 0 Open, 0 Fixed, 0 Closed, 0 Blocked","0","0","0","0","","","","False","","Accepted","False","","09/17/2025 09:30 PM MST","","","","","10/16/2025 10:01 AM MST","","","","Feature F716861: CRR - Calculate CRR in Sandbox & Simulation in E1","False","AXP PI 25.4","","","","24.0","0 Defined, 0 In-Progress, 2 Completed, 0 Blocked","0 None Run, 0 Blocked, 0 Error, 0 Fail, 0 Inconclusive, 0 Pass","0.0","0",""
"US5992311","Integration of Rule Scoring with Fundamental Assessment","","Feature F716861: CRR - Calculate CRR in Sandbox & Simulation in E1","0","3.0","Accepted","AXP 25.4.18","AS A Compliance Analyst/ManagerI WANT TO Use the Fundamental Assessment during Rule ScoringSO THAT Risk calculation can be done accurately for all types (Industry, Product, Structure, Geography, Acquisition Channel, Occupation)","GIVEN that the user wants to use Fundamental Assessment during Rule ScoringWHEN user selects multiplier type as Fundamental Assessment and selects an appropriate Fundamental assessmentTHEN they should be able use the Values of Multipliers from the specified Fundamental assessment correctly during Rule scoring GIVEN that the user wants to Incorporate FA Overrides set from UIWHEN risk scoring is done and an Override existsTHEN risk scoring should be completed based on the Overridden FA scores/multipliers ","Suprana Sengupta","E_SLPM_ST16_CRR Rule Execution","08/06/2025 01:01 AM MST","09/29/2025 10:35 PM MST","","","False","","#21a2e0","","Satvik Jain","","","","CRR","","0 Submitted, 0 Open, 0 Fixed, 0 Closed, 0 Blocked","0","0","0","0","","","","False","","Accepted","False","","09/22/2025 09:45 PM MST","","","","","10/16/2025 10:01 AM MST","","","","Feature F716861: CRR - Calculate CRR in Sandbox & Simulation in E1","False","AXP PI 25.4","","","","36.0","0 Defined, 0 In-Progress, 3 Completed, 0 Blocked","0 None Run, 0 Blocked, 0 Error, 0 Fail, 0 Inconclusive, 0 Pass","0.0","0",""
"US5903961","Analysis & Design of Rule Scoring with Asset Manager","","Feature F716861: CRR - Calculate CRR in Sandbox & Simulation in E1","0","1.0","Accepted","AXP 25.4.17","AS A Compliance Analyst/ManagerI WANT TO Use the already created Assets during Rule ScoringSO THAT Risk calculation can be done easily and seamlessly","GIVEN that the user wants to use Centralized lists in CRR FrameworkWHEN they go have configured a rule using a SubList in the UITHEN they are able to complete the rule scoring from the UI configured Sublist correctly ","Suprana Sengupta","E_SLPM_ST16_CRR Rule Execution","06/26/2025 04:54 AM MST","09/15/2025 09:05 AM MST","","","False","","#21a2e0","","Suprana Sengupta","","","","CRR","","0 Submitted, 0 Open, 0 Fixed, 0 Closed, 0 Blocked","0","0","0","0","","","","False","","Accepted","False","","09/09/2025 03:07 PM MST","","","","","10/16/2025 10:01 AM MST","","","","Feature F716861: CRR - Calculate CRR in Sandbox & Simulation in E1","False","AXP PI 25.4","","","","12.0","0 Defined, 0 In-Progress, 1 Completed, 0 Blocked","0 None Run, 0 Blocked, 0 Error, 0 Fail, 0 Inconclusive, 0 Pass","0.0","0",""
"US6027185","Expected vs Actual Result Comparison Script for CRR Rule Engine","","Feature F787106: 25.4: GCIP Test Automation","0","3.0","Accepted","AXP 25.4.18","AS A Compliance Analyst/ManagerI WANT TO build Expected vs Actual Result Comparison Script for CRR Rule EngineSO THAT we can compare the results  ","Expected vs Actual Result Comparison Script for CRR Rule Engine","Satvik Jain","E_SLPM_ST16_CRR Rule Execution","08/13/2025 10:17 PM MST","09/29/2025 10:02 AM MST","","","False","","#21a2e0","","Satvik Jain","","","","CRR","Platform","0 Submitted, 0 Open, 0 Fixed, 0 Closed, 0 Blocked","0","0","0","0","","","","False","","Accepted","False","","09/19/2025 05:50 AM MST","","","","","10/16/2025 10:01 AM MST","","","","Feature F787106: 25.4: GCIP Test Automation","False","AXP PI 25.4","","","","40.0","0 Defined, 0 In-Progress, 2 Completed, 0 Blocked","0 None Run, 0 Blocked, 0 Error, 0 Fail, 0 Inconclusive, 0 Pass","0.0","0",""
"US5995026","Build for Sandbox Cancellation functionality","","Feature F716861: CRR - Calculate CRR in Sandbox & Simulation in E1","0","3.0","Accepted","AXP 25.4.17","AS A Compliance Analyst/ManagerI WANT TO complete the Build for Sandbox cancellation functionalitySO THAT the sandbox cancellation take place correctly.  ","Build for Sandbox Cancellation functionality","Satvik Jain","E_SLPM_ST16_CRR Rule Execution","08/06/2025 10:25 AM MST","09/15/2025 07:29 AM MST","","","False","","#21a2e0","","Satvik Jain","","","","CRR","","0 Submitted, 0 Open, 0 Fixed, 0 Closed, 0 Blocked","0","0","0","1","","","","False","","Accepted","False","","09/01/2025 10:44 PM MST","","","Sandbox Cancellation Functionality","09/14/2025 03:53 PM MST","10/16/2025 10:01 AM MST","","","","Feature F716861: CRR - Calculate CRR in Sandbox & Simulation in E1","False","AXP PI 25.4","","","","30.0","0 Defined, 0 In-Progress, 4 Completed, 0 Blocked","0 None Run, 0 Blocked, 0 Error, 0 Fail, 0 Inconclusive, 1 Pass","0.0","1",""
"US5994998","Build for publishing Sandbox Completion and Acknowledgement event","","Feature F716861: CRR - Calculate CRR in Sandbox & Simulation in E1","0","3.0","Accepted","AXP 25.4.16","AS A Compliance Analyst/ManagerI WANT TO complete the Build for Sandbox completion eventSO THAT the sandbox completion information can be communicated on time.  ","Build for publishing Sandbox Completion event","Satvik Jain","E_SLPM_ST16_CRR Rule Execution","08/06/2025 10:21 AM MST","09/01/2025 07:28 AM MST","","","False","","#21a2e0","","Satvik Jain","","","","CRR","","0 Submitted, 0 Open, 0 Fixed, 0 Closed, 0 Blocked","0","0","0","1","","","","False","","Accepted","False","","08/19/2025 10:03 PM MST","","","Sandbox Acknowledge and Completion Events","08/31/2025 08:48 PM MST","10/16/2025 10:01 AM MST","","","","Feature F716861: CRR - Calculate CRR in Sandbox & Simulation in E1","False","AXP PI 25.4","","","","30.0","0 Defined, 0 In-Progress, 3 Completed, 0 Blocked","0 None Run, 0 Blocked, 0 Error, 0 Fail, 0 Inconclusive, 1 Pass","0.0","1",""
"US6027255","Discovery & POC : DVT for Data Test Automation Framework","","Feature F787106: 25.4: GCIP Test Automation","0","3.0","Accepted","AXP 25.4.17","AS A Compliance Analyst/ManagerI WANT TO complete the Discovery & POC : DVT for Data Test Automation FrameworkSO THAT testing can be done with accurate benchmarks ","Discovery & POC : DVT for Data Test Automation Framework ","Satvik Jain","E_SLPM_ST16_CRR Rule Execution","08/13/2025 10:31 PM MST","09/15/2025 07:29 AM MST","","","False","","#21a2e0","","Satvik Jain","","","","CRR","Platform","0 Submitted, 0 Open, 0 Fixed, 0 Closed, 0 Blocked","0","0","0","0","","","","False","","Accepted","False","","09/04/2025 01:35 AM MST","","","","","10/16/2025 10:01 AM MST","","","","Feature F787106: 25.4: GCIP Test Automation","False","AXP PI 25.4","","","","48.0","0 Defined, 0 In-Progress, 3 Completed, 0 Blocked","0 None Run, 0 Blocked, 0 Error, 0 Fail, 0 Inconclusive, 0 Pass","0.0","0",""
"US6027186","E2E Testing using GHA workflow for CRR data automation framework","","Feature F787106: 25.4: GCIP Test Automation","0","5.0","Accepted","AXP 25.4.20 IP","AS A Compliance Analyst/ManagerI WANT TO complete the E2E Testing using GHA workflow for CRR data automation frameworkSO THAT testing can be done with accurate benchmarks ","E2E Testing using GHA workflow for CRR data automation framework","Satvik Jain","E_SLPM_ST16_CRR Rule Execution","08/13/2025 10:19 PM MST","10/27/2025 10:40 PM MST","","","False","","#21a2e0","","Satvik Jain","","","","CRR","Platform","0 Submitted, 0 Open, 0 Fixed, 0 Closed, 0 Blocked","0","0","0","0","","","","False","","Accepted","False","","10/12/2025 09:34 PM MST","","","","","10/27/2025 10:40 PM MST","","","","Feature F787106: 25.4: GCIP Test Automation","False","AXP PI 25.4","","","","42.0","0 Defined, 0 In-Progress, 4 Completed, 0 Blocked","0 None Run, 0 Blocked, 0 Error, 0 Fail, 0 Inconclusive, 0 Pass","0.0","0",""
"US6027182","Golden Test Data preparation based on PoD data","","Feature F787106: 25.4: GCIP Test Automation","0","3.0","Accepted","AXP 25.4.19","AS A Compliance Analyst/ManagerI WANT TO complete the Golden Test Data preparation based on PoD dataSO THAT testing can be done with accurate benchmarks ","Golden Test Data preparation based on PoD data","Satvik Jain","E_SLPM_ST16_CRR Rule Execution","08/13/2025 10:15 PM MST","10/13/2025 10:13 PM MST","","","False","","#21a2e0","","Satvik Jain","","","","CRR","Platform","0 Submitted, 0 Open, 0 Fixed, 0 Closed, 0 Blocked","0","0","0","0","","","","False","","Accepted","False","","10/08/2025 09:40 PM MST","","","","","10/16/2025 10:01 AM MST","","","","Feature F787106: 25.4: GCIP Test Automation","False","AXP PI 25.4","","","","24.0","0 Defined, 0 In-Progress, 2 Completed, 0 Blocked","0 None Run, 0 Blocked, 0 Error, 0 Fail, 0 Inconclusive, 0 Pass","0.0","0",""
"US5995098","Enhancement & Unit Testing for Sandbox Cancellation functionality","","Feature F716861: CRR - Calculate CRR in Sandbox & Simulation in E1","0","3.0","Accepted","AXP 25.4.18","AS A Compliance Analyst/ManagerI WANT TO complete the Testing for Sandbox Cancellation functionalitySO THAT the testing for sandbox cancellation is completed  ","Testing for Sandbox Cancellation functionality","Satvik Jain","E_SLPM_ST16_CRR Rule Execution","08/06/2025 10:37 AM MST","09/29/2025 10:02 AM MST","","","False","","#21a2e0","","Satvik Jain","","","","CRR","","0 Submitted, 0 Open, 0 Fixed, 0 Closed, 0 Blocked","0","0","0","1","","","","False","","Accepted","False","","09/16/2025 09:46 PM MST","","","Enhancements of Cancellation Functionality","09/24/2025 10:28 PM MST","10/16/2025 10:01 AM MST","","","","Feature F716861: CRR - Calculate CRR in Sandbox & Simulation in E1","False","AXP PI 25.4","","","","24.0","0 Defined, 0 In-Progress, 3 Completed, 0 Blocked","0 None Run, 0 Blocked, 0 Error, 0 Fail, 0 Inconclusive, 1 Pass","0.0","1",""
"US5995067","Build : Multiple Sandbox Parallel Execution Run","","Feature F716861: CRR - Calculate CRR in Sandbox & Simulation in E1","0","3.0","Accepted","AXP 25.4.18","AS A Compliance Analyst/ManagerI WANT TO complete the build for Multiple Sandbox Parallel Execution RunSO THAT the feasibility for running multiple parallel sandboxes is tested  ","Build Complete for Multiple Sandbox Parallel Execution Run","Satvik Jain","E_SLPM_ST16_CRR Rule Execution","08/06/2025 10:32 AM MST","09/29/2025 10:02 AM MST","","","False","","#21a2e0","","Satvik Jain","","","","CRR","","0 Submitted, 0 Open, 0 Fixed, 0 Closed, 0 Blocked","0","0","0","1","","","","False","","Accepted","False","","09/21/2025 11:40 PM MST","","","Multiple Parallel Sandbox Execution","09/24/2025 10:26 PM MST","10/16/2025 10:01 AM MST","","","","Feature F716861: CRR - Calculate CRR in Sandbox & Simulation in E1","False","AXP PI 25.4","","","","24.0","0 Defined, 0 In-Progress, 3 Completed, 0 Blocked","0 None Run, 0 Blocked, 0 Error, 0 Fail, 0 Inconclusive, 1 Pass","0.0","1",""
"US5994975","E2E Sandbox Integration","","Feature F716861: CRR - Calculate CRR in Sandbox & Simulation in E1","0","5.0","Accepted","AXP 25.4.19","AS A Compliance Analyst/ManagerI WANT TO end to end Integration of the Sandbox in E1 with Mock DataSO THAT the first Sandbox can be run successfully in the POA  ","E2E Sandbox Integration","Satvik Jain","E_SLPM_ST16_CRR Rule Execution","08/06/2025 10:19 AM MST","10/13/2025 10:13 PM MST","","","False","","#21a2e0","","Satvik Jain","","","","CRR","","0 Submitted, 0 Open, 0 Fixed, 0 Closed, 0 Blocked","0","0","0","1","","","","False","","Accepted","False","","09/29/2025 09:43 PM MST","","","E2E Sandbox Integration","10/13/2025 12:31 AM MST","10/16/2025 10:01 AM MST","","","","Feature F716861: CRR - Calculate CRR in Sandbox & Simulation in E1","False","AXP PI 25.4","","","","48.0","0 Defined, 0 In-Progress, 3 Completed, 0 Blocked","0 None Run, 0 Blocked, 0 Error, 0 Fail, 0 Inconclusive, 1 Pass","0.0","1",""
"US5970563","Data Extraction Logic for Account Add Char","","Feature F762606: CRR - Sync Back data from POD to POA Cadence (Build, Test & Deploy) E2","0","3.0","Accepted","AXP 25.4.17","Data Extraction Logic for Account Add Char","Data Extraction Logic for Account Add Char","Satvik Jain","E_SLPM_ST16_CRR Rule Execution","07/30/2025 11:25 PM MST","09/15/2025 07:29 AM MST","","","False","","#21a2e0","","Satvik Jain","","","","CRR","","0 Submitted, 0 Open, 0 Fixed, 0 Closed, 0 Blocked","0","0","0","0","","","","False","","Accepted","False","","09/01/2025 09:38 PM MST","","","","","10/16/2025 10:01 AM MST","","","","Feature F762606: CRR - Sync Back data from POD to POA Cadence (Build, Test & Deploy) E2","False","AXP PI 25.4","","","","21.0","0 Defined, 0 In-Progress, 2 Completed, 0 Blocked","0 None Run, 0 Blocked, 0 Error, 0 Fail, 0 Inconclusive, 0 Pass","0.0","0",""
"US5970549","Data Extraction Logic for HRO/ARF","","Feature F762606: CRR - Sync Back data from POD to POA Cadence (Build, Test & Deploy) E2","0","5.0","Accepted","AXP 25.4.16","Data Extraction Logic for HRO/ARF","Data Extraction Logic for HRO/ARF","Satvik Jain","E_SLPM_ST16_CRR Rule Execution","07/30/2025 11:19 PM MST","09/01/2025 07:33 AM MST","","","False","","#21a2e0","","Satvik Jain","","","","CRR","","0 Submitted, 0 Open, 0 Fixed, 0 Closed, 0 Blocked","0","0","0","0","","","","False","","Accepted","False","","08/18/2025 09:37 PM MST","","","","","10/16/2025 10:01 AM MST","","","","Feature F762606: CRR - Sync Back data from POD to POA Cadence (Build, Test & Deploy) E2","False","AXP PI 25.4","","","","41.0","0 Defined, 0 In-Progress, 3 Completed, 0 Blocked","0 None Run, 0 Blocked, 0 Error, 0 Fail, 0 Inconclusive, 0 Pass","0.0","0",""
"US5970553","Data Extraction Logic for Party Add Char","","Feature F762606: CRR - Sync Back data from POD to POA Cadence (Build, Test & Deploy) E2","0","3.0","Accepted","AXP 25.4.17","Data Extraction Logic for Party Add Char","Data Extraction Logic for Party Add Char","Satvik Jain","E_SLPM_ST16_CRR Rule Execution","07/30/2025 11:19 PM MST","09/15/2025 07:29 AM MST","","","False","","#21a2e0","","Satvik Jain","","","","CRR","","0 Submitted, 0 Open, 0 Fixed, 0 Closed, 0 Blocked","0","0","0","0","","","","False","","Accepted","False","","09/01/2025 09:38 PM MST","","","","","10/16/2025 10:01 AM MST","","","","Feature F762606: CRR - Sync Back data from POD to POA Cadence (Build, Test & Deploy) E2","False","AXP PI 25.4","","","","21.0","0 Defined, 0 In-Progress, 2 Completed, 0 Blocked","0 None Run, 0 Blocked, 0 Error, 0 Fail, 0 Inconclusive, 0 Pass","0.0","0",""
"US5970565","E2 Migration for Account Add Char","","Feature F762606: CRR - Sync Back data from POD to POA Cadence (Build, Test & Deploy) E2","0","3.0","Accepted","AXP 25.4.19","E2 Migration for Account Add Char","E2 Migration for Account Add Char","Satvik Jain","E_SLPM_ST16_CRR Rule Execution","07/30/2025 11:25 PM MST","10/13/2025 10:12 PM MST","","","False","","#21a2e0","","Satvik Jain","","","","CRR","","0 Submitted, 0 Open, 0 Fixed, 0 Closed, 0 Blocked","0","0","0","0","","","","False","","Accepted","False","","09/30/2025 11:29 PM MST","","","","","10/16/2025 10:01 AM MST","","","","Feature F762606: CRR - Sync Back data from POD to POA Cadence (Build, Test & Deploy) E2","False","AXP PI 25.4","","","","22.0","0 Defined, 0 In-Progress, 3 Completed, 0 Blocked","0 None Run, 0 Blocked, 0 Error, 0 Fail, 0 Inconclusive, 0 Pass","0.0","0",""
"US5970554","E2 Migration for HRO/ARF","","Feature F762606: CRR - Sync Back data from POD to POA Cadence (Build, Test & Deploy) E2","0","2.0","Accepted","AXP 25.4.18","E2 Migration for HRO/ARF","E2 Migration for HRO/ARF","Satvik Jain","E_SLPM_ST16_CRR Rule Execution","07/30/2025 11:20 PM MST","09/29/2025 10:02 AM MST","","","False","","#21a2e0","","Satvik Jain","","","","CRR","","0 Submitted, 0 Open, 0 Fixed, 0 Closed, 0 Blocked","0","0","0","0","","","","False","","Accepted","False","","09/23/2025 08:16 PM MST","","","","","10/16/2025 10:01 AM MST","","","","Feature F762606: CRR - Sync Back data from POD to POA Cadence (Build, Test & Deploy) E2","False","AXP PI 25.4","","","","25.0","0 Defined, 0 In-Progress, 3 Completed, 0 Blocked","0 None Run, 0 Blocked, 0 Error, 0 Fail, 0 Inconclusive, 0 Pass","0.0","0",""
"US5997834","E2E SIT Testing for Sandbox","","Feature F716861: CRR - Calculate CRR in Sandbox & Simulation in E1","0","5.0","Accepted","AXP 25.4.20 IP","E2E SIT Testing for Sandbox","E2E SIT Testing for Sandbox","Satvik Jain","E_SLPM_ST16_CRR Rule Execution","08/07/2025 01:10 AM MST","10/27/2025 03:45 AM MST","","","False","","#21a2e0","","Satvik Jain","","","","CRR","","0 Submitted, 0 Open, 0 Fixed, 0 Closed, 0 Blocked","0","0","0","5","","","","False","","Accepted","False","","10/23/2025 04:13 AM MST","","","E1","10/24/2025 10:06 AM MST","10/27/2025 03:45 AM MST","","","","Feature F716861: CRR - Calculate CRR in Sandbox & Simulation in E1","False","AXP PI 25.4","","","","3.0","0 Defined, 0 In-Progress, 1 Completed, 0 Blocked","0 None Run, 0 Blocked, 0 Error, 0 Fail, 0 Inconclusive, 5 Pass","0.0","5",""
"US5970562","Lumi Pipeline creation for Account Add Char","","Feature F762606: CRR - Sync Back data from POD to POA Cadence (Build, Test & Deploy) E2","0","1.0","Accepted","AXP 25.4.18","Lumi Pipeline creation for Account Add Char","Lumi Pipeline creation for Account Add Char","Satvik Jain","E_SLPM_ST16_CRR Rule Execution","07/30/2025 11:25 PM MST","09/29/2025 10:02 AM MST","","","False","","#21a2e0","","Satvik Jain","","","","CRR","","0 Submitted, 0 Open, 0 Fixed, 0 Closed, 0 Blocked","0","0","0","0","","","","False","","Accepted","False","","09/15/2025 09:10 PM MST","","","","","10/16/2025 10:01 AM MST","","","","Feature F762606: CRR - Sync Back data from POD to POA Cadence (Build, Test & Deploy) E2","False","AXP PI 25.4","","","","8.0","0 Defined, 0 In-Progress, 1 Completed, 0 Blocked","0 None Run, 0 Blocked, 0 Error, 0 Fail, 0 Inconclusive, 0 Pass","0.0","0",""
"US5970548","Lumi Pipeline creation for HRO/ARF","Lumi Pipeline creation for HRO/ARF","Feature F762606: CRR - Sync Back data from POD to POA Cadence (Build, Test & Deploy) E2","0","1.0","Accepted","AXP 25.4.16","Lumi Pipeline creation for HRO/ARF","Lumi Pipeline creation for HRO/ARF","Satvik Jain","E_SLPM_ST16_CRR Rule Execution","07/30/2025 11:18 PM MST","09/01/2025 07:32 AM MST","","","False","","#21a2e0","","Satvik Jain","","","","CRR","","0 Submitted, 0 Open, 0 Fixed, 0 Closed, 0 Blocked","0","0","0","0","","","","False","","Accepted","False","","08/18/2025 09:24 PM MST","","","","","10/16/2025 10:01 AM MST","","","","Feature F762606: CRR - Sync Back data from POD to POA Cadence (Build, Test & Deploy) E2","False","AXP PI 25.4","","","","9.0","0 Defined, 0 In-Progress, 2 Completed, 0 Blocked","0 None Run, 0 Blocked, 0 Error, 0 Fail, 0 Inconclusive, 0 Pass","0.0","0",""
"US5970552","Lumi Pipeline creation for Party Add Char","","Feature F762606: CRR - Sync Back data from POD to POA Cadence (Build, Test & Deploy) E2","0","1.0","Accepted","AXP 25.4.17","Lumi Pipeline creation for Party Add Char","Lumi Pipeline creation for Party Add Char","Satvik Jain","E_SLPM_ST16_CRR Rule Execution","07/30/2025 11:19 PM MST","09/09/2025 12:41 AM MST","","","False","","#21a2e0","","Satvik Jain","","","","CRR","","0 Submitted, 0 Open, 0 Fixed, 0 Closed, 0 Blocked","0","0","0","0","","","","False","","Accepted","False","","09/08/2025 09:52 PM MST","","","","","10/16/2025 10:01 AM MST","","","","Feature F762606: CRR - Sync Back data from POD to POA Cadence (Build, Test & Deploy) E2","False","AXP PI 25.4","","","","6.0","0 Defined, 0 In-Progress, 1 Completed, 0 Blocked","0 None Run, 0 Blocked, 0 Error, 0 Fail, 0 Inconclusive, 0 Pass","0.0","0",""
"US5970561","Metadata Preparation of Account Add Char","","Feature F762606: CRR - Sync Back data from POD to POA Cadence (Build, Test & Deploy) E2","0","1.0","Accepted","AXP 25.4.18","Metadata Preparation of Account Add Char","Metadata Preparation of Account Add Char","Satvik Jain","E_SLPM_ST16_CRR Rule Execution","07/30/2025 11:24 PM MST","09/29/2025 10:02 AM MST","","","False","","#21a2e0","","Satvik Jain","","","","CRR","","0 Submitted, 0 Open, 0 Fixed, 0 Closed, 0 Blocked","0","0","0","0","","","","False","","Accepted","False","","09/15/2025 09:04 PM MST","","","","","10/16/2025 10:01 AM MST","","","","Feature F762606: CRR - Sync Back data from POD to POA Cadence (Build, Test & Deploy) E2","False","AXP PI 25.4","","","","8.0","0 Defined, 0 In-Progress, 1 Completed, 0 Blocked","0 None Run, 0 Blocked, 0 Error, 0 Fail, 0 Inconclusive, 0 Pass","0.0","0",""
"US5970547","Metadata Preparation of HRO/ARF","","Feature F762606: CRR - Sync Back data from POD to POA Cadence (Build, Test & Deploy) E2","0","1.0","Accepted","AXP 25.4.16","Metadata Preparation of HRO/ARF","Metadata Preparation of HRO/ARF","Satvik Jain","E_SLPM_ST16_CRR Rule Execution","07/30/2025 11:18 PM MST","08/27/2025 10:04 PM MST","","","False","","#21a2e0","","Satvik Jain","","","","CRR","","0 Submitted, 0 Open, 0 Fixed, 0 Closed, 0 Blocked","0","0","0","0","","","","False","","Accepted","False","","08/19/2025 10:55 PM MST","","","","","10/16/2025 10:01 AM MST","","","","Feature F762606: CRR - Sync Back data from POD to POA Cadence (Build, Test & Deploy) E2","False","AXP PI 25.4","","","","6.0","0 Defined, 0 In-Progress, 1 Completed, 0 Blocked","0 None Run, 0 Blocked, 0 Error, 0 Fail, 0 Inconclusive, 0 Pass","0.0","0",""
"US5970551","Metadata Preparation of Party Add Char","","Feature F762606: CRR - Sync Back data from POD to POA Cadence (Build, Test & Deploy) E2","0","1.0","Accepted","AXP 25.4.17","Metadata Preparation of Party Add Char","Metadata Preparation of Party Add Char","Satvik Jain","E_SLPM_ST16_CRR Rule Execution","07/30/2025 11:19 PM MST","09/09/2025 12:41 AM MST","","","False","","#21a2e0","","Satvik Jain","","","","CRR","","0 Submitted, 0 Open, 0 Fixed, 0 Closed, 0 Blocked","0","0","0","0","","","","False","","Accepted","False","","09/01/2025 09:38 PM MST","","","","","10/16/2025 10:01 AM MST","","","","Feature F762606: CRR - Sync Back data from POD to POA Cadence (Build, Test & Deploy) E2","False","AXP PI 25.4","","","","6.0","0 Defined, 0 In-Progress, 1 Completed, 0 Blocked","0 None Run, 0 Blocked, 0 Error, 0 Fail, 0 Inconclusive, 0 Pass","0.0","0",""
"US5997828","Test Case Execution for Sandbox Cancellation","","Feature F716861: CRR - Calculate CRR in Sandbox & Simulation in E1","0","2.0","Accepted","AXP 25.4.18","Test Case Execution for Sandbox Cancellation","Test Case Execution for Sandbox Cancellation","Satvik Jain","E_SLPM_ST16_CRR Rule Execution","08/07/2025 01:08 AM MST","09/29/2025 10:02 AM MST","","","False","","#21a2e0","","Satvik Jain","","","","CRR","","0 Submitted, 0 Open, 0 Fixed, 0 Closed, 0 Blocked","0","0","0","3","","","","False","","Accepted","False","","09/24/2025 09:26 PM MST","","","E1","09/30/2025 06:13 AM MST","10/16/2025 10:01 AM MST","","","","Feature F716861: CRR - Calculate CRR in Sandbox & Simulation in E1","False","AXP PI 25.4","","","","6.0","0 Defined, 0 In-Progress, 1 Completed, 0 Blocked","0 None Run, 0 Blocked, 0 Error, 0 Fail, 0 Inconclusive, 3 Pass","0.0","3",""
"US5997833","Test Case Execution for Sandbox Completion","","Feature F716861: CRR - Calculate CRR in Sandbox & Simulation in E1","0","2.0","Accepted","AXP 25.4.18","Test Case Execution for Sandbox Completion","Test Case Execution for Sandbox Completion","Satvik Jain","E_SLPM_ST16_CRR Rule Execution","08/07/2025 01:09 AM MST","09/29/2025 10:02 AM MST","","","False","","#21a2e0","","Satvik Jain","","","","CRR","","0 Submitted, 0 Open, 0 Fixed, 0 Closed, 0 Blocked","0","0","0","1","","","","False","","Accepted","False","","09/24/2025 09:26 PM MST","","","E1","09/30/2025 06:14 AM MST","10/16/2025 10:01 AM MST","","","","Feature F716861: CRR - Calculate CRR in Sandbox & Simulation in E1","False","AXP PI 25.4","","","","6.0","0 Defined, 0 In-Progress, 1 Completed, 0 Blocked","0 None Run, 0 Blocked, 0 Error, 0 Fail, 0 Inconclusive, 1 Pass","0.0","1",""
"US5997824","Test Case Execution for Sandbox Submission","","Feature F716861: CRR - Calculate CRR in Sandbox & Simulation in E1","0","2.0","Accepted","AXP 25.4.18","Test Case Execution for Sandbox Submission","Test Case Execution for Sandbox Submission","Satvik Jain","E_SLPM_ST16_CRR Rule Execution","08/07/2025 01:07 AM MST","09/29/2025 10:02 AM MST","","","False","","#21a2e0","","Satvik Jain","","","","CRR","","0 Submitted, 0 Open, 0 Fixed, 0 Closed, 0 Blocked","0","0","0","3","","","","False","","Accepted","False","","09/24/2025 09:26 PM MST","","","E1","09/30/2025 06:04 AM MST","10/16/2025 10:01 AM MST","","","","Feature F716861: CRR - Calculate CRR in Sandbox & Simulation in E1","False","AXP PI 25.4","","","","6.0","0 Defined, 0 In-Progress, 1 Completed, 0 Blocked","0 None Run, 0 Blocked, 0 Error, 0 Fail, 0 Inconclusive, 3 Pass","0.0","3",""
"US5997820","Test Case creation for Sandbox & Simulation","","Feature F716861: CRR - Calculate CRR in Sandbox & Simulation in E1","0","2.0","Accepted","AXP 25.4.17","Test Case creation","Test Case creation","Satvik Jain","E_SLPM_ST16_CRR Rule Execution","08/07/2025 01:05 AM MST","09/15/2025 07:29 AM MST","","","False","","#21a2e0","","Satvik Jain","","","","CRR","","0 Submitted, 0 Open, 0 Fixed, 0 Closed, 0 Blocked","0","0","0","0","","","","False","","Accepted","False","","09/12/2025 02:30 AM MST","","","","","10/16/2025 10:01 AM MST","","","","Feature F716861: CRR - Calculate CRR in Sandbox & Simulation in E1","False","AXP PI 25.4","","","","12.0","0 Defined, 0 In-Progress, 2 Completed, 0 Blocked","0 None Run, 0 Blocked, 0 Error, 0 Fail, 0 Inconclusive, 0 Pass","0.0","0",""
"US5970550","Testing for HRO/ARF in E1","","Feature F762606: CRR - Sync Back data from POD to POA Cadence (Build, Test & Deploy) E2","0","2.0","Accepted","AXP 25.4.16","Testing for HRO/ARF in E1","Testing for HRO/ARF in E1","Satvik Jain","E_SLPM_ST16_CRR Rule Execution","07/30/2025 11:19 PM MST","09/01/2025 07:33 AM MST","","","False","","#21a2e0","","Satvik Jain","","","","CRR","","0 Submitted, 0 Open, 0 Fixed, 0 Closed, 0 Blocked","0","0","0","0","","","","False","","Accepted","False","","08/31/2025 09:05 PM MST","","","","","10/16/2025 10:01 AM MST","","","","Feature F762606: CRR - Sync Back data from POD to POA Cadence (Build, Test & Deploy) E2","False","AXP PI 25.4","","","","16.0","0 Defined, 0 In-Progress, 1 Completed, 0 Blocked","0 None Run, 0 Blocked, 0 Error, 0 Fail, 0 Inconclusive, 0 Pass","0.0","0",""
"US5970558","Testing for Party Add Char in E1","","Feature F762606: CRR - Sync Back data from POD to POA Cadence (Build, Test & Deploy) E2","0","2.0","Accepted","AXP 25.4.18","Testing for Party Add Char in E1","Testing for Party Add Char in E1","Satvik Jain","E_SLPM_ST16_CRR Rule Execution","07/30/2025 11:22 PM MST","09/29/2025 10:02 AM MST","","","False","","#21a2e0","","Satvik Jain","","","","CRR","","0 Submitted, 0 Open, 0 Fixed, 0 Closed, 0 Blocked","0","0","0","0","","","","False","","Accepted","False","","09/23/2025 08:16 PM MST","","","","","10/16/2025 10:01 AM MST","","","","Feature F762606: CRR - Sync Back data from POD to POA Cadence (Build, Test & Deploy) E2","False","AXP PI 25.4","","","","19.0","0 Defined, 0 In-Progress, 3 Completed, 0 Blocked","0 None Run, 0 Blocked, 0 Error, 0 Fail, 0 Inconclusive, 0 Pass","0.0","0",""
"US5970560","E2 Migration for Party Add Char","","Feature F762606: CRR - Sync Back data from POD to POA Cadence (Build, Test & Deploy) E2","0","2.0","Accepted","AXP 25.4.19","Testing for Party Add Char in E1","Testing for Party Add Char in E1","Satvik Jain","E_SLPM_ST16_CRR Rule Execution","07/30/2025 11:22 PM MST","10/13/2025 10:12 PM MST","","","False","","#21a2e0","","Satvik Jain","","","","CRR","","0 Submitted, 0 Open, 0 Fixed, 0 Closed, 0 Blocked","0","0","0","0","","","","False","","Accepted","False","","09/30/2025 11:29 PM MST","","","","","10/16/2025 10:01 AM MST","","","","Feature F762606: CRR - Sync Back data from POD to POA Cadence (Build, Test & Deploy) E2","False","AXP PI 25.4","","","","20.0","0 Defined, 0 In-Progress, 2 Completed, 0 Blocked","0 None Run, 0 Blocked, 0 Error, 0 Fail, 0 Inconclusive, 0 Pass","0.0","0",""
"US6088565","Build for account statistics","","Feature F757376: CRR - Sandbox Analysis of Results Dashboard in E1/E2","0","3.0","Defined","AXP 25.5.23","As a compliance analyst/manager, I want the system to create detail for account statistics dashboard"," Given results exist, when I open Account tab, then columns (Center, Product, Legal Entity, Risk Score, Independent Accounts, Hierarchical Accounts, Independent Hierarchies) are displayed.Production: Center Product, Legal Entity, Risk Score, Independent Accounts, Hierarchical Accounts, Hierarchy CountSandbox: Same set of columns but with suffix (Sandbox).","Suprana Sengupta","E_SLPM_ST16_CRR Rule Execution","09/11/2025 08:43 AM MST","","","","False","","#df1a7b","","Satvik Jain","","","","CRR","","0 Submitted, 0 Open, 0 Fixed, 0 Closed, 0 Blocked","0","0","0","0","","","","False","","Defined","False","","","","","","","11/24/2025 07:06 AM MST","","","","Feature F757376: CRR - Sandbox Analysis of Results Dashboard in E1/E2","False","AXP PI 25.5","","","","0.0","0 Defined, 0 In-Progress, 0 Completed, 0 Blocked","0 None Run, 0 Blocked, 0 Error, 0 Fail, 0 Inconclusive, 0 Pass","0.0","0",""
"US6088695","Integration of DAM Data Extraction","","Feature F775706: CRR - Calculate CRR in Sandbox & Simulation in E2","0","3.0","Accepted","AXP 25.5.21","As a compliance analyst/manager, I want the system to fetch DAM data in E2 and prepare it for sandbox simulation so that CRR scoring can be tested against live-like datasets.","Given DAM data exists in E2, when sandbox fetch is triggered, then all required records are imported.Given no new data exists, when fetch runs, then the system logs “No data changes.”Given DAM is unavailable, when fetch is attempted, then the system retries and logs failure.","Satvik Jain","E_SLPM_ST16_CRR Rule Execution","09/11/2025 09:11 AM MST","11/10/2025 03:06 AM MST","","","False","","#21a2e0","","Satvik Jain","","","","CRR","","0 Submitted, 0 Open, 0 Fixed, 0 Closed, 0 Blocked","0","0","0","0","","","","False","","Accepted","False","","10/28/2025 01:13 PM MST","","","","","11/10/2025 03:06 AM MST","","","","Feature F775706: CRR - Calculate CRR in Sandbox & Simulation in E2","False","AXP PI 25.5","","","","44.0","0 Defined, 0 In-Progress, 5 Completed, 0 Blocked","0 None Run, 0 Blocked, 0 Error, 0 Fail, 0 Inconclusive, 0 Pass","0.0","0",""
"US6088567","Build for customer statistics","","Feature F757376: CRR - Sandbox Analysis of Results Dashboard in E1/E2","0","3.0","Accepted","AXP 25.5.22","As a compliance analyst/manager, I want to build for customer statistics dashboards","Given results exist, when I open Customer tab, then columns (Center Product, Legal Entity, Risk Score, # Customers) are displayed.Production: Center Product, Legal Entity, Risk Score, # CustomersSandbox: Center Product, Legal Entity, Risk Score, # Customers (Sandbox)","Suprana Sengupta","E_SLPM_ST16_CRR Rule Execution","09/11/2025 08:44 AM MST","11/24/2025 01:18 AM MST","","","False","","#df1a7b","","Satvik Jain","","","","","","0 Submitted, 0 Open, 0 Fixed, 0 Closed, 0 Blocked","0","0","0","0","","","","False","","Accepted","False","","11/16/2025 09:26 PM MST","","","","","11/24/2025 01:18 AM MST","","","","Feature F757376: CRR - Sandbox Analysis of Results Dashboard in E1/E2","False","AXP PI 25.5","","","","40.0","0 Defined, 0 In-Progress, 3 Completed, 0 Blocked","0 None Run, 0 Blocked, 0 Error, 0 Fail, 0 Inconclusive, 0 Pass","0.0","0",""
"US6088705","Execute CRR Rules in Sandbox - E2","","Feature F775706: CRR - Calculate CRR in Sandbox & Simulation in E2","0","5.0","In-Progress","AXP 25.5.23","As a compliance analyst/manager, I want to execute CRR rules in a sandbox environment so that I can validate scoring logic safely before production rollout.","Given simulation completes, when results are compared, then discrepancies are highlighted.Given no discrepancies exist, when comparison runs, then results show “All matched.”Given discrepancies exist, when displayed, then they include record ID, expected score, and actual score.","Satvik Jain","E_SLPM_ST16_CRR Rule Execution","09/11/2025 09:12 AM MST","","","","False","","#21a2e0","","Satvik Jain","","","","CRR","","0 Submitted, 0 Open, 0 Fixed, 0 Closed, 0 Blocked","0","0","0","0","","","","False","","In-Progress","False","","11/25/2025 09:10 AM MST","","","","","11/25/2025 09:10 AM MST","","","","Feature F775706: CRR - Calculate CRR in Sandbox & Simulation in E2","False","AXP PI 25.5","","","","54.0","3 Defined, 2 In-Progress, 0 Completed, 0 Blocked","0 None Run, 0 Blocked, 0 Error, 0 Fail, 0 Inconclusive, 0 Pass","54.0","0",""
"US6088535","UAT","","Feature F717292: CRR - Display of CRR Output-Risk Distribution Dashboard in E1/E2","0","","Defined","AXP 25.5.26 IP","As a compliance analyst/manager, I want to view CRR results in the Obligor tab, including Number of Obligor IDs, so I can analyze obligor-level risks.","Given results exist, when I open Obligor tab, then columns (Center Product, Legal Entity, Risk Score, # Obligor IDs) are displayed.Given DAM has no obligor data, when I open tab, then “No obligor data available” is displayed.Given I export results, when download completes, then file matches displayed data.","Satvik Jain","E_SLPM_ST16_CRR Rule Execution","09/11/2025 08:38 AM MST","","","","False","","#df1a7b","","Satvik Jain","","","","","","0 Submitted, 0 Open, 0 Fixed, 0 Closed, 0 Blocked","0","0","0","0","","","","False","","Defined","False","","","","","","","10/22/2025 01:09 PM MST","","","","Feature F717292: CRR - Display of CRR Output-Risk Distribution Dashboard in E1/E2","False","AXP PI 25.5","","","","0.0","0 Defined, 0 In-Progress, 0 Completed, 0 Blocked","0 None Run, 0 Blocked, 0 Error, 0 Fail, 0 Inconclusive, 0 Pass","0.0","0",""
"US5839943","Build POC to Sync Data from POD to POA","","Feature F761441: CRR- Sync data from POD to POA Cadence (POC)","0","5.0","Accepted","AXP 25.3.15 IP","AS A Data EngineerI WANT TO build a working proof-of-concept (POC) for syncing data from POD to POASO THAT we can validate the technical feasibility and refine the approach for full-scale implementation","GIVEN a completed design for POD to POA syncWHEN the POC is initiatedTHEN the engineering team must:AND establish a secure, working connection between POD (DB2/Oracle) and Lumi GCP environmentAND extract sample data from at least one high-priority tableAND load that data into a designated POA schemaAND verify end-to-end data integrity and completenessAND validate scheduling or orchestration logic (e.g., Airflow, Batch job)AND document findings, performance metrics, and blockersAND prepare a summary report including recommendations for scaling","Satvik Jain","E_SLPM_ST16_CRR Rule Execution","06/02/2025 11:29 PM MST","08/18/2025 07:34 AM MST","","","False","","#21a2e0","","Satvik Jain","","","","CRR","","0 Submitted, 0 Open, 0 Fixed, 0 Closed, 0 Blocked","0","0","0","0","","","","False","","Accepted","False","","08/05/2025 10:45 PM MST","","","","","10/16/2025 10:01 AM MST","","","","Feature F761441: CRR- Sync data from POD to POA Cadence (POC)","False","AXP PI 25.3","","","","68.0","0 Defined, 0 In-Progress, 6 Completed, 0 Blocked","0 None Run, 0 Blocked, 0 Error, 0 Fail, 0 Inconclusive, 0 Pass","0.0","0",""
"US5839936","Identify Tables and Processes Required from POD","","Feature F761441: CRR- Sync data from POD to POA Cadence (POC)","0","1.0","Accepted","AXP 25.3.14","AS A Data EngineerI WANT TO identify and catalog all tables and business processes in POD relevant to CadenceSO THAT we can determine which data is necessary to sync into POA and design the integration accordingly ","GIVEN a scoped requirement for Cadence data integrationWHEN the data engineering team begins discoveryTHEN they must compile a complete list of POD tables and processes that contain Cadence-relevant dataAND confirm their business relevance with Compliance AnalystsAND prepare documentation of table names, structure, volume, and update frequencyAND validate access feasibility from GCP LUMI to these sources","Satvik Jain","E_SLPM_ST16_CRR Rule Execution","06/02/2025 11:26 PM MST","08/04/2025 07:27 AM MST","","","False","","#21a2e0","","Satvik Jain","","","","CRR","","0 Submitted, 0 Open, 0 Fixed, 0 Closed, 0 Blocked","0","0","0","0","","","","False","","Accepted","False","","07/27/2025 09:50 PM MST","","","","","10/16/2025 10:01 AM MST","","","","Feature F761441: CRR- Sync data from POD to POA Cadence (POC)","False","AXP PI 25.3","","","","12.0","0 Defined, 0 In-Progress, 2 Completed, 0 Blocked","0 None Run, 0 Blocked, 0 Error, 0 Fail, 0 Inconclusive, 0 Pass","0.0","0",""
"US5863553","CRR - POC : Vault integration with Airflow","","Feature F717262: CRR - Enabler: E3 Infra setup to enable future deployment","0","3.0","Accepted","AXP 25.3.11","AS A Developer, I want to do a POC for vault integration with Airflow","POC for Vault integration with Airflow","Satvik Jain","E_SLPM_ST16_CRR Rule Execution","06/09/2025 08:53 AM MST","06/23/2025 07:16 AM MST","","","False","","#21a2e0","","Satvik Jain","","","","CRR","","0 Submitted, 0 Open, 0 Fixed, 0 Closed, 0 Blocked","0","0","0","0","","","","False","","Accepted","False","","06/15/2025 09:35 PM MST","","","","","10/16/2025 10:01 AM MST","","","","Feature F717262: CRR - Enabler: E3 Infra setup to enable future deployment","False","AXP PI 25.3","","","","40.0","0 Defined, 0 In-Progress, 3 Completed, 0 Blocked","0 None Run, 0 Blocked, 0 Error, 0 Fail, 0 Inconclusive, 0 Pass","0.0","0",""
"US5822002","CRR - Assess Resources for CRR Execution","","Feature F717262: CRR - Enabler: E3 Infra setup to enable future deployment","0","2.0","Accepted","AXP 25.3.12","AS A Platform Engineer I WANT TO assess required compute and memory resources for CRR Execution SO THAT we can provision scalable and isolated development instances","GIVEN the infra assessment is conducted WHEN requirements for sandbox environments are gathered THEN compute and storage baselines are documented","Satvik Jain","E_SLPM_ST16_CRR Rule Execution","05/28/2025 01:10 PM MST","07/07/2025 07:18 AM MST","","","False","","#21a2e0","","Satvik Jain","","","","CRR","","0 Submitted, 0 Open, 0 Fixed, 0 Closed, 0 Blocked","0","0","0","0","","","","False","","Accepted","False","","06/29/2025 09:31 PM MST","","","","","10/16/2025 10:01 AM MST","","","","Feature F717262: CRR - Enabler: E3 Infra setup to enable future deployment","False","AXP PI 25.3","","","","20.0","0 Defined, 0 In-Progress, 1 Completed, 0 Blocked","0 None Run, 0 Blocked, 0 Error, 0 Fail, 0 Inconclusive, 0 Pass","0.0","0",""
"US5822004","CRR - Prepare for Lumi ARB CheckPoint2","","Feature F717262: CRR - Enabler: E3 Infra setup to enable future deployment","0","2.0","Accepted","AXP 25.3.12","AS A Project Coordinator I WANT TO prepare for Lumi ARB checkpoint discussions SO THAT architectural governance for E3 readiness is validated","GIVEN ARB checkpoint is scheduled WHEN it is conducted THEN outcomes and recommendations are recorded","Satvik Jain","E_SLPM_ST16_CRR Rule Execution","05/28/2025 01:10 PM MST","07/07/2025 07:18 AM MST","","","False","","#21a2e0","","Satvik Jain","","","","CRR","","0 Submitted, 0 Open, 0 Fixed, 0 Closed, 0 Blocked","0","0","0","0","","","","False","","Accepted","False","","06/29/2025 09:31 PM MST","","","","","10/16/2025 10:01 AM MST","","","","Feature F717262: CRR - Enabler: E3 Infra setup to enable future deployment","False","AXP PI 25.3","","","","10.0","0 Defined, 0 In-Progress, 1 Completed, 0 Blocked","0 None Run, 0 Blocked, 0 Error, 0 Fail, 0 Inconclusive, 0 Pass","0.0","0",""
"US5839939","Design Discovery and Architecture for POD to POA Sync","","Feature F761441: CRR- Sync data from POD to POA Cadence (POC)","0","3.0","Accepted","AXP 25.3.14","AS A Solution ArchitectI WANT TO analyze and design the architecture for syncing Cadence-related data from POD to POASO THAT the team can establish a feasible, secure, and performant data pipeline aligned with enterprise standards ","GIVEN a validated inventory of POD tables and processesWHEN architectural discovery beginsTHEN the design must include:AND connection model between GCP Lumi and DB2/Oracle POD sourcesAND data movement strategy (push or pull, batch or stream)AND security and encryption protocols for data in transitAND retry and failure handling mechanismsAND estimated resource sizing and scheduling requirementsAND documentation of architectural options considered and rationale","Satvik Jain","E_SLPM_ST16_CRR Rule Execution","06/02/2025 11:27 PM MST","08/04/2025 09:55 PM MST","","","False","","#21a2e0","","Satvik Jain","","","","CRR","","0 Submitted, 0 Open, 0 Fixed, 0 Closed, 0 Blocked","0","0","0","0","","","","False","","Accepted","False","","07/30/2025 08:26 PM MST","","","","","10/16/2025 10:01 AM MST","","","","Feature F761441: CRR- Sync data from POD to POA Cadence (POC)","False","AXP PI 25.3","","","","36.0","0 Defined, 0 In-Progress, 2 Completed, 0 Blocked","0 None Run, 0 Blocked, 0 Error, 0 Fail, 0 Inconclusive, 0 Pass","0.0","0",""
"US5822003","CRR - Conduct manual testing of risk score calculation in CRR","","Feature F717258: CRR - Account Scoring  (Analysis & Build)","0","5.0","Accepted","AXP 25.3.15 IP","AS A developer, I WANT TO conduct manual testing of risk score calculation SO THAT CRR scoring is accurate and per the CRR framework.","GIVEN manual testing of risk score calculation is conducted so that the accuracy for the final CRR score can be measured.","Tahcin Ahmed","E_SLPM_ST16_CRR Rule Execution","05/28/2025 01:10 PM MST","08/18/2025 08:03 AM MST","","","False","","#21a2e0","","Satvik Jain","","","","CRR","","0 Submitted, 0 Open, 0 Fixed, 0 Closed, 0 Blocked","0","0","0","4","","","","False","","Accepted","False","","08/06/2025 12:23 AM MST","","","E2","08/18/2025 06:50 AM MST","10/16/2025 10:01 AM MST","","","","Feature F717258: CRR - Account Scoring  (Analysis & Build)","False","AXP PI 25.3","","","","60.0","0 Defined, 0 In-Progress, 4 Completed, 0 Blocked","0 None Run, 0 Blocked, 0 Error, 0 Fail, 0 Inconclusive, 4 Pass","0.0","4",""
"US5809469","Analysis & Discovery : Fetching data from Application & Maintenance ODL","","Feature F717257: CRR - Integration with DAM for Sandbox scoring (Build)","0","3.0","Accepted","AXP 25.2.10 IP","Analysis & Discovery : Fetching data from Application & Maintenance ODL","Analysis & Discovery : Fetching data from Application & Maintenance ODL","Satvik Jain","E_SLPM_ST16_CRR Rule Execution","05/26/2025 09:55 PM MST","06/09/2025 08:42 AM MST","","","False","","#21a2e0","","Satvik Jain","","","","","","0 Submitted, 0 Open, 0 Fixed, 0 Closed, 0 Blocked","0","0","0","0","","","","False","","Accepted","False","","05/27/2025 09:56 PM MST","","","","","06/09/2025 08:42 AM MST","","","","Feature F717257: CRR - Integration with DAM for Sandbox scoring (Build)","False","AXP PI 25.2","","","","32.0","0 Defined, 0 In-Progress, 3 Completed, 0 Blocked","0 None Run, 0 Blocked, 0 Error, 0 Fail, 0 Inconclusive, 0 Pass","0.0","0",""
"US5674598","Discovery with DAM team","","Feature F745531: CRR - Testing Framework for CRR Rule Engine","0","3.0","Accepted","AXP 25.2.6","As a QA, I want to do a discovery with DAM team for automation testing of data flows","Discovery with DAM team for data flows","Satvik Jain","E_SLPM_ST16_CRR Rule Execution","03/26/2025 09:58 PM MST","04/14/2025 09:34 PM MST","","","False","","#21a2e0","","Satvik Jain","","","","","","0 Submitted, 0 Open, 0 Fixed, 0 Closed, 0 Blocked","0","0","0","0","","","","False","","Accepted","False","","04/03/2025 10:52 PM MST","","","","","04/14/2025 09:34 PM MST","","","","Feature F745531: CRR - Testing Framework for CRR Rule Engine","False","AXP PI 25.2","","","","21.0","0 Defined, 0 In-Progress, 3 Completed, 0 Blocked","0 None Run, 0 Blocked, 0 Error, 0 Fail, 0 Inconclusive, 0 Pass","0.0","0",""
"US5674602","Internal Exploration and design thinking","Exploration and Design thinking","Feature F745531: CRR - Testing Framework for CRR Rule Engine","0","3.0","Accepted","AXP 25.2.7","As a QA, I want to do internal exploration and design thinking exercise","Documentation of findings","Satvik Jain","E_SLPM_ST16_CRR Rule Execution","03/26/2025 09:59 PM MST","04/28/2025 09:35 AM MST","","","False","","#21a2e0","","Satvik Jain","","","","","","0 Submitted, 0 Open, 0 Fixed, 0 Closed, 0 Blocked","0","0","0","0","","","","False","","Accepted","False","","04/17/2025 07:29 AM MST","","","","","04/28/2025 09:35 AM MST","","","","Feature F745531: CRR - Testing Framework for CRR Rule Engine","False","AXP PI 25.2","","","","40.0","0 Defined, 0 In-Progress, 4 Completed, 0 Blocked","0 None Run, 0 Blocked, 0 Error, 0 Fail, 0 Inconclusive, 0 Pass","0.0","0",""
"US5806558","E2E flow testing for GHA Testing Framework","","Feature F745531: CRR - Testing Framework for CRR Rule Engine","0","3.0","Accepted","AXP 25.2.10 IP","As a QA, I want to finalize E2E flow testing for GHA Testing Framework","E2E flow testing for GHA Testing Framework","Satvik Jain","E_SLPM_ST16_CRR Rule Execution","05/26/2025 06:27 AM MST","06/09/2025 08:42 AM MST","","","False","","#21a2e0","","Satvik Jain","","","","","","0 Submitted, 0 Open, 0 Fixed, 0 Closed, 0 Blocked","0","0","0","0","","","","False","","Accepted","False","","05/26/2025 09:26 PM MST","","","","","06/09/2025 08:42 AM MST","","","","Feature F745531: CRR - Testing Framework for CRR Rule Engine","False","AXP PI 25.2","","","","48.0","0 Defined, 0 In-Progress, 3 Completed, 0 Blocked","0 None Run, 0 Blocked, 0 Error, 0 Fail, 0 Inconclusive, 0 Pass","0.0","0",""
"US6181077","Integrate Account Add Char Variables with Flat Table - Analysis and Code Build","","Feature F794224: CRR - HRO/ARF/Party Add Char/Account Add Char ( Analysis , Build) in E1","0","2.0","Being Groomed","AXP 25.5.25","As a compliance analyst, I want Account Add Char Variables integrated with Flat Table, This is an analysis and build user story.","Given that Account Add Char Variables are integrated with Flat Table so that analysis and build is completed.","Tahcin Ahmed","E_SLPM_ST16_CRR Rule Execution","10/15/2025 04:35 PM MST","","","","False","","#21a2e0","","Tahcin Ahmed","","","","CRR","","0 Submitted, 0 Open, 0 Fixed, 0 Closed, 0 Blocked","0","0","0","0","","","","False","","Being Groomed","False","","","","","","","11/07/2025 12:15 AM MST","","","","Feature F794224: CRR - HRO/ARF/Party Add Char/Account Add Char ( Analysis , Build) in E1","False","AXP PI 25.5","","","","0.0","0 Defined, 0 In-Progress, 0 Completed, 0 Blocked","0 None Run, 0 Blocked, 0 Error, 0 Fail, 0 Inconclusive, 0 Pass","0.0","0",""
"US6180958","Metadata Migration & environment setup for for Account Add Char - E3","","Feature F806543: CRR - Sync Back data from POD to POA Cadence (Build, Test & Deploy) E3","0","2.0","Accepted","AXP 25.5.21","As a compliance analyst, I want Metadata to be migrated and environment setup for Account Add Char in E3.","Given that Metadata is migrated and environment is setup for Account Add Char","Tahcin Ahmed","E_SLPM_ST16_CRR Rule Execution","10/15/2025 03:42 PM MST","11/09/2025 10:06 PM MST","","","False","","#21a2e0","","Tahcin Ahmed","","","","CRR","","0 Submitted, 0 Open, 0 Fixed, 0 Closed, 0 Blocked","0","0","0","0","","","","False","","Accepted","False","","11/02/2025 09:31 PM MST","","","","","11/09/2025 10:06 PM MST","","","","Feature F806543: CRR - Sync Back data from POD to POA Cadence (Build, Test & Deploy) E3","False","AXP PI 25.5","","","","24.0","0 Defined, 0 In-Progress, 3 Completed, 0 Blocked","0 None Run, 0 Blocked, 0 Error, 0 Fail, 0 Inconclusive, 0 Pass","0.0","0",""
"US6180949","Metadata Migration & environment setup for HRO/ARF - E3","","Feature F806543: CRR - Sync Back data from POD to POA Cadence (Build, Test & Deploy) E3","0","2.0","Accepted","AXP 25.5.21","As a compliance analyst, I want Metadata to be migrated and environment setup for HRO/ARF in E3.","Given that Metadata is migrated and environment is setup for HRO/ARF.","Tahcin Ahmed","E_SLPM_ST16_CRR Rule Execution","10/15/2025 03:38 PM MST","11/09/2025 10:06 PM MST","","","False","","#21a2e0","","Tahcin Ahmed","","","","CRR","","0 Submitted, 0 Open, 0 Fixed, 0 Closed, 0 Blocked","0","0","0","0","","","","False","","Accepted","False","","10/27/2025 09:23 PM MST","","","","","11/09/2025 10:06 PM MST","","","","Feature F806543: CRR - Sync Back data from POD to POA Cadence (Build, Test & Deploy) E3","False","AXP PI 25.5","","","","30.0","0 Defined, 0 In-Progress, 4 Completed, 0 Blocked","0 None Run, 0 Blocked, 0 Error, 0 Fail, 0 Inconclusive, 0 Pass","0.0","0",""
"US6180963","Metadata Migration & environment setup for for Party Add Char - E3","","Feature F806543: CRR - Sync Back data from POD to POA Cadence (Build, Test & Deploy) E3","0","2.0","Accepted","AXP 25.5.22","As a compliance analyst, I want Metadata to be migrated and environment setup for Party Add Char -in E3.","Given that Metadata is migrated and environment is setup for Party Add Char -","Tahcin Ahmed","E_SLPM_ST16_CRR Rule Execution","10/15/2025 03:44 PM MST","11/24/2025 01:22 AM MST","","","False","","#21a2e0","","Tahcin Ahmed","","","","CRR","","0 Submitted, 0 Open, 0 Fixed, 0 Closed, 0 Blocked","0","0","0","0","","","","False","","Accepted","False","","11/11/2025 09:32 PM MST","","","","","11/24/2025 01:22 AM MST","","","","Feature F806543: CRR - Sync Back data from POD to POA Cadence (Build, Test & Deploy) E3","False","AXP PI 25.5","","","","20.0","0 Defined, 0 In-Progress, 2 Completed, 0 Blocked","0 None Run, 0 Blocked, 0 Error, 0 Fail, 0 Inconclusive, 0 Pass","0.0","0",""
"US6180972","Data extraction logic deployment and Testing for Account Add Char in E3","","Feature F806543: CRR - Sync Back data from POD to POA Cadence (Build, Test & Deploy) E3","0","3.0","Defined","AXP 25.5.25","As a compliance analyst, I want data extraction logic to be deployed in E3. Relevant testing for Account Add Char needs to be performed in E3.","Relevant testing for Account Add Char needs to be performed in E3.","Tahcin Ahmed","E_SLPM_ST16_CRR Rule Execution","10/15/2025 03:47 PM MST","","","","False","","#21a2e0","","Tahcin Ahmed","","","","CRR","","0 Submitted, 0 Open, 0 Fixed, 0 Closed, 0 Blocked","0","0","0","0","","","","False","","Defined","False","","","","","","","10/16/2025 10:01 AM MST","","","","Feature F806543: CRR - Sync Back data from POD to POA Cadence (Build, Test & Deploy) E3","False","AXP PI 25.5","","","","0.0","0 Defined, 0 In-Progress, 0 Completed, 0 Blocked","0 None Run, 0 Blocked, 0 Error, 0 Fail, 0 Inconclusive, 0 Pass","0.0","0",""
"US6180966","Data extraction logic deployment and Testing for HRO/ARF in E3","","Feature F806543: CRR - Sync Back data from POD to POA Cadence (Build, Test & Deploy) E3","0","3.0","Defined","AXP 25.5.26 IP","As a compliance analyst, I want data extraction logic to be deployed in E3. Relevant testing for HRO/ARF needs to be performed in E3","Given that relevant testing for HRO/ARF needs to be performed in E3","Tahcin Ahmed","E_SLPM_ST16_CRR Rule Execution","10/15/2025 03:45 PM MST","","","","False","","#21a2e0","","Tahcin Ahmed","","","","CRR","","0 Submitted, 0 Open, 0 Fixed, 0 Closed, 0 Blocked","0","0","0","0","","","","False","","Defined","False","","","","","","","11/19/2025 08:46 AM MST","","","","Feature F806543: CRR - Sync Back data from POD to POA Cadence (Build, Test & Deploy) E3","False","AXP PI 25.5","","","","0.0","0 Defined, 0 In-Progress, 0 Completed, 0 Blocked","0 None Run, 0 Blocked, 0 Error, 0 Fail, 0 Inconclusive, 0 Pass","0.0","0",""
"US6180979","Data extraction logic deployment and Testing for Party Add char in E3","","Feature F806543: CRR - Sync Back data from POD to POA Cadence (Build, Test & Deploy) E3","0","3.0","Defined","AXP 25.5.25","As a compliance analyst, I want data extraction logic to be deployed in E3. Relevant testing for Party Add char needs to be performed in E3.","Relevant testing for Party Add char needs to be performed in E3.","Tahcin Ahmed","E_SLPM_ST16_CRR Rule Execution","10/15/2025 03:50 PM MST","","","","False","","#21a2e0","","Tahcin Ahmed","","","","CRR","","0 Submitted, 0 Open, 0 Fixed, 0 Closed, 0 Blocked","0","0","0","0","","","","False","","Defined","False","","","","","","","10/16/2025 10:01 AM MST","","","","Feature F806543: CRR - Sync Back data from POD to POA Cadence (Build, Test & Deploy) E3","False","AXP PI 25.5","","","","0.0","0 Defined, 0 In-Progress, 0 Completed, 0 Blocked","0 None Run, 0 Blocked, 0 Error, 0 Fail, 0 Inconclusive, 0 Pass","0.0","0",""
"US6180996","Integrate HRO-ARF Variables with Flat Table - Analysis and Code Build","","Feature F794224: CRR - HRO/ARF/Party Add Char/Account Add Char ( Analysis , Build) in E1","0","5.0","Accepted","AXP 25.5.22","As a compliance analyst, I want HRO-ARF Variables integrated with Flat Table, This is an analysis and build user story.","Given that HRO-ARF Variables are integrated with Flat Table so that analysis and build is completed.","Tahcin Ahmed","E_SLPM_ST16_CRR Rule Execution","10/15/2025 03:58 PM MST","11/24/2025 11:34 AM MST","","","False","","#21a2e0","","Tahcin Ahmed","","","","CRR","","0 Submitted, 0 Open, 0 Fixed, 0 Closed, 0 Blocked","0","0","0","0","","","","False","","Accepted","False","","11/11/2025 10:21 PM MST","","","","","11/24/2025 11:34 AM MST","","","","Feature F794224: CRR - HRO/ARF/Party Add Char/Account Add Char ( Analysis , Build) in E1","False","AXP PI 25.5","","","","54.0","0 Defined, 0 In-Progress, 3 Completed, 0 Blocked","0 None Run, 0 Blocked, 0 Error, 0 Fail, 0 Inconclusive, 0 Pass","0.0","0",""
"US6181062","Integrate Party Add Char Variables with Flat Table - Analysis and Code Build","","Feature F794224: CRR - HRO/ARF/Party Add Char/Account Add Char ( Analysis , Build) in E1","0","2.0","Being Groomed","AXP 25.5.25","As a compliance analyst, I want Party Add Char Variables integrated with Flat Table, This is an analysis and build user story.","Given that Party Add Char Variables are integrated with Flat Table so that analysis and build is completed.","Tahcin Ahmed","E_SLPM_ST16_CRR Rule Execution","10/15/2025 04:26 PM MST","","","","False","","#21a2e0","","Tahcin Ahmed","","","","CRR","","0 Submitted, 0 Open, 0 Fixed, 0 Closed, 0 Blocked","0","0","0","0","","","","False","","Being Groomed","False","","","","","","","11/19/2025 09:45 AM MST","","","","Feature F794224: CRR - HRO/ARF/Party Add Char/Account Add Char ( Analysis , Build) in E1","False","AXP PI 25.5","","","","0.0","0 Defined, 0 In-Progress, 0 Completed, 0 Blocked","0 None Run, 0 Blocked, 0 Error, 0 Fail, 0 Inconclusive, 0 Pass","0.0","0",""
"US6160854","SIT E2E Testing for Sandbox","","Feature F775706: CRR - Calculate CRR in Sandbox & Simulation in E2","0","3.0","Defined","AXP 25.5.25","As a compliance analyst, I want e2e testing for sandbox to be performed.","Given that e2e SIT testing to be performed.","Satvik Jain","E_SLPM_ST16_CRR Rule Execution","10/13/2025 03:58 AM MST","","","","False","","#21a2e0","","Tahcin Ahmed","","","","CRR","","0 Submitted, 0 Open, 0 Fixed, 0 Closed, 0 Blocked","0","0","0","0","","","","False","","Defined","False","","","","","","","11/19/2025 09:37 AM MST","","","","Feature F775706: CRR - Calculate CRR in Sandbox & Simulation in E2","False","AXP PI 25.5","","","","0.0","0 Defined, 0 In-Progress, 0 Completed, 0 Blocked","0 None Run, 0 Blocked, 0 Error, 0 Fail, 0 Inconclusive, 0 Pass","0.0","0",""
"US6181027","Integrate Account Add Char Variables with Flat Table - Deployment and Test in E1","","Feature F794224: CRR - HRO/ARF/Party Add Char/Account Add Char ( Analysis , Build) in E1","0","2.0","In-Progress","AXP 25.5.23","As a compliance analyst, I want to integrate Account Add Char Variables with Flat Table in E1. This is a deployment and testing user story. ","Given that Account Add Char are integrated with Flat Table so that it can be deployed and tested in E1","Tahcin Ahmed","E_SLPM_ST16_CRR Rule Execution","10/15/2025 04:12 PM MST","","","","False","","#21a2e0","","Tahcin Ahmed","","","","CRR","","0 Submitted, 0 Open, 0 Fixed, 0 Closed, 0 Blocked","0","0","0","0","","","","False","","In-Progress","False","","11/26/2025 06:43 AM MST","","","","","11/26/2025 06:43 AM MST","","","","Feature F794224: CRR - HRO/ARF/Party Add Char/Account Add Char ( Analysis , Build) in E1","False","AXP PI 25.5","","","","24.0","1 Defined, 1 In-Progress, 0 Completed, 0 Blocked","0 None Run, 0 Blocked, 0 Error, 0 Fail, 0 Inconclusive, 0 Pass","24.0","0",""
"US6181013","Integrate Party Add Char Variables with Flat Table - Deployment and Test in E1","","Feature F794224: CRR - HRO/ARF/Party Add Char/Account Add Char ( Analysis , Build) in E1","0","2.0","In-Progress","AXP 25.5.23","As a compliance analyst, I want to integrate Party Add Char Variables with Flat Table in E1. This is a deployment and testing user story. ","Given that Party Add Char are integrated with Flat Table so that it can be deployed and tested in E1","Tahcin Ahmed","E_SLPM_ST16_CRR Rule Execution","10/15/2025 04:06 PM MST","","","","False","","#21a2e0","","Tahcin Ahmed","","","","CRR","","0 Submitted, 0 Open, 0 Fixed, 0 Closed, 0 Blocked","0","0","0","0","","","","False","","In-Progress","False","","11/26/2025 06:43 AM MST","","","","","11/26/2025 06:43 AM MST","","","","Feature F794224: CRR - HRO/ARF/Party Add Char/Account Add Char ( Analysis , Build) in E1","False","AXP PI 25.5","","","","24.0","0 Defined, 1 In-Progress, 1 Completed, 0 Blocked","0 None Run, 0 Blocked, 0 Error, 0 Fail, 0 Inconclusive, 0 Pass","12.0","0",""
"US5970717","Analysis for sourcing Derived variables from DAM ODLs-Consumer/SBS products","","Feature F766576: CRR - Consumer & SBS Card Variables - Consume, Validate data in E1/E2 (Build & Test)","0","5.0","Accepted","AXP 25.4.16","As a compliance analyst/Manager, I want to source the derived variables from DAM ODLs and build the derived variables so that we can test the feasibility of calculating the CRR scoring as per logic defined for account, customer & Hierarchy scoring. ","Source the derived variables from DAM ODLs.Build derived variablesTesting of the sourced variables from DAM ODLs","Tahcin Ahmed","E_SLPM_ST16_CRR Rule Execution","07/31/2025 12:31 AM MST","09/01/2025 10:32 PM MST","","","False","","#21a2e0","","Satvik Jain","","","","CRR","","0 Submitted, 0 Open, 0 Fixed, 0 Closed, 0 Blocked","0","0","0","0","","","","False","","Accepted","False","","08/19/2025 01:00 PM MST","","","","","10/16/2025 10:01 AM MST","","","","Feature F766576: CRR - Consumer & SBS Card Variables - Consume, Validate data in E1/E2 (Build & Test)","False","AXP PI 25.4","","","","53.0","0 Defined, 0 In-Progress, 4 Completed, 0 Blocked","0 None Run, 0 Blocked, 0 Error, 0 Fail, 0 Inconclusive, 0 Pass","0.0","0",""
"US5904989","Build & Unit testing for sourcing Raw variables from DAM ODLs-Corporate","","Feature F736666: CRR - Corporate Variables Consume, Validate data in E1/E2 (Build & Test)","0","5.0","Accepted","AXP 25.4.16","As a compliance analyst/Manager, I want to source the raw variables from DAM ODLs and build the derived variables so that we can test the feasibility of calculating the CRR scoring as per logic defined for account, customer & Hierarchy scoring. ","Source the raw variables from DAM ODLs.Build raw variablesTesting of the sourced variables from DAM ODLs","Tahcin Ahmed","E_SLPM_ST16_CRR Rule Execution","06/26/2025 11:57 AM MST","09/01/2025 10:32 PM MST","","","False","","#21a2e0","","Tahcin Ahmed","","","","CRR","","0 Submitted, 0 Open, 0 Fixed, 0 Closed, 0 Blocked","0","0","0","1","","","","False","","Accepted","False","","08/28/2025 04:11 AM MST","","","E1 Unit Testing","08/31/2025 09:49 PM MST","10/16/2025 10:01 AM MST","","","","Feature F736666: CRR - Corporate Variables Consume, Validate data in E1/E2 (Build & Test)","False","AXP PI 25.4","","","","20.0","0 Defined, 0 In-Progress, 2 Completed, 0 Blocked","0 None Run, 0 Blocked, 0 Error, 0 Fail, 0 Inconclusive, 1 Pass","0.0","1",""
"US5970719","Build & Unit testing for sourcing Raw variables from DAM ODLs- Consumer/SBS products","","Feature F766576: CRR - Consumer & SBS Card Variables - Consume, Validate data in E1/E2 (Build & Test)","0","5.0","Accepted","AXP 25.4.16","As a compliance analyst/Manager, I want to source the raw variables from DAM ODLs and build the derived variables so that we can test the feasibility of calculating the CRR scoring as per logic defined for account, customer & Hierarchy scoring. ","Source the raw variables from DAM ODLs.Build raw variablesTesting of the sourced variables from DAM ODLs","Tahcin Ahmed","E_SLPM_ST16_CRR Rule Execution","07/31/2025 12:31 AM MST","09/01/2025 10:33 PM MST","","","False","","#21a2e0","","Satvik Jain","","","","CRR","","0 Submitted, 0 Open, 0 Fixed, 0 Closed, 0 Blocked","0","0","0","1","","","","False","","Accepted","False","","08/20/2025 09:32 PM MST","","","Data Extraction Script Testing","09/01/2025 09:30 PM MST","10/16/2025 10:01 AM MST","","","","Feature F766576: CRR - Consumer & SBS Card Variables - Consume, Validate data in E1/E2 (Build & Test)","False","AXP PI 25.4","","","","59.0","0 Defined, 0 In-Progress, 4 Completed, 0 Blocked","0 None Run, 0 Blocked, 0 Error, 0 Fail, 0 Inconclusive, 1 Pass","0.0","1",""
"US5995138","Build & Unit testing for sourcing Raw variables from DAM ODLs-Merchant products","08/28-Sakshi- E1 table details have been provided by DAM Team for the merchant variable. Additionally, the mapping for some missing fields has been updated in the sheet shared with CRR. For E2, data is currently unavailable due to dependencies on the DAM team. Once the data is available, the details will be shared by them.So Build efforts will be carried out as per E1 table structure and data.01/09- Sakshi- This story will be a spillover for 25.4.16 sprint since we do not have enough time left to complete the remaining analysis and build","Feature F757584: CRR - Merchant products Consume, Validate data in E1/E2 (Build & Test)","0","5.0","Accepted","AXP 25.4.19","As a compliance analyst/Manager, I want to source the raw variables from DAM ODLs and build the derived variables so that we can test the feasibility of calculating the CRR scoring as per logic defined for account, customer & Hierarchy scoring. ","Source the raw variables from DAM ODLs.Build raw variablesTesting of the sourced variables from DAM ODLs","Tahcin Ahmed","E_SLPM_ST16_CRR Rule Execution","08/06/2025 10:41 AM MST","10/13/2025 10:14 PM MST","","","False","","#21a2e0","","Tahcin Ahmed","","","","CRR","","0 Submitted, 0 Open, 0 Fixed, 0 Closed, 0 Blocked","0","0","0","0","","","","False","","Accepted","False","","10/05/2025 09:36 PM MST","","","","","10/16/2025 10:01 AM MST","","","","Feature F757584: CRR - Merchant products Consume, Validate data in E1/E2 (Build & Test)","False","AXP PI 25.4","","","","46.0","0 Defined, 0 In-Progress, 5 Completed, 0 Blocked","0 None Run, 0 Blocked, 0 Error, 0 Fail, 0 Inconclusive, 0 Pass","0.0","0",""
"US6166959","Build & Unit testing for sourcing Raw variables from DAM ODLs-  Cons, SBS, Corp & Merchant","","Feature F811673: CRR - Incremental variables for Cons, SBS, Corp & Merchant (Consume & Validate) in E1","0","5.0","Being Groomed","AXP 25.5.24","As a compliance analyst/Manager, I want to source the raw variables from DAM ODLs and build the derived variables so that we can test the feasibility of calculating the CRR scoring as per logic defined for account, customer & Hierarchy scoring. ","Source the raw variables from DAM ODLs.Build raw variablesTesting of the sourced variables from DAM ODLs","Tahcin Ahmed","E_SLPM_ST16_CRR Rule Execution","10/13/2025 06:53 PM MST","","","","False","","#21a2e0","","Tahcin Ahmed","","","","CRR","","0 Submitted, 0 Open, 0 Fixed, 0 Closed, 0 Blocked","0","0","0","0","","","","False","","Being Groomed","False","","","","","","","10/27/2025 06:13 AM MST","","","","Feature F811673: CRR - Incremental variables for Cons, SBS, Corp & Merchant (Consume & Validate) in E1","False","AXP PI 25.5","","","","59.0","4 Defined, 0 In-Progress, 0 Completed, 0 Blocked","0 None Run, 0 Blocked, 0 Error, 0 Fail, 0 Inconclusive, 0 Pass","59.0","0",""
"US6167038","Build & Unit testing for sourcing Raw variables from DAM ODLs-  Cons, SBS, Corp & Merchant","","Feature F811673: CRR - Incremental variables for Cons, SBS, Corp & Merchant (Consume & Validate) in E1","0","5.0","Being Groomed","AXP 25.5.24","As a compliance analyst/Manager, I want to source the raw variables from DAM ODLs and build the derived variables so that we can test the feasibility of calculating the CRR scoring as per logic defined for account, customer & Hierarchy scoring. ","Source the raw variables from DAM ODLs.Build raw variablesTesting of the sourced variables from DAM ODLs","Tahcin Ahmed","E_SLPM_ST16_CRR Rule Execution","10/13/2025 07:15 PM MST","","","","False","","#21a2e0","","Tahcin Ahmed","","","","CRR","","0 Submitted, 0 Open, 0 Fixed, 0 Closed, 0 Blocked","0","0","0","0","","","","False","","Being Groomed","False","","","","","","","10/27/2025 06:14 AM MST","","","","Feature F811673: CRR - Incremental variables for Cons, SBS, Corp & Merchant (Consume & Validate) in E1","False","AXP PI 25.5","","","","59.0","4 Defined, 0 In-Progress, 0 Completed, 0 Blocked","0 None Run, 0 Blocked, 0 Error, 0 Fail, 0 Inconclusive, 0 Pass","59.0","0",""
"US5905018","Build & Unit testing for sourcing raw variables from DAM ODLs - Consumer Variables","","Feature F736666: CRR - Corporate Variables Consume, Validate data in E1/E2 (Build & Test)","0","2.0","Accepted","AXP 25.4.17","As a compliance analyst/Manager, I want to source the raw/derived variables from DAM ODLs and build the derived variables so that we can test the feasibility of calculating the CRR scoring as per logic defined for account, customer & Hierarchy scoring. ","Source the raw/derived variables from DAM ODLs.Build raw/derived variablesTesting of the sourced variables from DAM ODLs","Tahcin Ahmed","E_SLPM_ST16_CRR Rule Execution","06/26/2025 12:06 PM MST","09/11/2025 01:40 AM MST","","","False","","#21a2e0","","Tahcin Ahmed","","","","CRR","","0 Submitted, 0 Open, 0 Fixed, 0 Closed, 0 Blocked","0","0","0","0","","","","False","","Accepted","False","","09/02/2025 09:34 PM MST","","","","","10/16/2025 10:01 AM MST","","","","Feature F736666: CRR - Corporate Variables Consume, Validate data in E1/E2 (Build & Test)","False","AXP PI 25.4","","","","34.0","0 Defined, 0 In-Progress, 4 Completed, 0 Blocked","1 None Run, 0 Blocked, 0 Error, 0 Fail, 0 Inconclusive, 0 Pass","0.0","1",""
"US5970728","Build & Unit testing for sourcing Derived variables from DAM ODLs","","Feature F766576: CRR - Consumer & SBS Card Variables - Consume, Validate data in E1/E2 (Build & Test)","0","5.0","Accepted","AXP 25.4.17","As a compliance analyst/Manager, I want to source the raw/derived variables from DAM ODLs and build the derived variables so that we can test the feasibility of calculating the CRR scoring as per logic defined for account, customer & Hierarchy scoring. ","Source the raw/derived variables from DAM ODLs.Build raw/derived variablesTesting of the sourced variables from DAM ODLs","Tahcin Ahmed","E_SLPM_ST16_CRR Rule Execution","07/31/2025 12:34 AM MST","09/15/2025 01:35 AM MST","","","False","","#21a2e0","","Satvik Jain","","","","CRR","","0 Submitted, 0 Open, 0 Fixed, 0 Closed, 0 Blocked","0","0","0","2","","","","False","","Accepted","False","","09/02/2025 09:14 PM MST","","","Transaction_With_Derived_Variables","09/15/2025 01:15 AM MST","10/16/2025 10:01 AM MST","","","","Feature F766576: CRR - Consumer & SBS Card Variables - Consume, Validate data in E1/E2 (Build & Test)","False","AXP PI 25.4","","","","70.0","0 Defined, 0 In-Progress, 4 Completed, 0 Blocked","0 None Run, 0 Blocked, 0 Error, 0 Fail, 0 Inconclusive, 2 Pass","0.0","2",""
"US5997330","Build script to integrate DAM data extraction logic for Merchant with Consumer/SBS and Corporate products","","Feature F757584: CRR - Merchant products Consume, Validate data in E1/E2 (Build & Test)","0","5.0","Accepted","AXP 25.4.20 IP","As a compliance analyst/Manager, I want to source the raw/derived variables from DAM ODLs and build the derived variables so that we can test the feasibility of calculating the CRR scoring as per logic defined for account, customer & Hierarchy scoring. ","Source the raw/derived variables from DAM ODLs.Build raw/derived variablesTesting of the sourced variables from DAM ODLs","Tahcin Ahmed","E_SLPM_ST16_CRR Rule Execution","08/06/2025 10:53 PM MST","10/27/2025 04:07 AM MST","","","False","","#21a2e0","","Tahcin Ahmed","","","","CRR","","0 Submitted, 0 Open, 0 Fixed, 0 Closed, 0 Blocked","0","0","0","0","","","","False","","Accepted","False","","10/14/2025 09:49 PM MST","","","","","10/27/2025 04:07 AM MST","","","","Feature F757584: CRR - Merchant products Consume, Validate data in E1/E2 (Build & Test)","False","AXP PI 25.4","","","","42.0","0 Defined, 0 In-Progress, 4 Completed, 0 Blocked","0 None Run, 0 Blocked, 0 Error, 0 Fail, 0 Inconclusive, 0 Pass","0.0","0",""
"US5994945","SIT Testing - Derived variables - E1","","Feature F766576: CRR - Consumer & SBS Card Variables - Consume, Validate data in E1/E2 (Build & Test)","0","3.0","Accepted","AXP 25.4.19","As a compliance analyst/Manager, i want SIT testing to be performed to test the fetching of the derived variables from the DAM ODLs. ","SIT Testing to be performed.","Tahcin Ahmed","E_SLPM_ST16_CRR Rule Execution","08/06/2025 10:12 AM MST","10/13/2025 09:16 AM MST","","","False","","#21a2e0","","Tahcin Ahmed","","","","CRR","","0 Submitted, 0 Open, 0 Fixed, 2 Closed, 0 Blocked","2","0","0","0","","","","False","","Accepted","False","","09/16/2025 09:23 PM MST","","","","","10/16/2025 10:01 AM MST","","","","Feature F766576: CRR - Consumer & SBS Card Variables - Consume, Validate data in E1/E2 (Build & Test)","False","AXP PI 25.4","","","","42.0","0 Defined, 0 In-Progress, 3 Completed, 0 Blocked","0 None Run, 0 Blocked, 0 Error, 0 Fail, 0 Inconclusive, 0 Pass","0.0","0",""
"US5992635","SIT Testing - Raw variables -E1","Refer """"US6027190: Test Case Preparation for Raw Variables for Consumer & SBS"""" for test cases","Feature F766576: CRR - Consumer & SBS Card Variables - Consume, Validate data in E1/E2 (Build & Test)","1","3.0","Accepted","AXP 25.4.17","As a compliance analyst/Manager, i want SIT testing to be performed to test the fetching of the raw variables from the DAM ODLs. ","SIT Testing to be performed.","Tahcin Ahmed","E_SLPM_ST16_CRR Rule Execution","08/06/2025 02:33 AM MST","09/15/2025 07:30 AM MST","","","False","","#21a2e0","","Tahcin Ahmed","","","","CRR","","0 Submitted, 0 Open, 0 Fixed, 1 Closed, 0 Blocked","1","0","0","0","","","","False","","Accepted","False","","09/03/2025 09:36 PM MST","","","","","10/16/2025 10:01 AM MST","","","","Feature F766576: CRR - Consumer & SBS Card Variables - Consume, Validate data in E1/E2 (Build & Test)","False","AXP PI 25.4","","","","30.0","0 Defined, 0 In-Progress, 3 Completed, 0 Blocked","0 None Run, 0 Blocked, 0 Error, 0 Fail, 0 Inconclusive, 0 Pass","0.0","0",""
"US5995234","SIT Testing for Merchant Raw variables -E1","","Feature F757584: CRR - Merchant products Consume, Validate data in E1/E2 (Build & Test)","0","2.0","Accepted","AXP 25.4.20 IP","As a compliance analyst/Manager, i want SIT testing to be performed to test the fetching of the raw variables from the DAM ODLs. ","SIT Testing to be performed.","Tahcin Ahmed","E_SLPM_ST16_CRR Rule Execution","08/06/2025 10:51 AM MST","10/27/2025 04:06 AM MST","","","False","","#21a2e0","","Tahcin Ahmed","","","","CRR","","0 Submitted, 0 Open, 0 Fixed, 2 Closed, 0 Blocked","2","0","0","0","","","","False","","Accepted","False","","10/23/2025 04:13 AM MST","","","","","11/21/2025 07:36 AM MST","","","","Feature F757584: CRR - Merchant products Consume, Validate data in E1/E2 (Build & Test)","False","AXP PI 25.4","","","","18.0","0 Defined, 0 In-Progress, 2 Completed, 0 Blocked","0 None Run, 0 Blocked, 0 Error, 0 Fail, 0 Inconclusive, 0 Pass","0.0","0",""
"US6167045","SIT Testing - Raw variables -E1","","Feature F811673: CRR - Incremental variables for Cons, SBS, Corp & Merchant (Consume & Validate) in E1","0","3.0","Being Groomed","AXP 25.5.25","As a compliance analyst/Manager, i want SIT testing to be performed to test the fetching of the raw variables from the DAM ODLs. ","SIT Testing to be performed.","Tahcin Ahmed","E_SLPM_ST16_CRR Rule Execution","10/13/2025 07:22 PM MST","","","","False","","#21a2e0","","Tahcin Ahmed","","","","CRR","","0 Submitted, 0 Open, 0 Fixed, 0 Closed, 0 Blocked","0","0","0","0","","","","False","","Being Groomed","False","","","","","","","11/19/2025 09:39 AM MST","","","","Feature F811673: CRR - Incremental variables for Cons, SBS, Corp & Merchant (Consume & Validate) in E1","False","AXP PI 25.5","","","","30.0","3 Defined, 0 In-Progress, 0 Completed, 0 Blocked","0 None Run, 0 Blocked, 0 Error, 0 Fail, 0 Inconclusive, 0 Pass","30.0","0",""
"US5970722","Build flow for calculating Record count between DAM ODL and CRR Extracted Output for SBX trigger to implement Audit controls","","Feature F766576: CRR - Consumer & SBS Card Variables - Consume, Validate data in E1/E2 (Build & Test)","0","3.0","Accepted","AXP 25.4.18","As a compliance manager/analyst, I want to perform an integration testing for CRR and DAM variables. ","Given that Integration testing needs to be performed so that we integrate CRR and DAM. ","Tahcin Ahmed","E_SLPM_ST16_CRR Rule Execution","07/31/2025 12:32 AM MST","09/29/2025 10:35 PM MST","","","False","","#21a2e0","","Satvik Jain","","","","CRR","","0 Submitted, 0 Open, 0 Fixed, 0 Closed, 0 Blocked","0","0","0","0","","","","False","","Accepted","False","","09/21/2025 09:12 PM MST","","","","","10/16/2025 10:01 AM MST","","","","Feature F766576: CRR - Consumer & SBS Card Variables - Consume, Validate data in E1/E2 (Build & Test)","False","AXP PI 25.4","","","","23.0","0 Defined, 0 In-Progress, 3 Completed, 0 Blocked","0 None Run, 0 Blocked, 0 Error, 0 Fail, 0 Inconclusive, 0 Pass","0.0","0",""
"US5994934","End to End Integration testing for DAM Data Extraction for All Products & Audit Utility pipeline","","Feature F736666: CRR - Corporate Variables Consume, Validate data in E1/E2 (Build & Test)","0","2.0","Accepted","AXP 25.4.20 IP","As a compliance manager/analyst, I want to perform an integration testing for CRR and DAM variables. ","Given that Integration testing needs to be performed so that we integrate CRR and DAM. ","Tahcin Ahmed","E_SLPM_ST16_CRR Rule Execution","08/06/2025 10:11 AM MST","10/27/2025 04:05 AM MST","","","False","","#21a2e0","","Tahcin Ahmed","","","","CRR","","0 Submitted, 0 Open, 0 Fixed, 0 Closed, 0 Blocked","0","0","0","1","","","","False","","Accepted","False","","10/16/2025 11:32 AM MST","","","DAM Data Extraction to CRR Env","10/26/2025 11:30 AM MST","10/27/2025 04:05 AM MST","","","","Feature F736666: CRR - Corporate Variables Consume, Validate data in E1/E2 (Build & Test)","False","AXP PI 25.4","","","","32.0","0 Defined, 0 In-Progress, 4 Completed, 0 Blocked","0 None Run, 0 Blocked, 0 Error, 0 Fail, 0 Inconclusive, 1 Pass","0.0","1",""
"US5995208","Testing flow for Audit controls","","Feature F757584: CRR - Merchant products Consume, Validate data in E1/E2 (Build & Test)","0","3.0","Accepted","AXP 25.4.19","As a compliance manager/analyst, I want to perform an integration testing for CRR and DAM variables. ","Given that Integration testing needs to be performed so that we integrate CRR and DAM. ","Tahcin Ahmed","E_SLPM_ST16_CRR Rule Execution","08/06/2025 10:49 AM MST","10/13/2025 09:16 AM MST","","","False","","#21a2e0","","Tahcin Ahmed","","","","CRR","","0 Submitted, 0 Open, 0 Fixed, 0 Closed, 0 Blocked","0","0","0","2","","","","False","","Accepted","False","","10/02/2025 08:30 AM MST","","","Auditing the record for fail","10/13/2025 01:08 AM MST","10/16/2025 10:01 AM MST","","","","Feature F757584: CRR - Merchant products Consume, Validate data in E1/E2 (Build & Test)","False","AXP PI 25.4","","","","26.0","0 Defined, 0 In-Progress, 3 Completed, 0 Blocked","0 None Run, 0 Blocked, 0 Error, 0 Fail, 0 Inconclusive, 2 Pass","0.0","2",""
"US5429203","Creation of GCP / Lumi Project","","Feature F714613: CRR - Infrastructure Procurement","0","1.0","Accepted","AXP 25.1.1","As a developer I want to ensure creation of GCP/Lumi Project","Given that the tech team wants to procure infrastructureWhen they start the development on CRRThey should be able to ensure creation of GCP/Lumi Project","Satvik Jain","E_SLPM_ST16_CRR Rule Execution","12/17/2024 01:47 AM MST","02/03/2025 10:12 PM MST","","","False","","#21a2e0","","Satvik Jain","","","","","","0 Submitted, 0 Open, 0 Fixed, 0 Closed, 0 Blocked","0","0","0","0","","","","False","","Accepted","False","","01/26/2025 09:29 PM MST","","","","","02/03/2025 10:12 PM MST","","","","Feature F714613: CRR - Infrastructure Procurement","False","AXP PI 25.1","","","","12.0","0 Defined, 0 In-Progress, 2 Completed, 0 Blocked","0 None Run, 0 Blocked, 0 Error, 0 Fail, 0 Inconclusive, 0 Pass","0.0","0",""
"US5621348","Build to fetch impacted customer population and attributes for SBX trigger","F717257","Feature F717257: CRR - Integration with DAM for Sandbox scoring (Build)","0","3.0","Accepted","AXP 25.2.9","As a developer, I want to Build to fetch impacted customer population and attributes for SBX trigger","Build to fetch impacted customer population and attributes for SBX trigger","Satvik Jain","E_SLPM_ST16_CRR Rule Execution","03/13/2025 08:18 AM MST","05/26/2025 08:54 AM MST","","","False","","#21a2e0","","Satvik Jain","","","","","","0 Submitted, 0 Open, 0 Fixed, 0 Closed, 0 Blocked","0","0","0","0","","","","False","","Accepted","False","","05/14/2025 03:10 AM MST","","","","","05/26/2025 08:54 AM MST","","","","Feature F717257: CRR - Integration with DAM for Sandbox scoring (Build)","False","AXP PI 25.2","","","","34.0","0 Defined, 0 In-Progress, 3 Completed, 0 Blocked","0 None Run, 0 Blocked, 0 Error, 0 Fail, 0 Inconclusive, 0 Pass","0.0","0",""
"US5567069","Collaboration with Platform Team for LUMI CRR Roadmap","","Feature F714613: CRR - Infrastructure Procurement","0","3.0","Accepted","AXP 25.1.3","As a developer, I want to Collaborate with Lumi team for complete CRR Roadmap so that infra is available on time","Tech team to collaborate with Lumi team for the complete CRR Roadmap","Satvik Jain","E_SLPM_ST16_CRR Rule Execution","02/17/2025 09:55 AM MST","02/25/2025 02:24 AM MST","","","False","","#21a2e0","","Satvik Jain","","","","","","0 Submitted, 0 Open, 0 Fixed, 0 Closed, 0 Blocked","0","0","0","0","","","","False","","Accepted","False","","02/18/2025 08:32 PM MST","","","","","02/25/2025 02:24 AM MST","","","","Feature F714613: CRR - Infrastructure Procurement","False","AXP PI 25.1","","","","10.0","0 Defined, 0 In-Progress, 1 Completed, 0 Blocked","0 None Run, 0 Blocked, 0 Error, 0 Fail, 0 Inconclusive, 0 Pass","0.0","0",""
"US5483937","Code to fetch data for CRR Variables from DAM Tables: Product Type, Postal Code, PEP","","Feature F719551: CRR | Defining Tech Architecture Framework","0","5.0","Accepted","AXP 25.1.3","As a developer, I want to Write Code to fetch data for following CRR related variables from DAM Tables: Product Type, Postal Code, PEP","Given a proof of concept is required for data extraction from DAM, when the POC is executed, then we should have the code to fetch data for following CRR related variables from DAM Tables: Product Type, Postal Code, PEP","Tahcin Ahmed","E_SLPM_ST16_CRR Rule Execution","01/15/2025 01:37 AM MST","03/03/2025 01:06 AM MST","","","False","","#21a2e0","","Satvik Jain","","","","","","0 Submitted, 0 Open, 0 Fixed, 0 Closed, 0 Blocked","0","0","0","0","","","","False","","Accepted","False","","02/23/2025 09:27 PM MST","","","","","03/03/2025 01:06 AM MST","","","","Feature F719551: CRR | Defining Tech Architecture Framework","False","AXP PI 25.1","","","","40.0","0 Defined, 0 In-Progress, 3 Completed, 0 Blocked","0 None Run, 0 Blocked, 0 Error, 0 Fail, 0 Inconclusive, 0 Pass","0.0","0",""
"US5483936","Analysis to extract data from DAM","","Feature F719551: CRR | Defining Tech Architecture Framework","0","5.0","Accepted","AXP 25.1.2","As a developer, I want to analyze and extract data from DAM so that the required data is prepared for CRR scoring integration. NOTE : Need support from DAM team to understand Table Structure and Schema","Given data extraction from DAM is required, when the analysis is conducted, then the findings should inform the extraction process.","Tahcin Ahmed","E_SLPM_ST16_CRR Rule Execution","01/15/2025 01:37 AM MST","02/17/2025 07:51 AM MST","","","False","","#21a2e0","","Satvik Jain","","","","","","0 Submitted, 0 Open, 0 Fixed, 0 Closed, 0 Blocked","0","0","0","0","","","","False","","Accepted","False","","02/06/2025 08:34 AM MST","","","","","02/17/2025 07:51 AM MST","","","","Feature F719551: CRR | Defining Tech Architecture Framework","False","AXP PI 25.1","","","","57.0","0 Defined, 0 In-Progress, 4 Completed, 0 Blocked","0 None Run, 0 Blocked, 0 Error, 0 Fail, 0 Inconclusive, 0 Pass","0.0","0",""
"US5621347","Build and Unit testing for Customer Linkage","F717257","Feature F717257: CRR - Integration with DAM for Sandbox scoring (Build)","0","5.0","Accepted","AXP 25.2.8","As a developer, I want to build and unit testing for customer linkage"," Build and unit testing for customer linkage","Satvik Jain","E_SLPM_ST16_CRR Rule Execution","03/13/2025 08:18 AM MST","05/09/2025 12:54 AM MST","","","False","","#21a2e0","","Satvik Jain","","","","","","0 Submitted, 0 Open, 0 Fixed, 0 Closed, 0 Blocked","0","0","0","1","","","","False","","Accepted","False","","04/30/2025 06:47 AM MST","","","Testing Results","05/09/2025 12:10 AM MST","05/09/2025 12:54 AM MST","","","","Feature F717257: CRR - Integration with DAM for Sandbox scoring (Build)","False","AXP PI 25.2","","","","60.0","0 Defined, 0 In-Progress, 5 Completed, 0 Blocked","0 None Run, 0 Blocked, 0 Error, 0 Fail, 0 Inconclusive, 1 Pass","0.0","1",""
"US5483930","Analysis & Discussion with the Business Team to finalize the approach for Dynamic approach for Max rules","","Feature F717254: CRR - Analysis of Rule computation for Individual Customers","0","5.0","Accepted","AXP 25.1.1","As a developer, I want to collaborate with the business team to finalize the dynamic approach for max rules so that these rules can be flexibly applied across different scoring scenarios.","Given max rules require a dynamic approach, when analysis and discussions with the business team are finalized, then the finalized dynamic approach for max rules should be documented.","Satvik Jain","E_SLPM_ST16_CRR Rule Execution","01/15/2025 01:37 AM MST","02/03/2025 10:12 PM MST","","","False","","#21a2e0","","Satvik Jain","","","","","","0 Submitted, 0 Open, 0 Fixed, 0 Closed, 0 Blocked","0","0","0","0","","","","False","","Accepted","False","","01/20/2025 09:27 PM MST","","","","","02/03/2025 10:12 PM MST","","","","Feature F717254: CRR - Analysis of Rule computation for Individual Customers","False","AXP PI 25.1","","","","65.0","0 Defined, 0 In-Progress, 5 Completed, 0 Blocked","0 None Run, 0 Blocked, 0 Error, 0 Fail, 0 Inconclusive, 0 Pass","0.0","0",""
"US5500501","Design & Documentation : Dynamic approach for Max rules","https://enterprise-confluence.aexp.com/confluence/display/GRCT/Proposed+Max+Rules","Feature F717254: CRR - Analysis of Rule computation for Individual Customers","0","5.0","Accepted","AXP 25.1.1","As a developer, I want to collaborate with the business team to finalize the dynamic approach for max rules so that these rules can be flexibly applied across different scoring scenarios.","Given max rules require a dynamic approach, when analysis and discussions with the business team are finalized, then the finalized dynamic approach for max rules should be documented.","Satvik Jain","E_SLPM_ST16_CRR Rule Execution","01/20/2025 12:49 AM MST","02/03/2025 10:12 PM MST","","","False","","#21a2e0","","Nishant Kashyap","","","","","","0 Submitted, 0 Open, 0 Fixed, 0 Closed, 0 Blocked","0","0","0","0","","","","False","","Accepted","False","","01/20/2025 09:40 PM MST","","","","","02/03/2025 10:12 PM MST","","","","Feature F717254: CRR - Analysis of Rule computation for Individual Customers","False","AXP PI 25.1","","","","60.0","0 Defined, 0 In-Progress, 3 Completed, 0 Blocked","0 None Run, 0 Blocked, 0 Error, 0 Fail, 0 Inconclusive, 0 Pass","0.0","0",""
"US5530924","Design & Documentation : Dynamic approach for Ratio rules","https://enterprise-confluence.aexp.com/confluence/display/GRCT/Proposed+Ratio+Rules In the Sprint Refinement call with Tommy we have discussed regarding Ratio Rule  and aligned that Ratio rules need not to be made dynamic as they are very specific and in the future also there is no use case to add other DataPoints with it.","Feature F717254: CRR - Analysis of Rule computation for Individual Customers","0","5.0","Accepted","AXP 25.1.2","As a developer, I want to collaborate with the business team to finalize the dynamic approach for ratio rules so that these rules can be flexibly applied across different scoring scenarios.","Given max rules require a dynamic approach, when analysis and discussions with the business team are finalized, then the finalized dynamic approach for ratio rules should be documented.","Satvik Jain","E_SLPM_ST16_CRR Rule Execution","01/31/2025 02:26 AM MST","02/17/2025 07:51 AM MST","","","False","","#21a2e0","","Satvik Jain","","","","","","0 Submitted, 0 Open, 0 Fixed, 0 Closed, 0 Blocked","0","0","0","0","","","","False","","Accepted","False","","02/04/2025 08:45 PM MST","","","","","02/17/2025 07:51 AM MST","","","","Feature F717254: CRR - Analysis of Rule computation for Individual Customers","False","AXP PI 25.1","","","","60.0","0 Defined, 0 In-Progress, 4 Completed, 0 Blocked","0 None Run, 0 Blocked, 0 Error, 0 Fail, 0 Inconclusive, 0 Pass","0.0","0",""
"US5593083","Testing for customer level risk rating - Max Rules","","Feature F717254: CRR - Analysis of Rule computation for Individual Customers","0","5.0","Accepted","AXP 25.1.4","As a developer, I want to complete Testing for customer level risk rating - Max Rules","Testing for customer level risk rating - Max Rules","Satvik Jain","E_SLPM_ST16_CRR Rule Execution","03/03/2025 01:16 AM MST","03/17/2025 03:29 AM MST","","","False","","#21a2e0","","Satvik Jain","","","","","","0 Submitted, 0 Open, 0 Fixed, 0 Closed, 0 Blocked","0","0","0","1","","","","False","","Accepted","False","","03/04/2025 09:56 AM MST","","","Testing Results","03/12/2025 10:57 PM MST","03/17/2025 03:29 AM MST","","","","Feature F717254: CRR - Analysis of Rule computation for Individual Customers","False","AXP PI 25.1","","","","34.0","0 Defined, 0 In-Progress, 3 Completed, 0 Blocked","0 None Run, 0 Blocked, 0 Error, 0 Fail, 0 Inconclusive, 1 Pass","0.0","1",""
"US5627252","Build and testing for customer level risk rating - Aggregation Rules","","Feature F717254: CRR - Analysis of Rule computation for Individual Customers","0","5.0","Accepted","AXP 25.1.5 IP","As a developer, I want to complete the build and testing for customer level risk rating - Aggregation rules","Testing for customer level risk rating - Aggregation Rules","Satvik Jain","E_SLPM_ST16_CRR Rule Execution","03/17/2025 04:12 AM MST","03/31/2025 01:57 AM MST","","","False","","#21a2e0","","Satvik Jain","","","","","","0 Submitted, 0 Open, 0 Fixed, 0 Closed, 0 Blocked","0","0","0","1","","","","False","","Accepted","False","","03/17/2025 09:27 PM MST","","","Testing Results","03/28/2025 12:53 AM MST","03/31/2025 01:57 AM MST","","","","Feature F717254: CRR - Analysis of Rule computation for Individual Customers","False","AXP PI 25.1","","","","48.0","0 Defined, 0 In-Progress, 7 Completed, 0 Blocked","0 None Run, 0 Blocked, 0 Error, 0 Fail, 0 Inconclusive, 1 Pass","0.0","1",""
"US5484010","Discovery integration with Cloud SQL for CRR","","Feature F714613: CRR - Infrastructure Procurement","0","3.0","Accepted","AXP 25.1.1","As a developer, I want to conduct a discovery integration with Cloud SQL for CRR so that data can be stored and retrieved efficiently for risk scoring processes.","Given the need to integrate Cloud SQL with CRR,When the discovery process is completed,Then the integration approach should be documented and validated.","Satvik Jain","E_SLPM_ST16_CRR Rule Execution","01/15/2025 01:58 AM MST","02/03/2025 10:12 PM MST","","","False","","#21a2e0","","Satvik Jain","","","","","","0 Submitted, 0 Open, 0 Fixed, 0 Closed, 0 Blocked","0","0","0","0","","","","False","","Accepted","False","","01/20/2025 10:30 PM MST","","","","","02/03/2025 10:12 PM MST","","","","Feature F714613: CRR - Infrastructure Procurement","False","AXP PI 25.1","","","","60.0","0 Defined, 0 In-Progress, 3 Completed, 0 Blocked","0 None Run, 0 Blocked, 0 Error, 0 Fail, 0 Inconclusive, 0 Pass","0.0","0",""
"US5483929","Analysis & Discussion with the Business Team to finalize the approach for Scoring Triggers","","Feature F717254: CRR - Analysis of Rule computation for Individual Customers","0","2.0","Accepted","AXP 25.1.2","As a developer, I want to conduct analysis and discussions with the business team to finalize the approach for scoring triggers so that the system can define and execute consistent and reliable scoring mechanisms.","Given the scoring triggers need to be defined, when the business team completes the analysis and discussion, then the finalized approach for scoring triggers should be documented. ","Satvik Jain","E_SLPM_ST16_CRR Rule Execution","01/15/2025 01:37 AM MST","02/17/2025 07:51 AM MST","","","False","","#21a2e0","","Satvik Jain","","","","","","0 Submitted, 0 Open, 0 Fixed, 0 Closed, 0 Blocked","0","0","0","0","","","","False","","Accepted","False","","02/04/2025 09:48 PM MST","","","","","02/17/2025 07:51 AM MST","","","","Feature F717254: CRR - Analysis of Rule computation for Individual Customers","False","AXP PI 25.1","","","","20.0","0 Defined, 0 In-Progress, 2 Completed, 0 Blocked","0 None Run, 0 Blocked, 0 Error, 0 Fail, 0 Inconclusive, 0 Pass","0.0","0",""
"US5970726","Airflow Dag prep and Testing","","Feature F766576: CRR - Consumer & SBS Card Variables - Consume, Validate data in E1/E2 (Build & Test)","0","2.0","Accepted","AXP 25.4.18","As a developer, I want to conduct the airflow DAG preparation and testing . ","Given that the airflow DAG preparation and testing need to be performed.","Tahcin Ahmed","E_SLPM_ST16_CRR Rule Execution","07/31/2025 12:33 AM MST","09/29/2025 10:35 PM MST","","","False","","#21a2e0","","Satvik Jain","","","","CRR","","0 Submitted, 0 Open, 0 Fixed, 0 Closed, 0 Blocked","0","0","0","0","","","","False","","Accepted","False","","09/16/2025 02:49 AM MST","","","","","10/16/2025 10:01 AM MST","","","","Feature F766576: CRR - Consumer & SBS Card Variables - Consume, Validate data in E1/E2 (Build & Test)","False","AXP PI 25.4","","","","30.0","0 Defined, 0 In-Progress, 3 Completed, 0 Blocked","0 None Run, 0 Blocked, 0 Error, 0 Fail, 0 Inconclusive, 0 Pass","0.0","0",""
"US6167042","Airflow Dag prep and Testing","","Feature F794224: CRR - HRO/ARF/Party Add Char/Account Add Char ( Analysis , Build) in E1","0","2.0","Being Groomed","AXP 25.5.26 IP","As a developer, I want to conduct the airflow DAG preparation and testing . ","Given that the airflow DAG preparation and testing needs to be performed.","Tahcin Ahmed","E_SLPM_ST16_CRR Rule Execution","10/13/2025 07:19 PM MST","","","","False","","#21a2e0","","Tahcin Ahmed","","","","CRR","","0 Submitted, 0 Open, 0 Fixed, 0 Closed, 0 Blocked","0","0","0","0","","","","False","","Being Groomed","False","","","","","","","11/07/2025 12:15 AM MST","","","","Feature F794224: CRR - HRO/ARF/Party Add Char/Account Add Char ( Analysis , Build) in E1","False","AXP PI 25.5","","","","30.0","3 Defined, 0 In-Progress, 0 Completed, 0 Blocked","0 None Run, 0 Blocked, 0 Error, 0 Fail, 0 Inconclusive, 0 Pass","30.0","0",""
"US5483933","Write the code for Max rule logic","","Feature F717254: CRR - Analysis of Rule computation for Individual Customers","0","5.0","Accepted","AXP 25.1.2","As a developer, I want to create a build for max rules so that the feasibility of implementing maximum rules in the system is validated (Max rule logic)","Given a build is needed for max rules, when the build is executed, then the results should validate the feasibility of implementing max rules (max rule logic)","Satvik Jain","E_SLPM_ST16_CRR Rule Execution","01/15/2025 01:37 AM MST","02/17/2025 07:51 AM MST","","","False","","#21a2e0","","Satvik Jain","","","","","","0 Submitted, 0 Open, 0 Fixed, 0 Closed, 0 Blocked","0","0","0","0","","","","False","","Accepted","False","","02/03/2025 12:11 PM MST","","","","","02/17/2025 07:51 AM MST","","","","Feature F717254: CRR - Analysis of Rule computation for Individual Customers","False","AXP PI 25.1","","","","72.0","0 Defined, 0 In-Progress, 6 Completed, 0 Blocked","0 None Run, 0 Blocked, 0 Error, 0 Fail, 0 Inconclusive, 0 Pass","0.0","0",""
"US5530927","Write the code for the Rule evaluation logic","","Feature F717254: CRR - Analysis of Rule computation for Individual Customers","0","5.0","Accepted","AXP 25.1.2","As a developer, I want to create a build for max rules so that the feasibility of implementing maximum rules in the system is validated (Rule evaluation logic)","Given a proof of concept is needed for max rules, when the build is executed, then the results should validate the feasibility of implementing max rules (Rule evaluation logic)","Satvik Jain","E_SLPM_ST16_CRR Rule Execution","01/31/2025 02:28 AM MST","02/17/2025 07:51 AM MST","","","False","","#21a2e0","","Satvik Jain","","","","","","0 Submitted, 0 Open, 0 Fixed, 0 Closed, 0 Blocked","0","0","0","0","","","","False","","Accepted","False","","02/04/2025 09:27 PM MST","","","","","02/17/2025 07:51 AM MST","","","","Feature F717254: CRR - Analysis of Rule computation for Individual Customers","False","AXP PI 25.1","","","","63.0","0 Defined, 0 In-Progress, 5 Completed, 0 Blocked","0 None Run, 0 Blocked, 0 Error, 0 Fail, 0 Inconclusive, 0 Pass","0.0","0",""
"US5483934","Write the code for Aggregation rule logic","","Feature F717254: CRR - Analysis of Rule computation for Individual Customers","0","5.0","Accepted","AXP 25.1.4","As a developer, I want to create a proof of concept (POC) for aggregation rules so that their applicability and impact on scoring are validated.","Given aggregation rules need proof of concept, when the POC is executed, then the results should validate the implementation of aggregation rules.","Satvik Jain","E_SLPM_ST16_CRR Rule Execution","01/15/2025 01:37 AM MST","03/17/2025 03:38 AM MST","","","False","","#21a2e0","","Satvik Jain","","","","","","0 Submitted, 0 Open, 0 Fixed, 0 Closed, 0 Blocked","0","0","0","0","","","","False","","Accepted","False","","03/03/2025 10:17 PM MST","","","","","03/17/2025 03:38 AM MST","","","","Feature F717254: CRR - Analysis of Rule computation for Individual Customers","False","AXP PI 25.1","","","","56.0","0 Defined, 0 In-Progress, 5 Completed, 0 Blocked","0 None Run, 0 Blocked, 0 Error, 0 Fail, 0 Inconclusive, 0 Pass","0.0","0",""
"US5484018","POC Github Actions - Deployment Pipeline","","Feature F714613: CRR - Infrastructure Procurement","0","5.0","Accepted","AXP 25.1.5 IP","As a developer, I want to create a proof of concept (POC) for using GitHub Actions in the deployment pipeline so that the feasibility of automation is validated.","Given CI/CD automation is required,When the POC with GitHub Actions is executed,Then the pipeline should be successfully validated for automated deployment.","Satvik Jain","E_SLPM_ST16_CRR Rule Execution","01/15/2025 01:59 AM MST","03/31/2025 01:57 AM MST","","","False","","#21a2e0","","Satvik Jain","","","","","","0 Submitted, 0 Open, 0 Fixed, 0 Closed, 0 Blocked","0","0","0","0","","","","False","","Accepted","False","","03/25/2025 09:33 PM MST","","","","","03/31/2025 01:57 AM MST","","","","Feature F714613: CRR - Infrastructure Procurement","False","AXP PI 25.1","","","","24.0","0 Defined, 0 In-Progress, 2 Completed, 0 Blocked","0 None Run, 0 Blocked, 0 Error, 0 Fail, 0 Inconclusive, 0 Pass","0.0","0",""
"US5613948","Design the approach to execute the Time Based Rules at monthly interval","","Feature F717256: CRR - Time Based Rule Triggers (Analysis)","0","3.0","Accepted","AXP 25.2.6","As a developer, I want to design the approach to execute the time-based rules at a monthly interval ","Design the approach to execute the Time Based Rules at monthly interval","Satvik Jain","E_SLPM_ST16_CRR Rule Execution","03/10/2025 11:06 PM MST","04/14/2025 09:34 PM MST","","","False","","#21a2e0","","Satvik Jain","","","","","","0 Submitted, 0 Open, 0 Fixed, 0 Closed, 0 Blocked","0","0","0","0","","","","False","","Accepted","False","","04/01/2025 08:30 PM MST","","","","","04/14/2025 09:34 PM MST","","","","Feature F717256: CRR - Time Based Rule Triggers (Analysis)","False","AXP PI 25.2","","","","24.0","0 Defined, 0 In-Progress, 2 Completed, 0 Blocked","0 None Run, 0 Blocked, 0 Error, 0 Fail, 0 Inconclusive, 0 Pass","0.0","0",""
"US5484011","Load Testing & Optimisation for Rule Evaluation Logic","","Feature F714613: CRR - Infrastructure Procurement","0","5.0","Accepted","AXP 25.1.3","As a developer, I want to do Load testing & Optimisation for the Customer Level Rule evaluation logic.","Given that we need a robust risk calculation logic,When code is completed and is ready to be deployed,Then we do proper load testing for the Customer Risk Scoring Logic","Satvik Jain","E_SLPM_ST16_CRR Rule Execution","01/15/2025 01:58 AM MST","03/03/2025 01:06 AM MST","","","False","","#21a2e0","","Satvik Jain","","","","","","0 Submitted, 0 Open, 0 Fixed, 0 Closed, 0 Blocked","0","0","0","1","","","","False","","Accepted","False","","02/18/2025 07:36 AM MST","","","Testing Results","03/03/2025 05:28 AM MST","03/03/2025 05:35 AM MST","","","","Feature F714613: CRR - Infrastructure Procurement","False","AXP PI 25.1","","","","48.0","0 Defined, 0 In-Progress, 6 Completed, 0 Blocked","0 None Run, 0 Blocked, 0 Error, 0 Fail, 0 Inconclusive, 1 Pass","0.0","1",""
"US5632715","Discovery: Airflow DAG to trigger time-based rule execution","","Feature F717256: CRR - Time Based Rule Triggers (Analysis)","0","5.0","Accepted","AXP 25.2.7","As a developer, I want to do a discovery on Airflow DAG to trigger time-based rule execution.This will be done on mock data for now because of requirement for Cloud SQL","Discovery on Airflow DAG to trigger time-based rule execution","Satvik Jain","E_SLPM_ST16_CRR Rule Execution","03/17/2025 09:06 PM MST","04/28/2025 09:35 AM MST","","","False","","#21a2e0","","Satvik Jain","","","","","","0 Submitted, 0 Open, 0 Fixed, 0 Closed, 0 Blocked","0","0","0","0","","","","False","","Accepted","False","","04/14/2025 10:09 PM MST","","","","","04/28/2025 09:35 AM MST","","","","Feature F717256: CRR - Time Based Rule Triggers (Analysis)","False","AXP PI 25.2","","","","54.0","0 Defined, 0 In-Progress, 3 Completed, 0 Blocked","0 None Run, 0 Blocked, 0 Error, 0 Fail, 0 Inconclusive, 0 Pass","0.0","0",""
"US5632714","Discovery: Fetching time-based rules from the UI Tables","","Feature F717256: CRR - Time Based Rule Triggers (Analysis)","0","3.0","Accepted","AXP 25.2.6","As a developer, I want to do a discovery on Fetching time-based rules from the UI Tables","Discovery on Fetching time-based rules from the UI Tables","Satvik Jain","E_SLPM_ST16_CRR Rule Execution","03/17/2025 09:04 PM MST","04/14/2025 09:34 PM MST","","","False","","#21a2e0","","Satvik Jain","","","","","","0 Submitted, 0 Open, 0 Fixed, 0 Closed, 0 Blocked","0","0","0","0","","","","False","","Accepted","False","","03/31/2025 10:43 PM MST","","","","","04/14/2025 09:34 PM MST","","","","Feature F717256: CRR - Time Based Rule Triggers (Analysis)","False","AXP PI 25.2","","","","60.0","0 Defined, 0 In-Progress, 2 Completed, 0 Blocked","0 None Run, 0 Blocked, 0 Error, 0 Fail, 0 Inconclusive, 0 Pass","0.0","0",""
"US5740145","Analysis & Discovery for DAM Data Copier Utility","","Feature F745531: CRR - Testing Framework for CRR Rule Engine","0","3.0","Accepted","AXP 25.2.8","As a developer, I want to do an analysis & discovery for DAM Data copier utility","As a developer, I want to do an analysis & discovery for DAM Data copier utility","Satvik Jain","E_SLPM_ST16_CRR Rule Execution","04/25/2025 02:08 AM MST","05/12/2025 09:44 PM MST","","","False","","#21a2e0","","Satvik Jain","","","","","","0 Submitted, 0 Open, 0 Fixed, 0 Closed, 0 Blocked","0","0","0","0","","","","False","","Accepted","False","","04/28/2025 08:27 PM MST","","","","","05/12/2025 09:44 PM MST","","","","Feature F745531: CRR - Testing Framework for CRR Rule Engine","False","AXP PI 25.2","","","","52.0","0 Defined, 0 In-Progress, 3 Completed, 0 Blocked","0 None Run, 0 Blocked, 0 Error, 0 Fail, 0 Inconclusive, 0 Pass","0.0","0",""
"US5632719","Testing Cloud SQL connectivity with Airflow","","Feature F717256: CRR - Time Based Rule Triggers (Analysis)","0","2.0","Accepted","AXP 25.2.8","As a developer, I want to do testing of cloud SQL connectivity with Airflow"," Testing of cloud SQL connectivity with Airflow","Satvik Jain","E_SLPM_ST16_CRR Rule Execution","03/17/2025 09:07 PM MST","05/12/2025 09:44 PM MST","","","False","","#21a2e0","","Satvik Jain","","","","","","0 Submitted, 0 Open, 0 Fixed, 0 Closed, 0 Blocked","0","0","0","0","","","","False","","Accepted","False","","05/05/2025 10:13 PM MST","","","","","05/12/2025 09:44 PM MST","","","","Feature F717256: CRR - Time Based Rule Triggers (Analysis)","False","AXP PI 25.2","","","","6.0","0 Defined, 0 In-Progress, 1 Completed, 0 Blocked","0 None Run, 0 Blocked, 0 Error, 0 Fail, 0 Inconclusive, 0 Pass","0.0","0",""
"US5533568","Documentation of workflow for Sandbox on confluence","","Feature F717254: CRR - Analysis of Rule computation for Individual Customers","0","3.0","Accepted","AXP 25.1.2","As a developer, I want to document the workflow of Sandbox on confluence so that sandbox can be developed in a proper way in upcoming PI.","Given a sandbox functionality is needed, documentation of workflow for sandbox needs to be completed on confluence.","Satvik Jain","E_SLPM_ST16_CRR Rule Execution","02/03/2025 01:23 AM MST","02/17/2025 07:51 AM MST","","","False","","#21a2e0","","Satvik Jain","","","","","","0 Submitted, 0 Open, 0 Fixed, 0 Closed, 0 Blocked","0","0","0","0","","","","False","","Accepted","False","","02/04/2025 09:48 PM MST","","","","","02/17/2025 07:51 AM MST","","","","Feature F717254: CRR - Analysis of Rule computation for Individual Customers","False","AXP PI 25.1","","","","14.0","0 Defined, 0 In-Progress, 1 Completed, 0 Blocked","0 None Run, 0 Blocked, 0 Error, 0 Fail, 0 Inconclusive, 0 Pass","0.0","0",""
"US5429204","Tech validation on Lumi Project and Services : E1","","Feature F714613: CRR - Infrastructure Procurement","0","5.0","Accepted","AXP 25.1.4","As a developer, I want to ensure tech validation and signoff on project and services allocation","Given that the tech team wants to procure infrastructureWhen they start the development on CRRThey should be able to ensure tech validation and signoff on Project and Services allocation","Satvik Jain","E_SLPM_ST16_CRR Rule Execution","12/17/2024 01:48 AM MST","03/17/2025 03:38 AM MST","","","False","","#21a2e0","","Satvik Jain","","","","","","0 Submitted, 0 Open, 0 Fixed, 0 Closed, 0 Blocked","0","0","0","0","","","","False","","Accepted","False","","03/09/2025 09:27 PM MST","","","","","03/17/2025 03:38 AM MST","","","","Feature F714613: CRR - Infrastructure Procurement","False","AXP PI 25.1","","","","36.0","0 Defined, 0 In-Progress, 1 Completed, 0 Blocked","0 None Run, 0 Blocked, 0 Error, 0 Fail, 0 Inconclusive, 0 Pass","0.0","0",""
"US5627245","Tech validation on Lumi Project and Services : E2","","Feature F714613: CRR - Infrastructure Procurement","0","3.0","Accepted","AXP 25.1.5 IP","As a developer, I want to ensure tech validation and signoff on project and services allocation","Given that the tech team wants to procure infrastructureWhen they start the development on CRRThey should be able to ensure tech validation and signoff on Project and Services allocation","Satvik Jain","E_SLPM_ST16_CRR Rule Execution","03/17/2025 04:11 AM MST","03/31/2025 01:57 AM MST","","","False","","#21a2e0","","Satvik Jain","","","","","","0 Submitted, 0 Open, 0 Fixed, 0 Closed, 0 Blocked","0","0","0","0","","","","False","","Accepted","False","","03/21/2025 04:25 AM MST","","","","","03/31/2025 02:29 AM MST","","","","Feature F714613: CRR - Infrastructure Procurement","False","AXP PI 25.1","","","","56.0","0 Defined, 0 In-Progress, 2 Completed, 0 Blocked","0 None Run, 0 Blocked, 0 Error, 0 Fail, 0 Inconclusive, 0 Pass","0.0","0",""
"US5483938","Discussion to align on the data exchange between DAM & CRR for Event Based Triggers","","Feature F719551: CRR | Defining Tech Architecture Framework","0","3.0","Accepted","AXP 25.1.1","As a developer, I want to facilitate discussions to align on the data exchange process between DAM and CRR so that a streamlined and efficient data flow is established.","Given data exchange processes between DAM and CRR need alignment, when discussions are completed, then a finalized approach for data exchange should be documented.","Tahcin Ahmed","E_SLPM_ST16_CRR Rule Execution","01/15/2025 01:37 AM MST","02/04/2025 01:48 AM MST","","","False","","#21a2e0","","Satvik Jain","","","","","","0 Submitted, 0 Open, 0 Fixed, 0 Closed, 0 Blocked","0","0","0","0","","","","False","","Accepted","False","","01/26/2025 09:30 PM MST","","","","","02/04/2025 01:48 AM MST","","","","Feature F719551: CRR | Defining Tech Architecture Framework","False","AXP PI 25.1","","","","44.0","0 Defined, 0 In-Progress, 2 Completed, 0 Blocked","0 None Run, 0 Blocked, 0 Error, 0 Fail, 0 Inconclusive, 0 Pass","0.0","0",""
"US5621336","Design and Build for Sandbox Triggers","F716860","Feature F716860: CRR - Execution and Build of Sandbox and Simulation","0","3.0","Accepted","AXP 25.2.8","As a developer, I want to fetch data from the Data Access Manager and combine it with the rule structure data from the UI backend so that I can create a unified data frame for rule evaluation in the sandbox.","Given that data from the Data Access Manager is available,When it is fetched and processed,Then it should be correctly structured and stored.Given that the rule structure is retrieved from the UI backend,When the data is merged with the Data Access Manager dataset,Then a properly formatted data frame should be created.Given that the data frame is ready,When rule evaluation is executed,Then the system should correctly apply the rule conditions based on the combined dataset.","Satvik Jain","E_SLPM_ST16_CRR Rule Execution","03/13/2025 08:18 AM MST","05/12/2025 09:44 PM MST","","","False","","#21a2e0","","Satvik Jain","","","","","","0 Submitted, 0 Open, 0 Fixed, 0 Closed, 0 Blocked","0","0","0","0","","","","False","","Accepted","False","","04/28/2025 09:36 PM MST","","","","","05/12/2025 09:44 PM MST","","","","Feature F716860: CRR - Execution and Build of Sandbox and Simulation","False","AXP PI 25.2","","","","36.0","0 Defined, 0 In-Progress, 4 Completed, 0 Blocked","0 None Run, 0 Blocked, 0 Error, 0 Fail, 0 Inconclusive, 0 Pass","0.0","0",""
"US5621335","Design and Build to Fetch the Rule Structure for Sandbox from UI Backend","F716860","Feature F716860: CRR - Execution and Build of Sandbox and Simulation","0","5.0","Accepted","AXP 25.2.7","As a developer, I want to fetch the rule structure from the UI backend so that the sandbox can use the correct rules for simulation runs. This includes retrieving rule logic, conditions, weightings, multipliers, and min-max criteria for risk assessment calculations. This will be done on mock data for now because of requirement for Cloud SQL","1. Given that the user has initiated a sandbox test run, when the system retrieves the rule structure, then it should fetch all relevant rule parameters and configurations from the UI backend.","Satvik Jain","E_SLPM_ST16_CRR Rule Execution","03/13/2025 08:18 AM MST","04/28/2025 09:40 AM MST","","","False","","#21a2e0","","Satvik Jain","","","","","","0 Submitted, 0 Open, 0 Fixed, 0 Closed, 0 Blocked","0","0","0","0","","","","False","","Accepted","False","","04/14/2025 09:33 PM MST","","","","","04/28/2025 09:40 AM MST","","","","Feature F716860: CRR - Execution and Build of Sandbox and Simulation","False","AXP PI 25.2","","","","62.0","0 Defined, 0 In-Progress, 4 Completed, 0 Blocked","0 None Run, 0 Blocked, 0 Error, 0 Fail, 0 Inconclusive, 0 Pass","0.0","0",""
"US5483931","Analysis & Discussion with the Business Team to finalize the approach for Dynamic approach for Aggregation rules","","Feature F717254: CRR - Analysis of Rule computation for Individual Customers","0","5.0","Accepted","AXP 25.1.1","As a developer, I want to finalize the dynamic approach for aggregation rules through discussions with the business team so that aggregation logic can be applied seamlessly in risk scoring.","Given aggregation rules are critical to scoring, when the business team completes discussions, then the finalized approach for dynamic aggregation rules should be documented.","Satvik Jain","E_SLPM_ST16_CRR Rule Execution","01/15/2025 01:37 AM MST","02/03/2025 10:12 PM MST","","","False","","#21a2e0","","Satvik Jain","","","","","","0 Submitted, 0 Open, 0 Fixed, 0 Closed, 0 Blocked","0","0","0","0","","","","False","","Accepted","False","","01/20/2025 10:00 PM MST","","","","","02/03/2025 10:12 PM MST","","","","Feature F717254: CRR - Analysis of Rule computation for Individual Customers","False","AXP PI 25.1","","","","65.0","0 Defined, 0 In-Progress, 4 Completed, 0 Blocked","0 None Run, 0 Blocked, 0 Error, 0 Fail, 0 Inconclusive, 0 Pass","0.0","0",""
"US5500503","Design & Documentation : Dynamic approach for Aggregation rules","https://enterprise-confluence.aexp.com/confluence/display/GRCT/Proposed+Aggregation+Rules","Feature F717254: CRR - Analysis of Rule computation for Individual Customers","0","5.0","Accepted","AXP 25.1.1","As a developer, I want to finalize the dynamic approach for aggregation rules through discussions with the business team so that aggregation logic can be applied seamlessly in risk scoring.","Given aggregation rules are critical to scoring, when the business team completes discussions, then the finalized approach for dynamic aggregation rules should be documented.","Satvik Jain","E_SLPM_ST16_CRR Rule Execution","01/20/2025 12:50 AM MST","02/03/2025 10:12 PM MST","","","False","","#21a2e0","","Nishant Kashyap","","","","","","0 Submitted, 0 Open, 0 Fixed, 0 Closed, 0 Blocked","0","0","0","0","","","","False","","Accepted","False","","01/26/2025 09:32 PM MST","","","","","02/03/2025 10:12 PM MST","","","","Feature F717254: CRR - Analysis of Rule computation for Individual Customers","False","AXP PI 25.1","","","","60.0","0 Defined, 0 In-Progress, 4 Completed, 0 Blocked","0 None Run, 0 Blocked, 0 Error, 0 Fail, 0 Inconclusive, 0 Pass","0.0","0",""
"US5621353","Additional Enhancements for Ratio Rule Code","F717255","Feature F717255: CRR - Rule computation for Individual Customers (Build)","0","3.0","Accepted","AXP 25.2.8","As a developer, I want to implement additional enhancements for the Ratio Rule Code so that it aligns with the latest risk assessment criteria and provides more accurate scoring.","1. Given that enhancements are made to the Income Spend Ratio Rule Code, when the system executes the rule, then it should reflect the latest calculation methods.2. Given that previous versions of the rule exist, when new logic is deployed, then backward compatibility should be maintained.","Satvik Jain","E_SLPM_ST16_CRR Rule Execution","03/13/2025 08:18 AM MST","05/09/2025 12:57 AM MST","","","False","","#21a2e0","","Satvik Jain","","","","","","0 Submitted, 0 Open, 0 Fixed, 0 Closed, 0 Blocked","0","0","0","0","","","","False","","Accepted","False","","04/30/2025 01:55 PM MST","","","","","05/09/2025 12:57 AM MST","","","","Feature F717255: CRR - Rule computation for Individual Customers (Build)","False","AXP PI 25.2","","","","24.0","0 Defined, 0 In-Progress, 2 Completed, 0 Blocked","0 None Run, 0 Blocked, 0 Error, 0 Fail, 0 Inconclusive, 0 Pass","0.0","0",""
"US5593081","Income Ratio Rule-Additional Build and Unit testing","","Feature F717254: CRR - Analysis of Rule computation for Individual Customers","0","3.0","Accepted","AXP 25.1.5 IP","As a developer, I want to make updates to Income Ratio Rule-Additional Build and complete Unit testing","Income Ratio Rule-Additional Build and Unit testing","Satvik Jain","E_SLPM_ST16_CRR Rule Execution","03/03/2025 01:15 AM MST","03/31/2025 01:57 AM MST","","","False","","#21a2e0","","Satvik Jain","","","","","","0 Submitted, 0 Open, 0 Fixed, 0 Closed, 0 Blocked","0","0","0","1","","","","False","","Accepted","False","","03/18/2025 08:21 PM MST","","","1.0","03/31/2025 07:50 AM MST","03/31/2025 07:50 AM MST","","","","Feature F717254: CRR - Analysis of Rule computation for Individual Customers","False","AXP PI 25.1","","","","30.0","0 Defined, 0 In-Progress, 2 Completed, 0 Blocked","0 None Run, 0 Blocked, 0 Error, 0 Fail, 0 Inconclusive, 1 Pass","0.0","1",""
"US5483932","Analysis & Discussion with the Business Team to finalize the approach for Dynamic approach for Ratio rules","","Feature F717254: CRR - Analysis of Rule computation for Individual Customers","0","5.0","Accepted","AXP 25.1.2","As a developer, I want to work with the business team to finalize the dynamic approach for ratio rules so that ratio-based scoring is consistently implemented.","Given ratio rules require a dynamic implementation, when the business team completes analysis and discussions, then the finalized dynamic approach for ratio rules should be documented.","Satvik Jain","E_SLPM_ST16_CRR Rule Execution","01/15/2025 01:37 AM MST","02/17/2025 07:51 AM MST","","","False","","#21a2e0","","Satvik Jain","","","","","","0 Submitted, 0 Open, 0 Fixed, 0 Closed, 0 Blocked","0","0","0","0","","","","False","","Accepted","False","","02/04/2025 08:45 PM MST","","","","","02/17/2025 07:51 AM MST","","","","Feature F717254: CRR - Analysis of Rule computation for Individual Customers","False","AXP PI 25.1","","","","50.0","0 Defined, 0 In-Progress, 4 Completed, 0 Blocked","0 None Run, 0 Blocked, 0 Error, 0 Fail, 0 Inconclusive, 0 Pass","0.0","0",""
"US5593077","Write code for Risk Rule Config setup for Max, Aggregation and Ratio rules","","Feature F717254: CRR - Analysis of Rule computation for Individual Customers","0","5.0","Accepted","AXP 25.1.4","As a developer, I want to write code for Risk Rule Config setup for Max, Aggregation and Ratio rules","Write code for Risk Rule Config setup for Max, Aggregation and Ratio rules","Satvik Jain","E_SLPM_ST16_CRR Rule Execution","03/03/2025 01:13 AM MST","03/17/2025 03:29 AM MST","","","False","","#21a2e0","","Satvik Jain","","","","","","0 Submitted, 0 Open, 0 Fixed, 0 Closed, 0 Blocked","0","0","0","0","","","","False","","Accepted","False","","03/03/2025 09:33 PM MST","","","","","03/17/2025 03:29 AM MST","","","","Feature F717254: CRR - Analysis of Rule computation for Individual Customers","False","AXP PI 25.1","","","","66.0","0 Defined, 0 In-Progress, 6 Completed, 0 Blocked","0 None Run, 0 Blocked, 0 Error, 0 Fail, 0 Inconclusive, 0 Pass","0.0","0",""
"US5483939","Write Code for Customer Level Risk Scoring for Max Rules","","Feature F717254: CRR - Analysis of Rule computation for Individual Customers","0","5.0","Accepted","AXP 25.1.3","As a developer, I want to write the Code for the Customer level risk scoring for Max Rules","Given a customer-level risk scoring logic is required, when the max rules are needed, then we have the code for max rules for customer level risk scoring in place","Satvik Jain","E_SLPM_ST16_CRR Rule Execution","01/15/2025 01:37 AM MST","03/03/2025 09:35 PM MST","","","False","","#21a2e0","","Satvik Jain","","","","","","0 Submitted, 0 Open, 0 Fixed, 0 Closed, 0 Blocked","0","0","0","0","","","","False","","Accepted","False","","02/23/2025 09:27 PM MST","","","","","03/16/2025 11:21 AM MST","","","","Feature F717254: CRR - Analysis of Rule computation for Individual Customers","False","AXP PI 25.1","","","","61.0","0 Defined, 0 In-Progress, 4 Completed, 0 Blocked","0 None Run, 0 Blocked, 0 Error, 0 Fail, 0 Inconclusive, 0 Pass","0.0","0",""
"US5483935","Customer Transaction Amount ratio rule","","Feature F717254: CRR - Analysis of Rule computation for Individual Customers","0","5.0","Accepted","AXP 25.1.3","As a developer, I want to write the code for the Customer Transaction Amount ratio rule for Customer Level Risk Scoring","Given that we need risk scoring for Transaction amount ratio rule, when we move to developement, we can code the logic for customer transaction amount ratio rule","Satvik Jain","E_SLPM_ST16_CRR Rule Execution","01/15/2025 01:37 AM MST","03/03/2025 09:35 PM MST","","","False","","#21a2e0","","Satvik Jain","","","","","","0 Submitted, 0 Open, 0 Fixed, 0 Closed, 0 Blocked","0","0","0","0","","","","False","","Accepted","False","","02/17/2025 10:16 PM MST","","","","","03/03/2025 09:35 PM MST","","","","Feature F717254: CRR - Analysis of Rule computation for Individual Customers","False","AXP PI 25.1","","","","55.0","0 Defined, 0 In-Progress, 5 Completed, 0 Blocked","0 None Run, 0 Blocked, 0 Error, 0 Fail, 0 Inconclusive, 0 Pass","0.0","0",""
"US5567064","Customer Transaction Count ratio rule","","Feature F717254: CRR - Analysis of Rule computation for Individual Customers","0","5.0","Accepted","AXP 25.1.3","As a developer, I want to write the code for the Customer Transaction Count ratio rule for Customer Level Risk Scoring","Given that we need risk scoring for Transaction amount ratio rule, when we move to development, we can code the logic for customer transaction count ratio rule","Satvik Jain","E_SLPM_ST16_CRR Rule Execution","02/17/2025 09:52 AM MST","03/03/2025 09:35 PM MST","","","False","","#21a2e0","","Satvik Jain","","","","","","0 Submitted, 0 Open, 0 Fixed, 0 Closed, 0 Blocked","0","0","0","0","","","","False","","Accepted","False","","02/17/2025 08:57 PM MST","","","","","03/03/2025 09:35 PM MST","","","","Feature F717254: CRR - Analysis of Rule computation for Individual Customers","False","AXP PI 25.1","","","","55.0","0 Defined, 0 In-Progress, 4 Completed, 0 Blocked","0 None Run, 0 Blocked, 0 Error, 0 Fail, 0 Inconclusive, 0 Pass","0.0","0",""
"US5904984","Integration of Audit Control DAG framework for Merchant variables","","Feature F736666: CRR - Corporate Variables Consume, Validate data in E1/E2 (Build & Test)","0","2.0","Accepted","AXP 25.4.20 IP","As a developer, I was to conduct the airflow DAG preparation and testing . ","Given that the airflow DAG preparation and testing.","Tahcin Ahmed","E_SLPM_ST16_CRR Rule Execution","06/26/2025 11:54 AM MST","10/27/2025 04:04 AM MST","","","False","","#21a2e0","","Tahcin Ahmed","","","","CRR","","0 Submitted, 0 Open, 0 Fixed, 0 Closed, 0 Blocked","0","0","0","0","","","","False","","Accepted","False","","10/14/2025 09:21 PM MST","","","","","10/27/2025 04:04 AM MST","","","","Feature F736666: CRR - Corporate Variables Consume, Validate data in E1/E2 (Build & Test)","False","AXP PI 25.4","","","","12.0","0 Defined, 0 In-Progress, 2 Completed, 0 Blocked","0 None Run, 0 Blocked, 0 Error, 0 Fail, 0 Inconclusive, 0 Pass","0.0","0",""
"US5995158","Airflow Dag prep and Testing","","Feature F757584: CRR - Merchant products Consume, Validate data in E1/E2 (Build & Test)","0","2.0","Accepted","AXP 25.4.19","As a developer, I was to conduct the airflow DAG preparation and testing . ","Given that the airflow DAG preparation and testing.","Tahcin Ahmed","E_SLPM_ST16_CRR Rule Execution","08/06/2025 10:43 AM MST","10/13/2025 10:14 PM MST","","","False","","#21a2e0","","Tahcin Ahmed","","","","CRR","","0 Submitted, 0 Open, 0 Fixed, 0 Closed, 0 Blocked","0","0","0","2","","","","False","","Accepted","False","","10/02/2025 08:31 AM MST","","","Alert mail in case of failure using mailing utility","10/13/2025 01:11 AM MST","10/16/2025 10:01 AM MST","","","","Feature F757584: CRR - Merchant products Consume, Validate data in E1/E2 (Build & Test)","False","AXP PI 25.4","","","","28.0","0 Defined, 0 In-Progress, 4 Completed, 0 Blocked","0 None Run, 0 Blocked, 0 Error, 0 Fail, 0 Inconclusive, 2 Pass","0.0","2",""
"US5819187","Build for Customer Final Scoring Logic","Separate out build and test stories -- 5 story points each.. Testing to be picked in next sprint","Feature F761431: CRR - Customer Scoring as per existing logic (Analysis & Build)","0","5.0","Accepted","AXP 25.3.13","As a user, I WANT TO implement and validate the logic that derives a customer-level CRR risk score based on hierarchical account scores and CRR UI rule definitionsSO THAT I can ensure the customer risk rating reflects the cumulative account-level scoring logic and is compliant with the CRR Modernization framework.","GIVEN a customer entity with one or more associated accountsWHEN account-level scores are calculatedTHEN the system must roll up these scores using the predefined hierarchy aggregation logic to derive a single customer-level score GIVEN the CRR UI version has active rule configurationsWHEN the scoring engine evaluates a customerTHEN it must apply the rules from the current CRR UI version and update the customer risk rating accordingly GIVEN a customer with an account hierarchyWHEN one or more underlying accounts are updated with a scoring changeTHEN the derived customer score must automatically reflect the recalculated risk profile within the same scoring batch GIVEN the scoring logic is executed for a batch of customersWHEN the job completesTHEN a results log must capture execution time, number of customers scored, rule version used, and exceptions if any GIVEN a test dataset with controlled inputsWHEN scoring logic is appliedTHEN the results must match expected values aligned with legacy CRR scoring for regression parity GIVEN that a rule change has been made in the CRR UIWHEN the next scheduled or triggered scoring run occursTHEN the updated rule must be applied, and the scoring run must reflect the change in results for affected customers","Tahcin Ahmed","E_SLPM_ST16_CRR Rule Execution","05/28/2025 05:47 AM MST","07/21/2025 09:40 PM MST","","","False","","#21a2e0","","Tahcin Ahmed","","","","CRR","","0 Submitted, 0 Open, 0 Fixed, 0 Closed, 0 Blocked","0","0","0","0","","","","False","","Accepted","False","","07/08/2025 10:42 PM MST","","","","","10/16/2025 10:01 AM MST","","","","Feature F761431: CRR - Customer Scoring as per existing logic (Analysis & Build)","False","AXP PI 25.3","","","","60.0","0 Defined, 0 In-Progress, 5 Completed, 0 Blocked","0 None Run, 0 Blocked, 0 Error, 0 Fail, 0 Inconclusive, 0 Pass","0.0","0",""
"US5887271","DAG preparation for Customer Scoring","","Feature F761431: CRR - Customer Scoring as per existing logic (Analysis & Build)","0","5.0","Accepted","AXP 25.3.14","As a user, I WANT TO implement and validate the logic that derives a customer-level CRR risk score based on hierarchical account scores and CRR UI rule definitionsSO THAT I can ensure the customer risk rating reflects the cumulative account-level scoring logic and is compliant with the CRR Modernization framework.","GIVEN a customer entity with one or more associated accountsWHEN account-level scores are calculatedTHEN the system must roll up these scores using the predefined hierarchy aggregation logic to derive a single customer-level score GIVEN the CRR UI version has active rule configurationsWHEN the scoring engine evaluates a customerTHEN it must apply the rules from the current CRR UI version and update the customer risk rating accordingly GIVEN a customer with an account hierarchyWHEN one or more underlying accounts are updated with a scoring changeTHEN the derived customer score must automatically reflect the recalculated risk profile within the same scoring batch GIVEN the scoring logic is executed for a batch of customersWHEN the job completesTHEN a results log must capture execution time, number of customers scored, rule version used, and exceptions if any GIVEN a test dataset with controlled inputsWHEN scoring logic is appliedTHEN the results must match expected values aligned with legacy CRR scoring for regression parity GIVEN that a rule change has been made in the CRR UIWHEN the next scheduled or triggered scoring run occursTHEN the updated rule must be applied, and the scoring run must reflect the change in results for affected customers","Tahcin Ahmed","E_SLPM_ST16_CRR Rule Execution","06/19/2025 08:39 AM MST","08/04/2025 07:30 AM MST","","","False","","#21a2e0","","Satvik Jain","","","","CRR","","0 Submitted, 0 Open, 0 Fixed, 0 Closed, 0 Blocked","0","0","0","0","","","","False","","Accepted","False","","07/23/2025 09:27 PM MST","","","","","10/16/2025 10:01 AM MST","","","","Feature F761431: CRR - Customer Scoring as per existing logic (Analysis & Build)","False","AXP PI 25.3","","","","34.0","0 Defined, 0 In-Progress, 2 Completed, 0 Blocked","0 None Run, 0 Blocked, 0 Error, 0 Fail, 0 Inconclusive, 0 Pass","0.0","0",""
"US5887273","DAG preparation for Account Scoring","","Feature F717258: CRR - Account Scoring  (Analysis & Build)","0","5.0","Accepted","AXP 25.3.13","As a user, I WANT TO implement and validate the logic that derives a customer-level CRR risk score based on hierarchical account scores and CRR UI rule definitionsSO THAT I can ensure the customer risk rating reflects the cumulative account-level scoring logic and is compliant with the CRR Modernization framework.","GIVEN a customer entity with one or more associated accountsWHEN account-level scores are calculatedTHEN the system must roll up these scores using the predefined hierarchy aggregation logic to derive a single customer-level score GIVEN the CRR UI version has active rule configurationsWHEN the scoring engine evaluates a customerTHEN it must apply the rules from the current CRR UI version and update the customer risk rating accordingly GIVEN a customer with an account hierarchyWHEN one or more underlying accounts are updated with a scoring changeTHEN the derived customer score must automatically reflect the recalculated risk profile within the same scoring batch GIVEN the scoring logic is executed for a batch of customersWHEN the job completesTHEN a results log must capture execution time, number of customers scored, rule version used, and exceptions if any GIVEN a test dataset with controlled inputsWHEN scoring logic is appliedTHEN the results must match expected values aligned with legacy CRR scoring for regression parity GIVEN that a rule change has been made in the CRR UIWHEN the next scheduled or triggered scoring run occursTHEN the updated rule must be applied, and the scoring run must reflect the change in results for affected customers","Tahcin Ahmed","E_SLPM_ST16_CRR Rule Execution","06/19/2025 08:40 AM MST","07/21/2025 09:40 PM MST","","","False","","#21a2e0","","Satvik Jain","","","","CRR","","0 Submitted, 0 Open, 0 Fixed, 0 Closed, 0 Blocked","0","0","0","1","","","","False","","Accepted","False","","07/08/2025 12:35 AM MST","","","Account Rule Evaluation and Scoring","07/20/2025 10:02 PM MST","10/16/2025 10:01 AM MST","","","","Feature F717258: CRR - Account Scoring  (Analysis & Build)","False","AXP PI 25.3","","","","54.0","0 Defined, 0 In-Progress, 3 Completed, 0 Blocked","0 None Run, 0 Blocked, 0 Error, 0 Fail, 0 Inconclusive, 1 Pass","0.0","1",""
"US5918587","Testing Customer Final Scoring Logic","Separate out build and test stories -- 5 story points each.. Testing to be picked in next sprint","Feature F761431: CRR - Customer Scoring as per existing logic (Analysis & Build)","0","1.0","Accepted","AXP 25.3.14","As a user, I WANT TO implement and validate the logic that derives a customer-level CRR risk score based on hierarchical account scores and CRR UI rule definitionsSO THAT I can ensure the customer risk rating reflects the cumulative account-level scoring logic and is compliant with the CRR Modernization framework.","GIVEN a customer entity with one or more associated accountsWHEN account-level scores are calculatedTHEN the system must roll up these scores using the predefined hierarchy aggregation logic to derive a single customer-level score GIVEN the CRR UI version has active rule configurationsWHEN the scoring engine evaluates a customerTHEN it must apply the rules from the current CRR UI version and update the customer risk rating accordingly GIVEN a customer with an account hierarchyWHEN one or more underlying accounts are updated with a scoring changeTHEN the derived customer score must automatically reflect the recalculated risk profile within the same scoring batch GIVEN the scoring logic is executed for a batch of customersWHEN the job completesTHEN a results log must capture execution time, number of customers scored, rule version used, and exceptions if any GIVEN a test dataset with controlled inputsWHEN scoring logic is appliedTHEN the results must match expected values aligned with legacy CRR scoring for regression parity GIVEN that a rule change has been made in the CRR UIWHEN the next scheduled or triggered scoring run occursTHEN the updated rule must be applied, and the scoring run must reflect the change in results for affected customers","Tahcin Ahmed","E_SLPM_ST16_CRR Rule Execution","07/07/2025 07:25 AM MST","08/04/2025 07:30 AM MST","","","False","","#21a2e0","","Satvik Jain","","","","CRR","","0 Submitted, 0 Open, 0 Fixed, 0 Closed, 0 Blocked","0","0","0","1","","","","False","","Accepted","False","","07/30/2025 06:01 AM MST","","","E1 Testing Results","07/30/2025 06:00 AM MST","10/16/2025 10:01 AM MST","","","","Feature F761431: CRR - Customer Scoring as per existing logic (Analysis & Build)","False","AXP PI 25.3","","","","10.0","0 Defined, 0 In-Progress, 1 Completed, 0 Blocked","0 None Run, 0 Blocked, 0 Error, 0 Fail, 0 Inconclusive, 1 Pass","0.0","1",""
"US5946537","Continuation of Customer Max Rule Testing.","","Feature F761431: CRR - Customer Scoring as per existing logic (Analysis & Build)","0","1.0","Accepted","AXP 25.3.14","As a user, I WANT TO implement and validate the logic that derives a customer-level CRR risk score based on hierarchical account scores and CRR UI rule definitionsSO THAT I can ensure the customer risk rating reflects the cumulative account-level scoring logic and is compliant with the CRR Modernization framework.","GIVEN a customer entity with one or more associated accountsWHEN account-level scores are calculatedTHEN the system must roll up these scores using the predefined hierarchy aggregation logic to derive a single customer-level score GIVEN the CRR UI version has active rule configurationsWHEN the scoring engine evaluates a customerTHEN it must apply the rules from the current CRR UI version and update the customer risk rating accordingly GIVEN a customer with an account hierarchyWHEN one or more underlying accounts are updated with a scoring changeTHEN the derived customer score must automatically reflect the recalculated risk profile within the same scoring batch GIVEN the scoring logic is executed for a batch of customersWHEN the job completesTHEN a results log must capture execution time, number of customers scored, rule version used, and exceptions if any GIVEN a test dataset with controlled inputsWHEN scoring logic is appliedTHEN the results must match expected values aligned with legacy CRR scoring for regression parity GIVEN that a rule change has been made in the CRR UIWHEN the next scheduled or triggered scoring run occursTHEN the updated rule must be applied, and the scoring run must reflect the change in results for affected customers","Tahcin Ahmed","E_SLPM_ST16_CRR Rule Execution","07/21/2025 08:44 AM MST","08/04/2025 07:30 AM MST","","","False","","#21a2e0","","Tahcin Ahmed","","","","CRR","","0 Submitted, 0 Open, 0 Fixed, 0 Closed, 0 Blocked","0","0","0","0","","","","False","","Accepted","False","","07/21/2025 10:21 PM MST","","","","","10/16/2025 10:01 AM MST","","","","Feature F761431: CRR - Customer Scoring as per existing logic (Analysis & Build)","False","AXP PI 25.3","","","","14.0","0 Defined, 0 In-Progress, 2 Completed, 0 Blocked","0 None Run, 0 Blocked, 0 Error, 0 Fail, 0 Inconclusive, 0 Pass","0.0","0",""
"US5946501","Implementing Risk Element Scope change for CRR Scoring","","Feature F761431: CRR - Customer Scoring as per existing logic (Analysis & Build)","0","5.0","Accepted","AXP 25.3.14","As a user, I WANT TO implement risk element scope change SO THAT I can ensure the customer risk rating reflects the cumulative customer-level scoring logic and is compliant with the CRR Modernization framework.","Given that the risk element scope is changed so that the customer risk rating reflects the cumulative customer-level scoring logic and is compliant with the CRR Modernization framework.","Tahcin Ahmed","E_SLPM_ST16_CRR Rule Execution","07/21/2025 08:38 AM MST","08/04/2025 07:29 AM MST","","","False","","#21a2e0","","Tahcin Ahmed","","","","CRR","","0 Submitted, 0 Open, 0 Fixed, 0 Closed, 0 Blocked","0","0","0","0","","","","False","","Accepted","False","","07/22/2025 06:51 AM MST","","","","","10/16/2025 10:01 AM MST","","","","Feature F761431: CRR - Customer Scoring as per existing logic (Analysis & Build)","False","AXP PI 25.3","","","","75.0","0 Defined, 0 In-Progress, 8 Completed, 0 Blocked","0 None Run, 0 Blocked, 0 Error, 0 Fail, 0 Inconclusive, 0 Pass","0.0","0",""
"US5819748","Analysis & Integration for Prohibited Scoring","","Feature F717258: CRR - Account Scoring  (Analysis & Build)","0","3.0","Accepted","AXP 25.3.12","As a user, I want to perform analysis and integrate Prohibited scoring to ensure the customer risk rating reflects the cumulative account-level scoring logic and is compliant with the CRR Modernization framework.","GIVEN a customer entity with one or more associated accountsWHEN account-level scores are calculatedTHEN the system must roll up these scores using the predefined hierarchy aggregation logic to derive a single customer-level score GIVEN the CRR UI version has active rule configurationsWHEN the scoring engine evaluates a customerTHEN it must apply the rules from the current CRR UI version and update the customer risk rating accordingly GIVEN a customer with an account hierarchyWHEN one or more underlying accounts are updated with a scoring changeTHEN the derived customer score must automatically reflect the recalculated risk profile within the same scoring batch GIVEN the scoring logic is executed for a batch of customersWHEN the job completesTHEN a results log must capture execution time, number of customers scored, rule version used, and exceptions if any GIVEN a test dataset with controlled inputsWHEN scoring logic is appliedTHEN the results must match expected values aligned with legacy CRR scoring for regression parity GIVEN that a rule change has been made in the CRR UIWHEN the next scheduled or triggered scoring run occursTHEN the updated rule must be applied, and the scoring run must reflect the change in results for affected customers","Tahcin Ahmed","E_SLPM_ST16_CRR Rule Execution","05/28/2025 07:32 AM MST","07/07/2025 07:18 AM MST","","","False","","#21a2e0","","Tahcin Ahmed","","","","CRR","","0 Submitted, 0 Open, 0 Fixed, 0 Closed, 0 Blocked","0","0","0","1","","","","False","","Accepted","False","","06/29/2025 11:55 PM MST","","","Prohibited Scoring","07/06/2025 09:45 PM MST","10/16/2025 10:01 AM MST","","","","Feature F717258: CRR - Account Scoring  (Analysis & Build)","False","AXP PI 25.3","","","","30.0","0 Defined, 0 In-Progress, 3 Completed, 0 Blocked","0 None Run, 0 Blocked, 0 Error, 0 Fail, 0 Inconclusive, 1 Pass","0.0","1",""
"US5613887","Save a Version Upon Submission","","","0","","Being Groomed","","As a user, I want the system to save my assessment as a version when I click “Submit” so that I can track changes over time. ","Given that a user clicks “Submit”,When the system processes the request,Then it should store the assessment configuration as a new version.","Satvik Jain","S_Second Line Platform Modernization (SLPM)","03/10/2025 10:17 PM MST","","","","False","","#21a2e0","","Satvik Jain","","","","","","0 Submitted, 0 Open, 0 Fixed, 0 Closed, 0 Blocked","0","0","0","0","","","","False","","Being Groomed","False","","","","","","","05/29/2025 09:26 AM MST","","","","","False","","","","","0.0","0 Defined, 0 In-Progress, 0 Completed, 0 Blocked","0 None Run, 0 Blocked, 0 Error, 0 Fail, 0 Inconclusive, 0 Pass","0.0","0",""
"US5863426","Preparation of Rule Configuration data according to the new UI Setup","","Feature F717258: CRR - Account Scoring  (Analysis & Build)","0","3.0","Accepted","AXP 25.3.11","As a user, I want the team to complete Preparation of Rule Configuration data according to the new UI Setup","GIVEN that tech team needs to do analysis of CRR Account Scoring as per Existing POD Logic WHEN tech team starts preparationTHEN there should be complete Preparation of Rule Configuration data according to the new UI Setup","Tahcin Ahmed","E_SLPM_ST16_CRR Rule Execution","06/09/2025 08:36 AM MST","06/23/2025 10:01 PM MST","","","False","","#21a2e0","","Satvik Jain","","","","CRR","","0 Submitted, 0 Open, 0 Fixed, 0 Closed, 0 Blocked","0","0","0","0","","","","False","","Accepted","False","","06/09/2025 08:30 PM MST","","","","","10/16/2025 10:01 AM MST","","","","Feature F717258: CRR - Account Scoring  (Analysis & Build)","False","AXP PI 25.3","","","","24.0","0 Defined, 0 In-Progress, 2 Completed, 0 Blocked","0 None Run, 0 Blocked, 0 Error, 0 Fail, 0 Inconclusive, 0 Pass","0.0","0",""
"US5863438","Moving attribute data from POD to GCP for validation","","Feature F717258: CRR - Account Scoring  (Analysis & Build)","0","2.0","Accepted","AXP 25.3.11","As a user, I want the team to complete moving attribute data from POD to GCP for validation","GIVEN that tech team needs to do analysis of CRR Account Scoring as per Existing POD Logic WHEN tech team starts preparationTHEN there should complete moving attribute data from POD to GCP for validation","Tahcin Ahmed","E_SLPM_ST16_CRR Rule Execution","06/09/2025 08:39 AM MST","06/23/2025 10:01 PM MST","","","False","","#21a2e0","","Satvik Jain","","","","CRR","","0 Submitted, 0 Open, 0 Fixed, 0 Closed, 0 Blocked","0","0","0","0","","","","False","","Accepted","False","","06/15/2025 09:35 PM MST","","","","","10/16/2025 10:01 AM MST","","","","Feature F717258: CRR - Account Scoring  (Analysis & Build)","False","AXP PI 25.3","","","","10.0","0 Defined, 0 In-Progress, 1 Completed, 0 Blocked","0 None Run, 0 Blocked, 0 Error, 0 Fail, 0 Inconclusive, 0 Pass","0.0","0",""
"US6144808","Creation of Schema and table structure","","Feature F757376: CRR - Sandbox Analysis of Results Dashboard in E1/E2","0","5.0","Accepted","AXP 25.5.21","As a user, I want to create Big query table for customer and account stats (sandbox and production) to be utilized for the dashboard","GIVEN user opens account or customer tab in CRR stats, then columns (Center, Product, Legal Entity, Risk Score, Independent Accounts, Hierarchical Accounts, Independent Hierarchies) are displayed along with relevant data for account and customer","Suprana Sengupta","E_SLPM_ST16_CRR Rule Execution","10/07/2025 12:38 AM MST","11/10/2025 03:06 AM MST","","","False","","#df1a7b","","Suprana Sengupta","","","","","","0 Submitted, 0 Open, 0 Fixed, 0 Closed, 0 Blocked","0","0","0","0","","","","False","","Accepted","False","","11/05/2025 07:36 AM MST","","","","","11/10/2025 03:06 AM MST","","","","Feature F757376: CRR - Sandbox Analysis of Results Dashboard in E1/E2","False","AXP PI 25.5","","","","42.0","0 Defined, 0 In-Progress, 6 Completed, 0 Blocked","0 None Run, 0 Blocked, 0 Error, 0 Fail, 0 Inconclusive, 0 Pass","0.0","0",""
"US5613903","Roll Back to a Previous Version","","","0","","Being Groomed","","As a user, I want to restore an earlier version of my assessment so that I can revert changes if needed. ","Given that the user clicks “Rollback” on a previous version,When the system processes the request,Then it should restore the assessment to that version. ","Satvik Jain","S_Second Line Platform Modernization (SLPM)","03/10/2025 10:23 PM MST","","","","False","","#21a2e0","","Satvik Jain","","","","","","0 Submitted, 0 Open, 0 Fixed, 0 Closed, 0 Blocked","0","0","0","0","","","","False","","Being Groomed","False","","","","","","","05/29/2025 09:26 AM MST","","","","","False","","","","","0.0","0 Defined, 0 In-Progress, 0 Completed, 0 Blocked","0 None Run, 0 Blocked, 0 Error, 0 Fail, 0 Inconclusive, 0 Pass","0.0","0",""
"US5613888","Track Simulation Progress","","","0","","Being Groomed","","As a user, I want to see the simulation progress and estimated completion time so that I know when to expect results. ","Given that a simulation is running,When the user views the progress,Then they should see a progress bar and an estimated completion time tooltip.","Satvik Jain","S_Second Line Platform Modernization (SLPM)","03/10/2025 10:17 PM MST","","","","False","","#21a2e0","","Satvik Jain","","","","","","0 Submitted, 0 Open, 0 Fixed, 0 Closed, 0 Blocked","0","0","0","0","","","","False","","Being Groomed","False","","","","","","","05/29/2025 09:26 AM MST","","","","","False","","","","","0.0","0 Defined, 0 In-Progress, 0 Completed, 0 Blocked","0 None Run, 0 Blocked, 0 Error, 0 Fail, 0 Inconclusive, 0 Pass","0.0","0",""
"US5613893","Stop a Simulation Run","","","0","","Being Groomed","","As a user, I want to stop the sandbox simulation at any time so that I can adjust configurations if needed. ","Given that a simulation is in progress,When the user clicks “Stop”,Then the system should immediately halt the simulation.","Satvik Jain","S_Second Line Platform Modernization (SLPM)","03/10/2025 10:20 PM MST","","","","False","","#21a2e0","","Satvik Jain","","","","","","0 Submitted, 0 Open, 0 Fixed, 0 Closed, 0 Blocked","0","0","0","0","","","","False","","Being Groomed","False","","","","","","","05/29/2025 09:26 AM MST","","","","","False","","","","","0.0","0 Defined, 0 In-Progress, 0 Completed, 0 Blocked","0 None Run, 0 Blocked, 0 Error, 0 Fail, 0 Inconclusive, 0 Pass","0.0","0",""
"US5819750","E2E testing for Account Scoring module","","Feature F717258: CRR - Account Scoring  (Analysis & Build)","0","5.0","Accepted","AXP 25.3.14","As a user, I would want to test the Account scoring module.","Given that e2e testing needs to be done for the build of the account scoring module ","Tahcin Ahmed","E_SLPM_ST16_CRR Rule Execution","05/28/2025 07:33 AM MST","08/04/2025 07:30 AM MST","","","False","","#21a2e0","","Tahcin Ahmed","","","","CRR","","0 Submitted, 0 Open, 0 Fixed, 0 Closed, 0 Blocked","0","0","0","1","","","","False","","Accepted","False","","07/21/2025 08:43 PM MST","","","E2E Account Scoring Testing and Validation","08/03/2025 11:30 PM MST","10/16/2025 10:01 AM MST","","","","Feature F717258: CRR - Account Scoring  (Analysis & Build)","False","AXP PI 25.3","","","","60.0","0 Defined, 0 In-Progress, 3 Completed, 0 Blocked","0 None Run, 0 Blocked, 0 Error, 0 Fail, 0 Inconclusive, 1 Pass","0.0","1",""
"US5904967","E2E testing for Account Scoring module","","Feature F762607: CRR -  Account, Customer & Hierarchy Scoring as per POA Individual logic in E1  (Build and Deploy PI 26.4","0","0.0","Being Groomed","","As a user, I would want to test the Account scoring module.","Given that e2e testing needs to be done for the build of the account scoring module SO THAT the account scoring module could be validated and produce the accurate scoring. ","Tahcin Ahmed","E_SLPM_ST16_CRR Rule Execution","06/26/2025 11:43 AM MST","","","","False","","#21a2e0","","Tahcin Ahmed","","","","CRR","","0 Submitted, 0 Open, 0 Fixed, 0 Closed, 0 Blocked","0","0","0","0","","","","False","","Being Groomed","False","","","","","","","10/16/2025 10:01 AM MST","","","","Feature F762607: CRR -  Account, Customer & Hierarchy Scoring as per POA Individual logic in E1  (Build and Deploy PI 26.4","False","AXP PI 25.5","","","","0.0","0 Defined, 0 In-Progress, 0 Completed, 0 Blocked","0 None Run, 0 Blocked, 0 Error, 0 Fail, 0 Inconclusive, 0 Pass","0.0","0",""
"US5905905","Integration Testing & Validation","","Feature F762612: CRR - Hierarchy Scoring as per existing logic in E2 Not needed given its combined w othe rfeature)","0","","Being Groomed","","As a user, i want to conduct testing and validate the hierarchy scoring. ","Given that the integration is complete when testing and validation of the hierarchy coring needs to be completed.","Tahcin Ahmed","E_SLPM_ST16_CRR Rule Execution","06/27/2025 03:45 AM MST","","","","False","","#21a2e0","","Tahcin Ahmed","","","","CRR","","0 Submitted, 0 Open, 0 Fixed, 0 Closed, 0 Blocked","0","0","0","0","","","","False","","Being Groomed","False","","","","","","","10/16/2025 10:01 AM MST","","","","Feature F762612: CRR - Hierarchy Scoring as per existing logic in E2 Not needed given its combined w othe rfeature)","False","AXP PI 25.5","","","","0.0","0 Defined, 0 In-Progress, 0 Completed, 0 Blocked","0 None Run, 0 Blocked, 0 Error, 0 Fail, 0 Inconclusive, 0 Pass","0.0","0",""
"US5767252","(CRR Rebaselining) Build : Rule Application logic for Acct & Cust","","Feature F716860: CRR - Execution and Build of Sandbox and Simulation","0","2.0","Accepted","AXP 25.2.9","Build : Rule Application logic for Acct & Cust (CRR Rebaselining)","Build : Rule Application logic for Acct & Cust","Satvik Jain","E_SLPM_ST16_CRR Rule Execution","05/09/2025 12:30 AM MST","05/26/2025 08:54 AM MST","","","False","","#21a2e0","","Satvik Jain","","","","","","0 Submitted, 0 Open, 0 Fixed, 0 Closed, 0 Blocked","0","0","0","1","","","","False","","Accepted","False","","05/15/2025 02:26 AM MST","","","25.2.9","05/25/2025 08:54 PM MST","05/26/2025 08:54 AM MST","","","","Feature F716860: CRR - Execution and Build of Sandbox and Simulation","False","AXP PI 25.2","","","","24.0","0 Defined, 0 In-Progress, 2 Completed, 0 Blocked","0 None Run, 0 Blocked, 0 Error, 0 Fail, 0 Inconclusive, 1 Pass","0.0","1",""
"US5970597","Build for consumption of Delta Events from Dam","","Feature F762615: CRR- Integration of DAM delta events with CRR Pilot Build for E1","0","5.0","Accepted","AXP 25.4.17","Build for consumption of Delta Events from Dam","Build for consumption of Delta Events from Dam","Satvik Jain","E_SLPM_ST16_CRR Rule Execution","07/30/2025 11:38 PM MST","09/15/2025 07:29 AM MST","","","False","","#21a2e0","","Satvik Jain","","","","CRR","","0 Submitted, 0 Open, 0 Fixed, 0 Closed, 0 Blocked","0","0","0","1","","","","False","","Accepted","False","","09/03/2025 06:25 AM MST","","","Consumption of the message from Pub/Sub and ingestion into BigQuery","09/10/2025 09:53 PM MST","10/16/2025 10:01 AM MST","","","","Feature F762615: CRR- Integration of DAM delta events with CRR Pilot Build for E1","False","AXP PI 25.4","","","","46.0","0 Defined, 0 In-Progress, 5 Completed, 0 Blocked","0 None Run, 0 Blocked, 0 Error, 0 Fail, 0 Inconclusive, 1 Pass","0.0","1",""
"US5970601","Build of Sub Batching logic for CRR Execution","","Feature F762615: CRR- Integration of DAM delta events with CRR Pilot Build for E1","0","5.0","Accepted","AXP 25.4.18","Build of Sub Batching logic for CRR Execution","Build of Sub Batching logic for CRR Execution","Satvik Jain","E_SLPM_ST16_CRR Rule Execution","07/30/2025 11:40 PM MST","09/29/2025 10:02 AM MST","","","False","","#21a2e0","","Satvik Jain","","","","CRR","","0 Submitted, 0 Open, 0 Fixed, 0 Closed, 0 Blocked","0","0","0","1","","","","False","","Accepted","False","","09/16/2025 04:29 AM MST","","","Creation of Sub Batches","09/28/2025 10:35 PM MST","10/16/2025 10:01 AM MST","","","","Feature F762615: CRR- Integration of DAM delta events with CRR Pilot Build for E1","False","AXP PI 25.4","","","","55.0","0 Defined, 0 In-Progress, 5 Completed, 0 Blocked","0 None Run, 0 Blocked, 0 Error, 0 Fail, 0 Inconclusive, 1 Pass","0.0","1",""
"US5657262","Design & Discovery of RTF to Pub/Sub Consumer framework","","Feature F747040: CRR - Event Sourcing for publishing and consuming of events (Discovery)","0","3.0","Accepted","AXP 25.2.7","Design of Consumer Framework","Design of Consumer Framework","Satvik Jain","E_SLPM_ST16_CRR Rule Execution","03/24/2025 01:50 AM MST","04/28/2025 09:35 AM MST","","","False","","#21a2e0","","Satvik Jain","","","","","","0 Submitted, 0 Open, 0 Fixed, 0 Closed, 0 Blocked","0","0","0","0","","","","False","","Accepted","False","","04/14/2025 09:40 PM MST","","","","","04/28/2025 09:35 AM MST","","","","Feature F747040: CRR - Event Sourcing for publishing and consuming of events (Discovery)","False","AXP PI 25.2","","","","42.0","0 Defined, 0 In-Progress, 2 Completed, 0 Blocked","0 None Run, 0 Blocked, 0 Error, 0 Fail, 0 Inconclusive, 0 Pass","0.0","0",""
"US5767255","(CRR Rebaselining) Discovery & Analysis for changes in Rule Evaluation Acct Level - Aggregation Rules","","Feature F717255: CRR - Rule computation for Individual Customers (Build)","0","5.0","Accepted","AXP 25.2.9","Discovery & Analysis for changes in Rule Evaluation Acct Level - Aggregation Rules","Discovery & Analysis for changes in Rule Evaluation Acct Level - Aggregation Rules","Satvik Jain","E_SLPM_ST16_CRR Rule Execution","05/09/2025 12:31 AM MST","05/26/2025 08:54 AM MST","","","False","","#21a2e0","","Satvik Jain","","","","","","0 Submitted, 0 Open, 0 Fixed, 0 Closed, 0 Blocked","0","0","0","0","","","","False","","Accepted","False","","05/11/2025 10:18 PM MST","","","","","05/26/2025 08:54 AM MST","","","","Feature F717255: CRR - Rule computation for Individual Customers (Build)","False","AXP PI 25.2","","","","58.0","0 Defined, 0 In-Progress, 3 Completed, 0 Blocked","0 None Run, 0 Blocked, 0 Error, 0 Fail, 0 Inconclusive, 0 Pass","0.0","0",""
"US5767254","(CRR Rebaselining) Discovery & Analysis for changes in Rule Evaluation Acct Level - Max Rules","","Feature F717255: CRR - Rule computation for Individual Customers (Build)","0","5.0","Accepted","AXP 25.2.9","Discovery & Analysis for changes in Rule Evaluation Acct Level - Max Rules","Discovery & Analysis for changes in Rule Evaluation Acct Level - Max Rules","Satvik Jain","E_SLPM_ST16_CRR Rule Execution","05/09/2025 12:30 AM MST","05/26/2025 08:54 AM MST","","","False","","#21a2e0","","Satvik Jain","","","","","","0 Submitted, 0 Open, 0 Fixed, 0 Closed, 0 Blocked","0","0","0","1","","","","False","","Accepted","False","","05/18/2025 09:29 PM MST","","","Account Level Max Rule - Data Validation testing","05/26/2025 08:39 PM MST","05/26/2025 08:42 PM MST","","","","Feature F717255: CRR - Rule computation for Individual Customers (Build)","False","AXP PI 25.2","","","","46.0","0 Defined, 0 In-Progress, 3 Completed, 0 Blocked","0 None Run, 0 Blocked, 0 Error, 0 Fail, 0 Inconclusive, 1 Pass","0.0","1",""
"US5686109","Discovery of Customer linkage logic","","Feature F717257: CRR - Integration with DAM for Sandbox scoring (Build)","0","5.0","Accepted","AXP 25.2.7","Discovery of Customer linkage logic","Discovery of Customer linkage logic","Satvik Jain","E_SLPM_ST16_CRR Rule Execution","03/31/2025 08:59 AM MST","04/28/2025 09:35 AM MST","","","False","","#21a2e0","","Satvik Jain","","","","","","0 Submitted, 0 Open, 0 Fixed, 0 Closed, 0 Blocked","0","0","0","0","","","","False","","Accepted","False","","04/15/2025 10:55 AM MST","","","","","04/28/2025 09:35 AM MST","","","","Feature F717257: CRR - Integration with DAM for Sandbox scoring (Build)","False","AXP PI 25.2","","","","46.0","0 Defined, 0 In-Progress, 4 Completed, 0 Blocked","0 None Run, 0 Blocked, 0 Error, 0 Fail, 0 Inconclusive, 0 Pass","0.0","0",""
"US5657299","Exploration of Event sourcing Python SDK for publishing events for Rule Execution","","Feature F747040: CRR - Event Sourcing for publishing and consuming of events (Discovery)","0","5.0","Accepted","AXP 25.2.8","Exploration of Event sourcing Python SDK for publishing events for Rule Execution","Exploration of Event sourcing Python SDK for publishing events for Rule Execution","Satvik Jain","E_SLPM_ST16_CRR Rule Execution","03/24/2025 01:56 AM MST","05/12/2025 09:44 PM MST","","","False","","#21a2e0","","Satvik Jain","","","","","","0 Submitted, 0 Open, 0 Fixed, 0 Closed, 0 Blocked","0","0","0","0","","","","False","","Accepted","False","","05/04/2025 09:37 PM MST","","","","","05/12/2025 09:44 PM MST","","","","Feature F747040: CRR - Event Sourcing for publishing and consuming of events (Discovery)","False","AXP PI 25.2","","","","42.0","0 Defined, 0 In-Progress, 3 Completed, 0 Blocked","0 None Run, 0 Blocked, 0 Error, 0 Fail, 0 Inconclusive, 0 Pass","0.0","0",""
"US5767257","GHA integration for Testing Framework","","Feature F745531: CRR - Testing Framework for CRR Rule Engine","0","5.0","Accepted","AXP 25.2.9","GHA integration for Testing Framework","GHA integration for Testing Framework","Satvik Jain","E_SLPM_ST16_CRR Rule Execution","05/09/2025 12:31 AM MST","05/26/2025 08:58 AM MST","","","False","","#21a2e0","","Satvik Jain","","","","","","0 Submitted, 0 Open, 0 Fixed, 0 Closed, 0 Blocked","0","0","0","0","","","","False","","Accepted","False","","05/12/2025 09:42 PM MST","","","","","05/26/2025 08:58 AM MST","","","","Feature F745531: CRR - Testing Framework for CRR Rule Engine","False","AXP PI 25.2","","","","60.0","0 Defined, 0 In-Progress, 3 Completed, 0 Blocked","0 None Run, 0 Blocked, 0 Error, 0 Fail, 0 Inconclusive, 0 Pass","0.0","0",""
"US6088724","Integration of Data Extraction from Cloud SQL","","Feature F775706: CRR - Calculate CRR in Sandbox & Simulation in E2","0","5.0","Accepted","AXP 25.5.21","Integration of Data Extraction from Cloud SQL","Integration of Data Extraction from Cloud SQL","Satvik Jain","E_SLPM_ST16_CRR Rule Execution","09/11/2025 09:14 AM MST","11/07/2025 01:08 AM MST","","","False","","#21a2e0","","Satvik Jain","","","","CRR","","0 Submitted, 0 Open, 0 Fixed, 0 Closed, 0 Blocked","0","0","0","1","","","","False","","Accepted","False","","10/28/2025 09:28 PM MST","","","CLoud SQL Integration","11/04/2025 11:27 PM MST","11/07/2025 01:08 AM MST","","","","Feature F775706: CRR - Calculate CRR in Sandbox & Simulation in E2","False","AXP PI 25.5","","","","48.0","0 Defined, 0 In-Progress, 4 Completed, 0 Blocked","0 None Run, 0 Blocked, 0 Error, 0 Fail, 0 Inconclusive, 1 Pass","0.0","1",""
"US5657287","POC for Dataflow pipeline to consume Pub/Sub message and store in BQ based on filter logic.","","Feature F747040: CRR - Event Sourcing for publishing and consuming of events (Discovery)","0","5.0","Accepted","AXP 25.2.9","POC for Dataflow pipeline to consume Pub/Sub message and store in BQ based on filter logic.","POC for Dataflow pipeline to consume Pub/Sub message and store in BQ based on filter logic.","Satvik Jain","E_SLPM_ST16_CRR Rule Execution","03/24/2025 01:54 AM MST","05/26/2025 08:54 AM MST","","","False","","#21a2e0","","Satvik Jain","","","","","","0 Submitted, 0 Open, 0 Fixed, 0 Closed, 0 Blocked","0","0","0","0","","","","False","","Accepted","False","","05/18/2025 09:31 PM MST","","","","","05/26/2025 08:54 AM MST","","","","Feature F747040: CRR - Event Sourcing for publishing and consuming of events (Discovery)","False","AXP PI 25.2","","","","30.0","0 Defined, 0 In-Progress, 2 Completed, 0 Blocked","0 None Run, 0 Blocked, 0 Error, 0 Fail, 0 Inconclusive, 0 Pass","0.0","0",""
"US5970582","Pilot Build for event publishing to eBNC","","Feature F762615: CRR- Integration of DAM delta events with CRR Pilot Build for E1","0","2.0","Accepted","AXP 25.4.20 IP","Pilot Build for event publishing to eBNC","Pilot Build for event publishing to eBNC","Satvik Jain","E_SLPM_ST16_CRR Rule Execution","07/30/2025 11:36 PM MST","10/27/2025 04:06 AM MST","","","False","","#21a2e0","","Satvik Jain","","","","CRR","","0 Submitted, 0 Open, 0 Fixed, 0 Closed, 0 Blocked","0","0","0","0","","","","False","","Accepted","False","","10/15/2025 08:40 PM MST","","","","","10/27/2025 04:06 AM MST","","","","Feature F762615: CRR- Integration of DAM delta events with CRR Pilot Build for E1","False","AXP PI 25.4","","","","10.0","0 Defined, 0 In-Progress, 1 Completed, 0 Blocked","0 None Run, 0 Blocked, 0 Error, 0 Fail, 0 Inconclusive, 0 Pass","0.0","0",""
"US5819826","Prep for PI Planning","","Feature F736658: CRR - Consumer & SBS Card Variables - Calculate CRR with New DAM ODL (POC)","0","5.0","Accepted","AXP 25.3.15 IP","Reserving capacity for pre PI Planning","Reserving capacity for pre PI Planning","Tahcin Ahmed","E_SLPM_ST16_CRR Rule Execution","05/28/2025 07:44 AM MST","08/18/2025 02:43 AM MST","","","False","","#21a2e0","","Tahcin Ahmed","","","","CRR","","0 Submitted, 0 Open, 0 Fixed, 0 Closed, 0 Blocked","0","0","0","0","","","","False","","Accepted","False","","08/04/2025 10:35 PM MST","","","","","10/16/2025 10:01 AM MST","","","","Feature F736658: CRR - Consumer & SBS Card Variables - Calculate CRR with New DAM ODL (POC)","False","AXP PI 25.3","","","","75.0","0 Defined, 0 In-Progress, 6 Completed, 0 Blocked","0 None Run, 0 Blocked, 0 Error, 0 Fail, 0 Inconclusive, 0 Pass","0.0","0",""
"US5767251","Risk Rule Config Creation by importing data from Cloud SQL","","Feature F716860: CRR - Execution and Build of Sandbox and Simulation","0","3.0","Accepted","AXP 25.2.9","Risk Rule Config Creation by importing data from Cloud SQL","Risk Rule Config Creation by importing data from Cloud SQL","Satvik Jain","E_SLPM_ST16_CRR Rule Execution","05/09/2025 12:30 AM MST","05/26/2025 08:54 AM MST","","","False","","#21a2e0","","Satvik Jain","","","","","","0 Submitted, 0 Open, 0 Fixed, 0 Closed, 0 Blocked","0","0","0","1","","","","False","","Accepted","False","","05/12/2025 09:23 PM MST","","","25.2.9","05/25/2025 08:52 PM MST","05/26/2025 08:54 AM MST","","","","Feature F716860: CRR - Execution and Build of Sandbox and Simulation","False","AXP PI 25.2","","","","36.0","0 Defined, 0 In-Progress, 4 Completed, 0 Blocked","0 None Run, 0 Blocked, 0 Error, 0 Fail, 0 Inconclusive, 1 Pass","0.0","1",""
"US6027190","Test Case Preparation for Raw Variables for Consumer & SBS","For Acceptance criteriaUS5970719: Build & Unit testing for sourcing Raw variables from DAM ODLsUS5970717: Build & Unit testing for sourcing Derived variables from DAM ODLs ","Feature F766576: CRR - Consumer & SBS Card Variables - Consume, Validate data in E1/E2 (Build & Test)","0","3.0","Accepted","AXP 25.4.16","Test Case Preparation for Raw & Derived Variables","Test Case Preparation for Raw & Derived Variables","Tahcin Ahmed","E_SLPM_ST16_CRR Rule Execution","08/13/2025 10:21 PM MST","09/01/2025 10:33 PM MST","","","False","","#21a2e0","","Satvik Jain","","","","CRR","","0 Submitted, 0 Open, 0 Fixed, 0 Closed, 0 Blocked","0","0","0","19","","","","False","","Accepted","False","","08/19/2025 02:46 AM MST","","","E1","10/24/2025 04:35 AM MST","10/16/2025 10:01 AM MST","","","","Feature F766576: CRR - Consumer & SBS Card Variables - Consume, Validate data in E1/E2 (Build & Test)","False","AXP PI 25.4","","","","36.0","0 Defined, 0 In-Progress, 3 Completed, 0 Blocked","0 None Run, 0 Blocked, 0 Error, 0 Fail, 0 Inconclusive, 19 Pass","0.0","19",""
"US6066580","Test Case Preparation for Derived Variables for Consumer & SBS, Merchant","For Acceptance criteriaUS5970719: Build & Unit testing for sourcing Raw variables from DAM ODLsUS5970717: Build & Unit testing for sourcing Derived variables from DAM ODLs ","Feature F766576: CRR - Consumer & SBS Card Variables - Consume, Validate data in E1/E2 (Build & Test)","0","2.0","Accepted","AXP 25.4.17","Test Case Preparation for Raw & Derived Variables","Test Case Preparation for Raw & Derived Variables","Tahcin Ahmed","E_SLPM_ST16_CRR Rule Execution","09/01/2025 03:48 AM MST","09/15/2025 07:30 AM MST","","","False","","#21a2e0","","Satvik Jain","","","","CRR","","0 Submitted, 0 Open, 0 Fixed, 0 Closed, 0 Blocked","0","0","0","0","","","","False","","Accepted","False","","09/03/2025 09:35 PM MST","","","","","10/16/2025 10:01 AM MST","","","","Feature F766576: CRR - Consumer & SBS Card Variables - Consume, Validate data in E1/E2 (Build & Test)","False","AXP PI 25.4","","","","18.0","0 Defined, 0 In-Progress, 2 Completed, 0 Blocked","15 None Run, 0 Blocked, 0 Error, 0 Fail, 0 Inconclusive, 0 Pass","0.0","15",""
"US6027208","Test Case preparation for Raw Variables for Merchant","For ACUS5995138: Build & Unit testing for sourcing Raw variables from DAM ODLs","Feature F757584: CRR - Merchant products Consume, Validate data in E1/E2 (Build & Test)","0","2.0","Accepted","AXP 25.4.16","Test Case preparation for Raw & Derived Variables","Test Case preparation for Raw & Derived Variables","Tahcin Ahmed","E_SLPM_ST16_CRR Rule Execution","08/13/2025 10:25 PM MST","09/01/2025 10:33 PM MST","","","False","","#21a2e0","","Satvik Jain","","","","CRR","","0 Submitted, 0 Open, 0 Fixed, 0 Closed, 0 Blocked","0","0","0","0","","","","False","","Accepted","False","","08/29/2025 03:03 AM MST","","","","","10/16/2025 10:01 AM MST","","","","Feature F757584: CRR - Merchant products Consume, Validate data in E1/E2 (Build & Test)","False","AXP PI 25.4","","","","24.0","0 Defined, 0 In-Progress, 2 Completed, 0 Blocked","1 None Run, 0 Blocked, 0 Error, 0 Fail, 0 Inconclusive, 0 Pass","0.0","1",""
"US5970598","Testing for consumption of Delta Events from Dam","","Feature F762615: CRR- Integration of DAM delta events with CRR Pilot Build for E1","0","2.0","Accepted","AXP 25.4.20 IP","Testing for consumption of Delta Events from Dam","Testing for consumption of Delta Events from Dam","Satvik Jain","E_SLPM_ST16_CRR Rule Execution","07/30/2025 11:38 PM MST","10/27/2025 04:06 AM MST","","","False","","#21a2e0","","Satvik Jain","","","","CRR","","0 Submitted, 0 Open, 0 Fixed, 0 Closed, 0 Blocked","0","0","0","1","","","","False","","Accepted","False","","10/15/2025 06:22 AM MST","","","Consumption of the message from Pub/Sub and ingestion into BigQuery","10/23/2025 09:08 PM MST","10/27/2025 04:06 AM MST","","","","Feature F762615: CRR- Integration of DAM delta events with CRR Pilot Build for E1","False","AXP PI 25.4","","","","24.0","0 Defined, 0 In-Progress, 2 Completed, 0 Blocked","0 None Run, 0 Blocked, 0 Error, 0 Fail, 0 Inconclusive, 1 Pass","0.0","1",""
"US5970600","Testing of Sub Batching logic for CRR Execution","","Feature F762615: CRR- Integration of DAM delta events with CRR Pilot Build for E1","0","3.0","Accepted","AXP 25.4.19","Testing of Sub Batching logic for CRR Execution","Testing of Sub Batching logic for CRR Execution","Satvik Jain","E_SLPM_ST16_CRR Rule Execution","07/30/2025 11:39 PM MST","10/08/2025 05:45 PM MST","","","False","","#21a2e0","","Satvik Jain","","","","CRR","","0 Submitted, 0 Open, 0 Fixed, 0 Closed, 0 Blocked","0","0","0","1","","","","False","","Accepted","False","","10/06/2025 06:29 AM MST","","","Creation of Sub Batches","10/07/2025 08:30 PM MST","10/16/2025 10:01 AM MST","","","","Feature F762615: CRR- Integration of DAM delta events with CRR Pilot Build for E1","False","AXP PI 25.4","","","","20.0","0 Defined, 0 In-Progress, 1 Completed, 0 Blocked","0 None Run, 0 Blocked, 0 Error, 0 Fail, 0 Inconclusive, 1 Pass","0.0","1",""
"US6160874","Test Case Creation","","Feature F775706: CRR - Calculate CRR in Sandbox & Simulation in E2","0","5.0","Accepted","AXP 25.5.21","This user story is created to prepare for SIT for test case and test data preparation. ","This user story is created to prepare for SIT for test case and test data preparation. ","Satvik Jain","E_SLPM_ST16_CRR Rule Execution","10/13/2025 04:03 AM MST","11/10/2025 10:11 PM MST","","","False","","#21a2e0","","Tahcin Ahmed","","","","CRR","","0 Submitted, 0 Open, 0 Fixed, 0 Closed, 0 Blocked","0","0","0","0","","","","False","","Accepted","False","","11/09/2025 09:22 PM MST","","","","","11/10/2025 10:11 PM MST","","","","Feature F775706: CRR - Calculate CRR in Sandbox & Simulation in E2","False","AXP PI 25.5","","","","60.0","0 Defined, 0 In-Progress, 4 Completed, 0 Blocked","50 None Run, 0 Blocked, 0 Error, 0 Fail, 0 Inconclusive, 0 Pass","0.0","50",""
"US6219477","CRR- UAT - Editing an existing risk assessment - F716185","","Feature F774977: CRR - Sandbox Integration for Fundamental Assessment in E1/ E2","0","","Defined","","To conduct UAT - Editing an existing risk assessment - F716185","To conduct UAT - Editing an existing risk assessment - F716185","Suprana Sengupta","S_Second Line Platform Modernization (SLPM)","10/28/2025 01:29 AM MST","","","","False","","#df1a7b","","Suprana Sengupta","","","","","","0 Submitted, 0 Open, 0 Fixed, 0 Closed, 0 Blocked","0","0","0","0","","","","False","","Defined","False","","","","","","","10/28/2025 01:30 AM MST","","","","Feature F774977: CRR - Sandbox Integration for Fundamental Assessment in E1/ E2","False","","","","","0.0","0 Defined, 0 In-Progress, 0 Completed, 0 Blocked","0 None Run, 0 Blocked, 0 Error, 0 Fail, 0 Inconclusive, 0 Pass","0.0","0",""
"US6219493","CRR - UAT - Setup Risk category and risk element screen - F739019","","Feature F774977: CRR - Sandbox Integration for Fundamental Assessment in E1/ E2","0","","Defined","","To conduct CRR - UAT - Setup Risk category and risk element screen - F739019","To conduct CRR - UAT - Setup Risk category and risk element screen - F739019","Suprana Sengupta","S_Second Line Platform Modernization (SLPM)","10/28/2025 01:31 AM MST","","","","False","","#df1a7b","","Suprana Sengupta","","","","","","0 Submitted, 0 Open, 0 Fixed, 0 Closed, 0 Blocked","0","0","0","0","","","","False","","Defined","False","","","","","","","10/28/2025 01:42 AM MST","","","","Feature F774977: CRR - Sandbox Integration for Fundamental Assessment in E1/ E2","False","","","","","0.0","0 Defined, 0 In-Progress, 0 Completed, 0 Blocked","0 None Run, 0 Blocked, 0 Error, 0 Fail, 0 Inconclusive, 0 Pass","0.0","0",""
"US6219543","CRR- UAT - Establish core risk categories","","Feature F774977: CRR - Sandbox Integration for Fundamental Assessment in E1/ E2","0","","Defined","","To conduct UAT for  Establish core risk categories","To conduct UAT for  Establish core risk categories","Suprana Sengupta","S_Second Line Platform Modernization (SLPM)","10/28/2025 01:43 AM MST","","","","False","","#df1a7b","","Suprana Sengupta","","","","","","0 Submitted, 0 Open, 0 Fixed, 0 Closed, 0 Blocked","0","0","0","0","","","","False","","Defined","False","","","","","","","10/28/2025 01:44 AM MST","","","","Feature F774977: CRR - Sandbox Integration for Fundamental Assessment in E1/ E2","False","","","","","0.0","0 Defined, 0 In-Progress, 0 Completed, 0 Blocked","0 None Run, 0 Blocked, 0 Error, 0 Fail, 0 Inconclusive, 0 Pass","0.0","0",""
"US6219460","CRR- UAT for Create new assessment - F712450","","Feature F774977: CRR - Sandbox Integration for Fundamental Assessment in E1/ E2","0","","Defined","","To conduct UAT for feature F712450 to create new assessment","To conduct UAT for feature F712450 to create new assessment","Suprana Sengupta","S_Second Line Platform Modernization (SLPM)","10/28/2025 01:26 AM MST","","","","False","","#df1a7b","","Suprana Sengupta","","","","","","0 Submitted, 0 Open, 0 Fixed, 0 Closed, 0 Blocked","0","0","0","0","","","","False","","Defined","False","","","","","","","10/28/2025 01:27 AM MST","","","","Feature F774977: CRR - Sandbox Integration for Fundamental Assessment in E1/ E2","False","","","","","0.0","0 Defined, 0 In-Progress, 0 Completed, 0 Blocked","0 None Run, 0 Blocked, 0 Error, 0 Fail, 0 Inconclusive, 0 Pass","0.0","0",""
"US6219446","CRR - UAT for FA - F716834","","Feature F774977: CRR - Sandbox Integration for Fundamental Assessment in E1/ E2","0","","Defined","","To do UAT for entire Fundamental Assessment functionality","To do UAT for entire Fundamental Assessment functionality","Suprana Sengupta","S_Second Line Platform Modernization (SLPM)","10/28/2025 01:23 AM MST","","","","False","","#df1a7b","","Suprana Sengupta","","","","","","0 Submitted, 0 Open, 0 Fixed, 0 Closed, 0 Blocked","0","0","0","0","","","","False","","Defined","False","","","","","","","10/28/2025 01:25 AM MST","","","","Feature F774977: CRR - Sandbox Integration for Fundamental Assessment in E1/ E2","False","","","","","0.0","0 Defined, 0 In-Progress, 0 Completed, 0 Blocked","0 None Run, 0 Blocked, 0 Error, 0 Fail, 0 Inconclusive, 0 Pass","0.0","0",""
"US5822005","CRR - Request Lumi E3 Project Space","","Feature F717262: CRR - Enabler: E3 Infra setup to enable future deployment","0","1.0","Accepted","AXP 25.3.13","AS A Technical Owner I WANT TO submit a project space request in Lumi E3 SO THAT infrastructure planning can begin","GIVEN Lumi space request is submitted WHEN it is approved THEN project identifiers are available to the team","Satvik Jain","E_SLPM_ST16_CRR Rule Execution","05/28/2025 01:10 PM MST","07/21/2025 02:51 AM MST","","","False","","#21a2e0","","Satvik Jain","","","","CRR","","0 Submitted, 0 Open, 0 Fixed, 0 Closed, 0 Blocked","0","0","0","0","","","","False","","Accepted","False","","07/13/2025 09:36 PM MST","","","","","10/16/2025 10:01 AM MST","","","","Feature F717262: CRR - Enabler: E3 Infra setup to enable future deployment","False","AXP PI 25.3","","","","2.0","0 Defined, 0 In-Progress, 1 Completed, 0 Blocked","0 None Run, 0 Blocked, 0 Error, 0 Fail, 0 Inconclusive, 0 Pass","0.0","0",""
"US5621337","Aggregation and Score Mapping for Customers","F716860","Feature F716860: CRR - Execution and Build of Sandbox and Simulation","0","5.0","Accepted","AXP 25.2.6","As a developer, I want to aggregate individual rule scores and map them to customers so that the final risk score can be calculated and assigned correctly. This involves summing up weighted risk elements, applying min-max conditions, and ensuring threshold mapping.","1. Given that element-level risk scores are calculated, when they are aggregated, then the system should correctly compute the total risk score for each customer.2. Given that multiple rules apply to a single customer, when min-max criteria are applied, then the system should assign the correct final score based on the configured logic.3. Given that final risk scores are computed, when they are mapped to customers, then the system should ensure that each customer receives an accurate and validated risk score.","Satvik Jain","E_SLPM_ST16_CRR Rule Execution","03/13/2025 08:18 AM MST","04/14/2025 09:34 PM MST","","","False","","#21a2e0","","Satvik Jain","","","","","","0 Submitted, 0 Open, 0 Fixed, 0 Closed, 0 Blocked","0","0","0","0","","","","False","","Accepted","False","","04/01/2025 12:28 AM MST","","","","","04/14/2025 09:34 PM MST","","","","Feature F716860: CRR - Execution and Build of Sandbox and Simulation","False","AXP PI 25.2","","","","60.0","0 Defined, 0 In-Progress, 3 Completed, 0 Blocked","0 None Run, 0 Blocked, 0 Error, 0 Fail, 0 Inconclusive, 0 Pass","0.0","0",""
"US5621346","Analysis and Design for Data Pulled from DAM","F717257https://enterprise-confluence.aexp.com/confluence/display/GRCT/DAM+Data+pull+Design ","Feature F717257: CRR - Integration with DAM for Sandbox scoring (Build)","0","5.0","Accepted","AXP 25.2.6","As a developer, I want to analyze and design the approach for pulling data from DAM so that the system can source customer information efficiently for CRR rule computation.","Given that DAM is the data source, when the system pulls customer information, then we should design an approach to correctly retrieve relevant variables for CRR rule computation","Satvik Jain","E_SLPM_ST16_CRR Rule Execution","03/13/2025 08:18 AM MST","04/14/2025 09:34 PM MST","","","False","","#21a2e0","","Satvik Jain","","","","","","0 Submitted, 0 Open, 0 Fixed, 0 Closed, 0 Blocked","0","0","0","0","","","","False","","Accepted","False","","04/01/2025 06:44 AM MST","","","","","04/14/2025 09:34 PM MST","","","","Feature F717257: CRR - Integration with DAM for Sandbox scoring (Build)","False","AXP PI 25.2","","","","51.0","0 Defined, 0 In-Progress, 5 Completed, 0 Blocked","0 None Run, 0 Blocked, 0 Error, 0 Fail, 0 Inconclusive, 0 Pass","0.0","0",""
"US5621341","Discovery and Integration of RTF Events with Dataflow/BigQuery","F717264","Feature F717264: CRR - Event Based Rule Triggers (Analysis, Build)","0","5.0","Defined","","As a developer, I want to analyze and integrate RTF (Real-Time Framework) events with Dataflow and BigQuery so that data can be processed and stored for further CRR-related computations.","1. Given that RTF events are available, when they are integrated with Dataflow/BigQuery, then they should be stored and processed correctly.2. Given that the integration fails, when an event is processed, then the system should retry and log the failure appropriately.","Satvik Jain","E_SLPM_ST16_CRR Rule Execution","03/13/2025 08:18 AM MST","","","","False","","#21a2e0","","Satvik Jain","","","","","","0 Submitted, 0 Open, 0 Fixed, 0 Closed, 0 Blocked","0","0","0","0","","","","False","","Defined","False","","","","","","","08/07/2025 11:07 AM MST","","","","Feature F717264: CRR - Event Based Rule Triggers (Analysis, Build)","False","","","","","0.0","0 Defined, 0 In-Progress, 0 Completed, 0 Blocked","0 None Run, 0 Blocked, 0 Error, 0 Fail, 0 Inconclusive, 0 Pass","0.0","0",""
"US5621352","Build of Rule Computation Logic - Aggregate Rules","F717255","Feature F717255: CRR - Rule computation for Individual Customers (Build)","0","5.0","Accepted","AXP 25.2.6","As a developer, I want to build the rule computation logic for Aggregate Rules so that aggregated risk scores are computed accurately based on predefined aggregation methods.","1. Given that aggregation logic is defined, when the system executes risk scoring, then it should apply the correct aggregation formulas.2. Given that an edge case occurs in the aggregation, when the system processes data, then it should handle it without computation failures.","Satvik Jain","E_SLPM_ST16_CRR Rule Execution","03/13/2025 08:18 AM MST","04/14/2025 09:34 PM MST","","","False","","#21a2e0","","Satvik Jain","","","","","","0 Submitted, 0 Open, 0 Fixed, 0 Closed, 0 Blocked","0","0","0","0","","","","False","","Accepted","False","","04/09/2025 09:33 PM MST","","","","","04/14/2025 11:30 PM MST","","","","Feature F717255: CRR - Rule computation for Individual Customers (Build)","False","AXP PI 25.2","","","","30.0","0 Defined, 0 In-Progress, 4 Completed, 0 Blocked","0 None Run, 0 Blocked, 0 Error, 0 Fail, 0 Inconclusive, 0 Pass","0.0","0",""
"US5621351","Build of Rule Computation Logic - Max Rules","F717255","Feature F717255: CRR - Rule computation for Individual Customers (Build)","0","5.0","Accepted","AXP 25.2.6","As a developer, I want to build the rule computation logic for Max Rules so that the system can correctly apply the maximum rule logic in risk scoring calculations.","1. Given that the Max Rule logic is defined, when the system executes risk scoring, then it should apply the correct maximum rule conditions.2. Given that invalid data is encountered, when the Max Rule computation runs, then the system should log errors and continue processing unaffected records.","Satvik Jain","E_SLPM_ST16_CRR Rule Execution","03/13/2025 08:18 AM MST","04/14/2025 09:34 PM MST","","","False","","#21a2e0","","Satvik Jain","","","","","","0 Submitted, 0 Open, 0 Fixed, 0 Closed, 0 Blocked","0","0","0","0","","","","False","","Accepted","False","","03/31/2025 09:39 PM MST","","","","","04/14/2025 11:31 PM MST","","","","Feature F717255: CRR - Rule computation for Individual Customers (Build)","False","AXP PI 25.2","","","","52.0","0 Defined, 0 In-Progress, 5 Completed, 0 Blocked","0 None Run, 0 Blocked, 0 Error, 0 Fail, 0 Inconclusive, 0 Pass","0.0","0",""
"US5621342","Discovery: Consume RTF Events and Check for CRR-Related Change","F717264","Feature F717264: CRR - Event Based Rule Triggers (Analysis, Build)","0","5.0","Defined","","As a developer, I want to consume RTF events and check if they include any CRR-related changes so that only relevant events trigger rule recalculations.","1. Given that an RTF event is received, when the system checks for CRR-related changes, then it should filter relevant events based on predefined criteria.2. Given that a non-relevant event is processed, when the system runs validation, then it should discard the event without unnecessary processing.","Satvik Jain","E_SLPM_ST16_CRR Rule Execution","03/13/2025 08:18 AM MST","","","","False","","#21a2e0","","Satvik Jain","","","","","","0 Submitted, 0 Open, 0 Fixed, 0 Closed, 0 Blocked","0","0","0","0","","","","False","","Defined","False","","","","","","","08/07/2025 11:07 AM MST","","","","Feature F717264: CRR - Event Based Rule Triggers (Analysis, Build)","False","","","","","0.0","0 Defined, 0 In-Progress, 0 Completed, 0 Blocked","0 None Run, 0 Blocked, 0 Error, 0 Fail, 0 Inconclusive, 0 Pass","0.0","0",""
"US5621338","Airflow DAG Creation for triggering Sandbox","F716860","Feature F716860: CRR - Execution and Build of Sandbox and Simulation","0","2.0","Accepted","AXP 25.2.9","As a developer, I want to create an end-to-end Airflow DAG to orchestrate the sandbox execution workflow so that all processes in the pipeline are scheduled and executed correctly. This includes data fetching, rule execution, scoring, aggregation, and result storage.","1. Given that a sandbox run is triggered, when the Airflow DAG is executed, then all tasks should be processed in the correct sequence.2. Given that a task within the DAG fails, when error handling logic is applied, then the system should log the failure and retry based on predefined retry policies.3. Given that all tasks in the DAG complete successfully, when the sandbox run finishes, then the system should store the results in the appropriate location (e.g., database or BigQuery).","Satvik Jain","E_SLPM_ST16_CRR Rule Execution","03/13/2025 08:18 AM MST","05/26/2025 07:05 AM MST","","","False","","#21a2e0","","Satvik Jain","","","","","","0 Submitted, 0 Open, 0 Fixed, 0 Closed, 0 Blocked","0","0","0","0","","","","False","","Accepted","False","","05/13/2025 01:25 AM MST","","","","","05/26/2025 07:05 AM MST","","","","Feature F716860: CRR - Execution and Build of Sandbox and Simulation","False","AXP PI 25.2","","","","22.0","0 Defined, 0 In-Progress, 2 Completed, 0 Blocked","0 None Run, 0 Blocked, 0 Error, 0 Fail, 0 Inconclusive, 0 Pass","0.0","0",""
"US5621358","Airflow DAG Creation and Testing for Rule Evaluation (Max/Agg/Ratio)","F717255","Feature F717255: CRR - Rule computation for Individual Customers (Build)","0","3.0","Accepted","AXP 25.2.8","As a developer, I want to create and test an Airflow DAG for Max Rules so that data extraction, transformation, and execution are properly orchestrated.","1. Given that the Airflow DAG for Max Rules is created, when a test run is executed, then all data flow steps should be successfully completed.2. Given that a failure occurs in the DAG execution, when retry logic is applied, then the system should handle errors gracefully.","Satvik Jain","E_SLPM_ST16_CRR Rule Execution","03/13/2025 08:18 AM MST","05/12/2025 09:44 PM MST","","","False","","#21a2e0","","Satvik Jain","","","","","","0 Submitted, 0 Open, 0 Fixed, 0 Closed, 0 Blocked","0","0","0","0","","","","False","","Accepted","False","","05/04/2025 09:31 PM MST","","","","","05/12/2025 09:44 PM MST","","","","Feature F717255: CRR - Rule computation for Individual Customers (Build)","False","AXP PI 25.2","","","","38.0","0 Defined, 0 In-Progress, 4 Completed, 0 Blocked","0 None Run, 0 Blocked, 0 Error, 0 Fail, 0 Inconclusive, 0 Pass","0.0","0",""
"US5621350","Airflow DAG Creation and Testing","F717257","Feature F717257: CRR - Integration with DAM for Sandbox scoring (Build)","0","2.0","Accepted","AXP 25.2.9","As a developer, I want to create and test an Airflow DAG for processing DAM data so that the data flows correctly from DAM to the CRR scoring engine with proper orchestration and scheduling.","1. Given that the Airflow DAG is implemented, when the DAG runs, then it should execute data extraction, transformation, and loading steps correctly.2. Given that DAG testing is performed, when the system validates its execution, then it should ensure proper scheduling, dependency handling, and error logging.","Satvik Jain","E_SLPM_ST16_CRR Rule Execution","03/13/2025 08:18 AM MST","05/26/2025 07:05 AM MST","","","False","","#21a2e0","","Satvik Jain","","","","","","0 Submitted, 0 Open, 0 Fixed, 0 Closed, 0 Blocked","0","0","0","0","","","","False","","Accepted","False","","05/18/2025 08:53 PM MST","","","","","05/26/2025 07:05 AM MST","","","","Feature F717257: CRR - Integration with DAM for Sandbox scoring (Build)","False","AXP PI 25.2","","","","20.0","0 Defined, 0 In-Progress, 2 Completed, 0 Blocked","0 None Run, 0 Blocked, 0 Error, 0 Fail, 0 Inconclusive, 0 Pass","0.0","0",""
"US5621340","Design the Approach to Consume Events from TAM","F717264","Feature F717264: CRR - Event Based Rule Triggers (Analysis, Build)","0","5.0","Defined","","As a developer, I want to design an approach to consume events from TAM so that the system can process event-driven updates efficiently for risk recalculations.","1. Given that TAM events are available, when the system receives an event, then it should process it efficiently for potential CRR updates.2. Given that an event format is not compatible, when the system attempts to process it, then it should log an error and notify the user.","Satvik Jain","E_SLPM_ST16_CRR Rule Execution","03/13/2025 08:18 AM MST","","","","False","","#21a2e0","","Satvik Jain","","","","","","0 Submitted, 0 Open, 0 Fixed, 0 Closed, 0 Blocked","0","0","0","0","","","","False","","Defined","False","","","","","","","08/07/2025 11:07 AM MST","","","","Feature F717264: CRR - Event Based Rule Triggers (Analysis, Build)","False","","","","","0.0","0 Defined, 0 In-Progress, 0 Completed, 0 Blocked","0 None Run, 0 Blocked, 0 Error, 0 Fail, 0 Inconclusive, 0 Pass","0.0","0",""
"US5621344","Discovery: Fetch All Customer Relationships from the Impacted Customer","F717264","Feature F717264: CRR - Event Based Rule Triggers (Analysis, Build)","0","5.0","Defined","","As a developer, I want to fetch all customer relationships linked to an impacted customer so that cascading changes are properly assessed for risk scoring.","1. Given that a customer relationship exists for an impacted customer, when the system processes the event, then it should fetch all linked customer records.2. Given that a customer relationship is missing in the data, when the system checks for relationships, then it should log a warning and proceed with known data.","Satvik Jain","E_SLPM_ST16_CRR Rule Execution","03/13/2025 08:18 AM MST","","","","False","","#21a2e0","","Satvik Jain","","","","","","0 Submitted, 0 Open, 0 Fixed, 0 Closed, 0 Blocked","0","0","0","0","","","","False","","Defined","False","","","","","","","08/07/2025 11:07 AM MST","","","","Feature F717264: CRR - Event Based Rule Triggers (Analysis, Build)","False","","","","","0.0","0 Defined, 0 In-Progress, 0 Completed, 0 Blocked","0 None Run, 0 Blocked, 0 Error, 0 Fail, 0 Inconclusive, 0 Pass","0.0","0",""
"US5621343","Discovery: Identify Impacted Rule Based on Changed Attribute","F717264","Feature F717264: CRR - Event Based Rule Triggers (Analysis, Build)","0","5.0","Defined","","As a developer, I want to identify which risk rules are impacted when an attribute changes so that only necessary rule recalculations are performed.","1. Given that an attribute change is detected, when the system processes the event, then it should correctly identify all impacted rules.2. Given that an invalid attribute change is detected, when the system runs validation, then it should log an alert and ignore the change.","Satvik Jain","E_SLPM_ST16_CRR Rule Execution","03/13/2025 08:18 AM MST","","","","False","","#21a2e0","","Satvik Jain","","","","","","0 Submitted, 0 Open, 0 Fixed, 0 Closed, 0 Blocked","0","0","0","0","","","","False","","Defined","False","","","","","","","08/07/2025 11:07 AM MST","","","","Feature F717264: CRR - Event Based Rule Triggers (Analysis, Build)","False","","","","","0.0","0 Defined, 0 In-Progress, 0 Completed, 0 Blocked","0 None Run, 0 Blocked, 0 Error, 0 Fail, 0 Inconclusive, 0 Pass","0.0","0",""
"US5621345","Discovery: Triggering CRR for the Impacted Population","F717264","Feature F717264: CRR - Event Based Rule Triggers (Analysis, Build)","0","5.0","Defined","","As a developer, I want to trigger CRR recalculations for the impacted customer population so that the updated risk scores reflect recent changes accurately.","1. Given that impacted customer data is available, when the CRR recalculation is triggered, then the system should execute the risk score update for the population.2. Given that an issue occurs in triggering recalculations, when the system detects an error, then it should log and retry based on error-handling protocols.","Satvik Jain","E_SLPM_ST16_CRR Rule Execution","03/13/2025 08:18 AM MST","","","","False","","#21a2e0","","Satvik Jain","","","","","","0 Submitted, 0 Open, 0 Fixed, 0 Closed, 0 Blocked","0","0","0","0","","","","False","","Defined","False","","","","","","","08/07/2025 11:07 AM MST","","","","Feature F717264: CRR - Event Based Rule Triggers (Analysis, Build)","False","","","","","0.0","0 Defined, 0 In-Progress, 0 Completed, 0 Blocked","0 None Run, 0 Blocked, 0 Error, 0 Fail, 0 Inconclusive, 0 Pass","0.0","0",""
"US5621357","Performance Testing for Aggregation Rules","F717255","Feature F717255: CRR - Rule computation for Individual Customers (Build)","0","5.0","Accepted","AXP 25.2.7","As a performance tester, I want to conduct performance testing for Aggregation Rules so that the risk scoring process remains optimized and scalable.","1. Given that aggregation rule performance testing is conducted, when the system computes risk scores, then it should complete within the required time constraints.2. Given that stress testing scenarios are introduced, when the system runs under peak loads, then it should continue processing without degradation.","Satvik Jain","E_SLPM_ST16_CRR Rule Execution","03/13/2025 08:18 AM MST","04/28/2025 09:35 AM MST","","","False","","#21a2e0","","Satvik Jain","","","","","","0 Submitted, 0 Open, 0 Fixed, 0 Closed, 0 Blocked","0","0","0","1","","","","False","","Accepted","False","","04/14/2025 07:28 PM MST","","","1.0","04/27/2025 09:51 PM MST","04/28/2025 09:35 AM MST","","","","Feature F717255: CRR - Rule computation for Individual Customers (Build)","False","AXP PI 25.2","","","","60.0","0 Defined, 0 In-Progress, 3 Completed, 0 Blocked","0 None Run, 0 Blocked, 0 Error, 0 Fail, 0 Inconclusive, 1 Pass","0.0","1",""
"US5621355","Performance Testing for Income Ratio Rules","F717255","Feature F717255: CRR - Rule computation for Individual Customers (Build)","0","3.0","Accepted","AXP 25.2.8","As a performance tester, I want to conduct performance testing for Income Ratio Rules so that the system can handle high-volume calculations efficiently.","1. Given that performance testing is conducted for Income Ratio Rules, when the system runs computations, then it should complete within acceptable limits.2. Given that stress testing is performed, when peak load conditions are simulated, then the system should maintain consistent performance.","Satvik Jain","E_SLPM_ST16_CRR Rule Execution","03/13/2025 08:18 AM MST","05/12/2025 09:44 PM MST","","","False","","#21a2e0","","Satvik Jain","","","","","","0 Submitted, 0 Open, 0 Fixed, 0 Closed, 0 Blocked","0","0","0","0","","","","False","","Accepted","False","","05/04/2025 09:03 PM MST","","","","","05/12/2025 09:44 PM MST","","","","Feature F717255: CRR - Rule computation for Individual Customers (Build)","False","AXP PI 25.2","","","","32.0","0 Defined, 0 In-Progress, 3 Completed, 0 Blocked","0 None Run, 0 Blocked, 0 Error, 0 Fail, 0 Inconclusive, 0 Pass","0.0","0",""
"US5621354","Performance Testing for Max Rules","F717255","Feature F717255: CRR - Rule computation for Individual Customers (Build)","0","5.0","Accepted","AXP 25.2.7","As a performance tester, I want to conduct performance testing for Max Rules so that the execution speed and efficiency are validated under large data loads.","1. Given that performance testing is initiated for Max Rules, when the test runs on large datasets, then it should execute within the defined SLAs.2. Given that a performance bottleneck is detected, when optimizations are applied, then the execution time should improve accordingly.","Satvik Jain","E_SLPM_ST16_CRR Rule Execution","03/13/2025 08:18 AM MST","04/28/2025 09:35 AM MST","","","False","","#21a2e0","","Satvik Jain","","","","","","0 Submitted, 0 Open, 0 Fixed, 0 Closed, 0 Blocked","0","0","0","1","","","","False","","Accepted","False","","04/20/2025 09:33 PM MST","","","Perfomance Testing for Max Rules","04/30/2025 10:16 PM MST","04/30/2025 10:19 PM MST","","","","Feature F717255: CRR - Rule computation for Individual Customers (Build)","False","AXP PI 25.2","","","","60.0","0 Defined, 0 In-Progress, 3 Completed, 0 Blocked","0 None Run, 0 Blocked, 0 Error, 0 Fail, 0 Inconclusive, 1 Pass","0.0","1",""
"US5621356","Performance Testing for Transaction Amount-Count Ratio Rules","F717255","Feature F717255: CRR - Rule computation for Individual Customers (Build)","0","3.0","Accepted","AXP 25.2.8","As a performance tester, I want to conduct performance testing for Transaction Amount-Count Ratio Rules so that the system can process and score transaction data accurately under load conditions.","1. Given that transaction-based rules are performance-tested, when the system processes transaction data, then it should maintain accuracy and execution efficiency.2. Given that high transaction volumes are tested, when computations are executed, then the system should handle the load without failures.","Satvik Jain","E_SLPM_ST16_CRR Rule Execution","03/13/2025 08:18 AM MST","05/09/2025 12:57 AM MST","","","False","","#21a2e0","","Satvik Jain","","","","","","0 Submitted, 0 Open, 0 Fixed, 0 Closed, 0 Blocked","0","0","0","0","","","","False","","Accepted","False","","04/28/2025 08:21 PM MST","","","","","05/09/2025 12:57 AM MST","","","","Feature F717255: CRR - Rule computation for Individual Customers (Build)","False","AXP PI 25.2","","","","30.0","0 Defined, 0 In-Progress, 2 Completed, 0 Blocked","0 None Run, 0 Blocked, 0 Error, 0 Fail, 0 Inconclusive, 0 Pass","0.0","0",""
"US5621339","End-to-End Flow Testing (partial)","F716860","Feature F716860: CRR - Execution and Build of Sandbox and Simulation","0","5.0","Accepted","AXP 25.2.10 IP","As a tester, I want to perform end-to-end testing of the sandbox execution process so that I can validate that the entire flow—from rule retrieval to final risk score computation—works as expected. This includes testing the UI backend integration, rule execution, data aggregation, DAG execution, and result validation.","1. Given that the sandbox execution is initiated, when the flow is tested, then all components (rule fetching, triggers, scoring, aggregation, storage) should function correctly.2. Given that invalid data is introduced into the sandbox, when the system processes it, then it should handle errors gracefully and provide meaningful failure messages.3. Given that the sandbox execution completes successfully, when results are compared against expected outputs, then they should match expected values with no discrepancies.","Satvik Jain","E_SLPM_ST16_CRR Rule Execution","03/13/2025 08:18 AM MST","06/09/2025 08:42 AM MST","","","False","","#21a2e0","","Satvik Jain","","","","","","0 Submitted, 0 Open, 0 Fixed, 0 Closed, 0 Blocked","0","0","0","1","","","","False","","Accepted","False","","05/27/2025 09:34 PM MST","","","SBX Workflow E1 Testing Results","06/05/2025 10:27 PM MST","06/09/2025 08:42 AM MST","","","","Feature F716860: CRR - Execution and Build of Sandbox and Simulation","False","AXP PI 25.2","","","","50.0","0 Defined, 0 In-Progress, 3 Completed, 0 Blocked","0 None Run, 0 Blocked, 0 Error, 0 Fail, 0 Inconclusive, 1 Pass","0.0","1",""
"US5799094","Analysis for account scoring","","","0","3.0","Being Groomed","","","","Satvik Jain","E_SLPM_ST16_CRR Rule Execution","05/22/2025 08:40 AM MST","","","","False","","#21a2e0","","Satvik Jain","","","","","","0 Submitted, 0 Open, 0 Fixed, 0 Closed, 0 Blocked","0","0","0","0","","","","False","","Being Groomed","False","","","","","","","05/22/2025 08:40 AM MST","","","","","False","","","","","0.0","0 Defined, 0 In-Progress, 0 Completed, 0 Blocked","0 None Run, 0 Blocked, 0 Error, 0 Fail, 0 Inconclusive, 0 Pass","0.0","0",""
"US5799098","Analysis for hierarchy calculation","","","0","3.0","Being Groomed","","","","Satvik Jain","E_SLPM_ST16_CRR Rule Execution","05/22/2025 08:41 AM MST","","","","False","","#21a2e0","","Satvik Jain","","","","","","0 Submitted, 0 Open, 0 Fixed, 0 Closed, 0 Blocked","0","0","0","0","","","","False","","Being Groomed","False","","","","","","","05/22/2025 08:41 AM MST","","","","","False","","","","","0.0","0 Defined, 0 In-Progress, 0 Completed, 0 Blocked","0 None Run, 0 Blocked, 0 Error, 0 Fail, 0 Inconclusive, 0 Pass","0.0","0",""
"US5819438","Build logic for SBX Hierarchy Scoring","","Feature F761432: CRR - Hierarchy Scoring as per existing logic (Analysis & Build)","0","5.0","Accepted","AXP 25.3.11","","GIVEN a customer entity with one or more associated accountsWHEN account-level scores are calculatedTHEN the system must roll up these scores using the predefined hierarchy aggregation logic to derive a single customer-level score GIVEN the CRR UI version has active rule configurationsWHEN the scoring engine evaluates a customerTHEN it must apply the rules from the current CRR UI version and update the customer risk rating accordingly GIVEN a customer with an account hierarchyWHEN one or more underlying accounts are updated with a scoring changeTHEN the derived customer score must automatically reflect the recalculated risk profile within the same scoring batch GIVEN the scoring logic is executed for a batch of customersWHEN the job completesTHEN a results log must capture execution time, number of customers scored, rule version used, and exceptions if any GIVEN a test dataset with controlled inputsWHEN scoring logic is appliedTHEN the results must match expected values aligned with legacy CRR scoring for regression parity GIVEN that a rule change has been made in the CRR UIWHEN the next scheduled or triggered scoring run occursTHEN the updated rule must be applied, and the scoring run must reflect the change in results for affected customers","Tahcin Ahmed","E_SLPM_ST16_CRR Rule Execution","05/28/2025 06:44 AM MST","06/23/2025 10:01 PM MST","","","False","","#21a2e0","","Tahcin Ahmed","","","","CRR","","0 Submitted, 0 Open, 0 Fixed, 0 Closed, 0 Blocked","0","0","0","1","","","","False","","Accepted","False","","06/10/2025 06:59 AM MST","","","Unit testing results","06/20/2025 06:05 AM MST","10/16/2025 10:01 AM MST","","","","Feature F761432: CRR - Hierarchy Scoring as per existing logic (Analysis & Build)","False","AXP PI 25.3","","","","56.0","0 Defined, 0 In-Progress, 5 Completed, 0 Blocked","0 None Run, 0 Blocked, 0 Error, 0 Fail, 0 Inconclusive, 1 Pass","0.0","1",""
"US5819443","Testing for SBX Hierarchy Scoring Module","","Feature F761432: CRR - Hierarchy Scoring as per existing logic (Analysis & Build)","0","3.0","Accepted","AXP 25.3.12","","WHEN the scoring engine evaluates a customerTHEN it must apply the rules from the current CRR UI version and update the customer risk rating accordingly GIVEN a customer with an account hierarchyWHEN one or more underlying accounts are updated with a scoring changeTHEN the derived customer score must automatically reflect the recalculated risk profile within the same scoring batch GIVEN the scoring logic is executed for a batch of customersWHEN the job completesTHEN a results log must capture execution time, number of customers scored, rule version used, and exceptions if any GIVEN a test dataset with controlled inputsWHEN scoring logic is appliedTHEN the results must match expected values aligned with legacy CRR scoring for regression parity GIVEN that a rule change has been made in the CRR UIWHEN the next scheduled or triggered scoring run occursTHEN the updated rule must be applied, and the scoring run must reflect the change in results for affected customers","Tahcin Ahmed","E_SLPM_ST16_CRR Rule Execution","05/28/2025 06:44 AM MST","07/07/2025 02:10 AM MST","","","False","","#21a2e0","","Tahcin Ahmed","","","","CRR","","0 Submitted, 0 Open, 0 Fixed, 0 Closed, 0 Blocked","0","0","0","1","","","","False","","Accepted","False","","06/24/2025 07:57 AM MST","","","E1 Testing Results","07/01/2025 07:03 AM MST","10/16/2025 10:01 AM MST","","","","Feature F761432: CRR - Hierarchy Scoring as per existing logic (Analysis & Build)","False","AXP PI 25.3","","","","24.0","0 Defined, 0 In-Progress, 2 Completed, 0 Blocked","0 None Run, 0 Blocked, 0 Error, 0 Fail, 0 Inconclusive, 1 Pass","0.0","1",""
"US5819447","Build : Hierarchy Calculation Logic for Individuals","","Feature F761432: CRR - Hierarchy Scoring as per existing logic (Analysis & Build)","0","5.0","Accepted","AXP 25.3.12","","GIVEN that tech team needs to do analysis of CRR Account Scoring as per Existing POD Logic when tech team analyzes then there should be validation and retrofit of Account Score Aggregation & Mapping","Tahcin Ahmed","E_SLPM_ST16_CRR Rule Execution","05/28/2025 06:45 AM MST","07/07/2025 07:18 AM MST","","","False","","#21a2e0","","Tahcin Ahmed","","","","CRR","","0 Submitted, 0 Open, 0 Fixed, 0 Closed, 0 Blocked","0","0","0","0","","","","False","","Accepted","False","","06/25/2025 09:39 PM MST","","","","","10/16/2025 10:01 AM MST","","","","Feature F761432: CRR - Hierarchy Scoring as per existing logic (Analysis & Build)","False","AXP PI 25.3","","","","72.0","0 Defined, 0 In-Progress, 5 Completed, 0 Blocked","0 None Run, 0 Blocked, 0 Error, 0 Fail, 0 Inconclusive, 0 Pass","0.0","0",""
"US5819469","Discovery & Analysis for account Production Hierarchy Scoring logic","Analysis Doc for Account Production Hierarchy Scoring- https://enterprise-confluence.aexp.com/confluence/pages/viewpage.action?pageId=1544389438   ","Feature F761432: CRR - Hierarchy Scoring as per existing logic (Analysis & Build)","0","3.0","Accepted","AXP 25.3.12","","GIVEN a customer entity with one or more associated accountsWHEN account-level scores are calculatedTHEN the system must roll up these scores using the predefined hierarchy aggregation logic to derive a single customer-level score GIVEN the CRR UI version has active rule configurationsWHEN the scoring engine evaluates a customerTHEN it must apply the rules from the current CRR UI version and update the customer risk rating accordingly GIVEN a customer with an account hierarchyWHEN one or more underlying accounts are updated with a scoring changeTHEN the derived customer score must automatically reflect the recalculated risk profile within the same scoring batch GIVEN the scoring logic is executed for a batch of customersWHEN the job completesTHEN a results log must capture execution time, number of customers scored, rule version used, and exceptions if any GIVEN a test dataset with controlled inputsWHEN scoring logic is appliedTHEN the results must match expected values aligned with legacy CRR scoring for regression parity GIVEN that a rule change has been made in the CRR UIWHEN the next scheduled or triggered scoring run occursTHEN the updated rule must be applied, and the scoring run must reflect the change in results for affected customers","Tahcin Ahmed","E_SLPM_ST16_CRR Rule Execution","05/28/2025 06:47 AM MST","07/07/2025 07:18 AM MST","","","False","","#21a2e0","","Tahcin Ahmed","","","","CRR","","0 Submitted, 0 Open, 0 Fixed, 0 Closed, 0 Blocked","0","0","0","0","","","","False","","Accepted","False","","06/29/2025 09:31 PM MST","","","","","10/16/2025 10:01 AM MST","","","","Feature F761432: CRR - Hierarchy Scoring as per existing logic (Analysis & Build)","False","AXP PI 25.3","","","","48.0","0 Defined, 0 In-Progress, 4 Completed, 0 Blocked","0 None Run, 0 Blocked, 0 Error, 0 Fail, 0 Inconclusive, 0 Pass","0.0","0",""
"US5819823","Design Data Extraction logic from DAM","Analysis Document-https://enterprise-confluence.aexp.com/confluence/display/GRCT/Generic+script+for+DAM-CRR+Integration ","Feature F736658: CRR - Consumer & SBS Card Variables - Calculate CRR with New DAM ODL (POC)","0","5.0","Accepted","AXP 25.3.15 IP","","GIVEN that tech team needs to design the data extraction from the mapping sheet provided by DAM","Tahcin Ahmed","E_SLPM_ST16_CRR Rule Execution","05/28/2025 07:43 AM MST","08/18/2025 02:43 AM MST","","","False","","#21a2e0","","Tahcin Ahmed","","","","CRR","","0 Submitted, 0 Open, 0 Fixed, 0 Closed, 0 Blocked","0","0","0","0","","","","False","","Accepted","False","","08/06/2025 09:10 AM MST","","","","","10/16/2025 10:01 AM MST","","","","Feature F736658: CRR - Consumer & SBS Card Variables - Calculate CRR with New DAM ODL (POC)","False","AXP PI 25.3","","","","60.0","0 Defined, 0 In-Progress, 6 Completed, 0 Blocked","0 None Run, 0 Blocked, 0 Error, 0 Fail, 0 Inconclusive, 0 Pass","0.0","0",""
"US6144805","Testing for Customer Sandbox dashboard","","Feature F757376: CRR - Sandbox Analysis of Results Dashboard in E1/E2","0","3.0","Defined","AXP 25.5.24","","Given results exist, when I open Customer tab, then columns (Center Product, Legal Entity, Risk Score, # Customers) are displayed.Production: Center Product, Legal Entity, Risk Score, # CustomersSandbox: Center Product, Legal Entity, Risk Score, # Customers (Sandbox)","Suprana Sengupta","E_SLPM_ST16_CRR Rule Execution","10/07/2025 12:37 AM MST","","","","False","","#df1a7b","","Suprana Sengupta","","","","","","0 Submitted, 0 Open, 0 Fixed, 0 Closed, 0 Blocked","0","0","0","0","","","","False","","Defined","False","","","","","","","11/19/2025 09:44 AM MST","","","","Feature F757376: CRR - Sandbox Analysis of Results Dashboard in E1/E2","False","AXP PI 25.5","","","","0.0","0 Defined, 0 In-Progress, 0 Completed, 0 Blocked","0 None Run, 0 Blocked, 0 Error, 0 Fail, 0 Inconclusive, 0 Pass","0.0","0",""
"US6144806","Testing for Account sandbox dashboard","","Feature F757376: CRR - Sandbox Analysis of Results Dashboard in E1/E2","0","3.0","Defined","AXP 25.5.24",""," Given results exist, when I open Account tab, then columns (Center, Product, Legal Entity, Risk Score, Independent Accounts, Hierarchical Accounts, Independent Hierarchies) are displayed.Production: Center Product, Legal Entity, Risk Score, Independent Accounts, Hierarchical Accounts, Hierarchy CountSandbox: Same set of columns but with suffix (Sandbox).","Suprana Sengupta","E_SLPM_ST16_CRR Rule Execution","10/07/2025 12:37 AM MST","","","","False","","#df1a7b","","Suprana Sengupta","","","","","","0 Submitted, 0 Open, 0 Fixed, 0 Closed, 0 Blocked","0","0","0","0","","","","False","","Defined","False","","","","","","","11/13/2025 03:09 AM MST","","","","Feature F757376: CRR - Sandbox Analysis of Results Dashboard in E1/E2","False","AXP PI 25.5","","","","0.0","0 Defined, 0 In-Progress, 0 Completed, 0 Blocked","0 None Run, 0 Blocked, 0 Error, 0 Fail, 0 Inconclusive, 0 Pass","0.0","0",""
"US6155865","Creation of reference data in our BigQuery tables, for E3 (if, we are going to utilise our BigQuery tables for reference data for Phase 1)","","Feature F817975: CRR -Placeholder for E3 readiness (Build)","0","2.0","Defined","AXP 25.5.24","","","Suprana Sengupta","E_SLPM_ST16_CRR Rule Execution","10/10/2025 06:55 AM MST","","","","False","","#df1a7b","","Suprana Sengupta","","","","","","0 Submitted, 0 Open, 0 Fixed, 0 Closed, 0 Blocked","0","0","0","0","","","","False","","Defined","False","","","","","","","11/26/2025 03:11 AM MST","","","","Feature F817975: CRR -Placeholder for E3 readiness (Build)","False","AXP PI 25.5","","","","0.0","0 Defined, 0 In-Progress, 0 Completed, 0 Blocked","0 None Run, 0 Blocked, 0 Error, 0 Fail, 0 Inconclusive, 0 Pass","0.0","0",""
"US6292087","CRR - Asset Manager -- Edit Asset and also edit production asset and push without sandbox","","Feature F817940: CRR - Enable Asset manager functionality E2E ( Analysis & Build) E2","0","","Being Groomed","","","","Suprana Sengupta","S_Second Line Platform Modernization (SLPM)","11/27/2025 05:42 AM MST","","","","False","","#df1a7b","","Suprana Sengupta","","","","","","0 Submitted, 0 Open, 0 Fixed, 0 Closed, 0 Blocked","0","0","0","0","","","","False","","Being Groomed","False","","","","","","","11/27/2025 05:46 AM MST","","","","Feature F817940: CRR - Enable Asset manager functionality E2E ( Analysis & Build) E2","False","","","","","0.0","0 Defined, 0 In-Progress, 0 Completed, 0 Blocked","0 None Run, 0 Blocked, 0 Error, 0 Fail, 0 Inconclusive, 0 Pass","0.0","0",""
"US6292090","CRR- Asset Manager -- submit for integrated sandbox","","Feature F817940: CRR - Enable Asset manager functionality E2E ( Analysis & Build) E2","0","","Being Groomed","","","","Suprana Sengupta","S_Second Line Platform Modernization (SLPM)","11/27/2025 05:44 AM MST","","","","False","","#df1a7b","","Suprana Sengupta","","","","","","0 Submitted, 0 Open, 0 Fixed, 0 Closed, 0 Blocked","0","0","0","0","","","","False","","Being Groomed","False","","","","","","","11/27/2025 05:46 AM MST","","","","Feature F817940: CRR - Enable Asset manager functionality E2E ( Analysis & Build) E2","False","","","","","0.0","0 Defined, 0 In-Progress, 0 Completed, 0 Blocked","0 None Run, 0 Blocked, 0 Error, 0 Fail, 0 Inconclusive, 0 Pass","0.0","0",""
"US6292091","CRR - Asset manager -- compare sandbox results and submit to prod","","Feature F817940: CRR - Enable Asset manager functionality E2E ( Analysis & Build) E2","0","","Being Groomed","","","","Suprana Sengupta","S_Second Line Platform Modernization (SLPM)","11/27/2025 05:47 AM MST","","","","False","","#df1a7b","","Suprana Sengupta","","","","","","0 Submitted, 0 Open, 0 Fixed, 0 Closed, 0 Blocked","0","0","0","0","","","","False","","Being Groomed","False","","","","","","","11/27/2025 05:47 AM MST","","","","Feature F817940: CRR - Enable Asset manager functionality E2E ( Analysis & Build) E2","False","","","","","0.0","0 Defined, 0 In-Progress, 0 Completed, 0 Blocked","0 None Run, 0 Blocked, 0 Error, 0 Fail, 0 Inconclusive, 0 Pass","0.0","0",""
