"Formatted ID","Name","Notes","Feature","Discussion","Plan Estimate","Schedule State","Iteration","Description","Acceptance Criteria","Owner","Project","Creation Date","Accepted Date","Custom Field 3","Affected Customers","Blocked","Blocked Reason","Display Color","Components","Created By","Custom Development","Custom Field 1","Custom Field 2","Custom Field 4","Custom Field 5","Defect Status","Defects","Dependencies","Direct Children Count","DirectPassingTestCaseCount","Due Date","Enabler / Tech Debt","Estimated Value","Expedite","External ID","Flow State","HasParent","Impacted Systems","In Progress Date","ITSM ID","Kanban State","Last Build","Last Run","Last Update Date","Milestones","MOSCOW Priority","Parent","Portfolio Item","Ready","Release","Resolution","Salesforce Case","Tags","Task Estimate Total","Task Status","Test Case Status","Task Remaining Total","Total Direct Test Case Count","Virtual Release ID"
"US5819051","Build API to Update Sandbox Assessment Status Post Approval","","Feature F717289: CRR - Approval Process for CRR configuration Changes","0","3.0","Accepted","AXP 25.3.13","As a Compliance Analyst/Manager, I WANT TO update the sandbox implementation status only after a two-step approval processSO THAT changes to CRR scoring logic or lists are only moved to production with dual verification. https://www.figma.com/design/ej5fTjN0D2CQJFWaZtwj3H/CRR-Option2?node-id=3873-53562&t=GpcF2HZab3Iv9GsQ-0 ","GIVEN a sandbox simulation instance with finalized changesWHEN the first approver marks the status as “Approved-Level-1”THEN the system must log the user ID, timestamp, and lock the record for second-level approval GIVEN the instance is in “Approved-Level-1” stateWHEN a second, distinct approver submits the second-level approvalTHEN the API must update the status to “Approved-Final” and trigger promotion of the sandboxed CRR rules into production GIVEN an API call to approve is submittedWHEN the approver is the same as Level-1 approverTHEN the API must reject the request with error code 403 and a message “Second approval must be by a different user” GIVEN an API call to approve is submittedWHEN the instance has not passed Level-1 approvalTHEN the system must block the transition to production with status “Pending Level-1 Approval” GIVEN both approvals are completedWHEN the API status is updated to “Approved-Final”THEN all linked logs, rule changes, and sandbox metadata must be persisted for audit and traceability  ","Tahcin Ahmed","E_SLPM_ST15_CRR Rule Configuration","05/28/2025 05:05 AM MST","07/21/2025 09:40 PM MST","","","False","","#21a2e0","","Tahcin Ahmed","","","","CRR","","0 Submitted, 0 Open, 0 Fixed, 0 Closed, 0 Blocked","0","0","0","0","","","","False","","Accepted","False","","07/09/2025 09:38 PM MST","","","","","10/16/2025 10:01 AM MST","","","","Feature F717289: CRR - Approval Process for CRR configuration Changes","False","AXP PI 25.3","","","","34.0","0 Defined, 0 In-Progress, 2 Completed, 0 Blocked","0 None Run, 0 Blocked, 0 Error, 0 Fail, 0 Inconclusive, 0 Pass","0.0","0",""
"US5819042","Screen for pending approval 1","Add cases for accept & reject","Feature F717289: CRR - Approval Process for CRR configuration Changes","0","2.0","Accepted","AXP 25.3.13","As a Compliance Analyst/Manager, I WANT to review simulation output and approve the submission SO THAT the process can proceed to the second level of validation https://www.figma.com/design/ej5fTjN0D2CQJFWaZtwj3H/CRR-Option2?node-id=3873-53562&t=GpcF2HZab3Iv9GsQ-0","GIVEN I want to approve the sandboxWHEN I access the submission detailTHEN I must be able to view simulation diffs, notes, and results before approving","Tahcin Ahmed","E_SLPM_ST15_CRR Rule Configuration","05/28/2025 05:01 AM MST","07/21/2025 09:41 PM MST","","","False","","#21a2e0","","Tahcin Ahmed","","","","CRR","","0 Submitted, 0 Open, 0 Fixed, 0 Closed, 0 Blocked","0","0","0","1","","","","False","","Accepted","False","","07/13/2025 09:36 PM MST","","","E2","08/03/2025 10:27 PM MST","10/16/2025 10:01 AM MST","","","","Feature F717289: CRR - Approval Process for CRR configuration Changes","False","AXP PI 25.3","","","","10.0","0 Defined, 0 In-Progress, 1 Completed, 0 Blocked","0 None Run, 0 Blocked, 0 Error, 0 Fail, 0 Inconclusive, 1 Pass","0.0","1",""
"US5819041","Two step approval process for Sandbox simulation","","Feature F717289: CRR - Approval Process for CRR configuration Changes","0","2.0","Accepted","AXP 25.3.13","As a Compliance Analyst/Manager, I WANT to submit a completed sandbox simulation for approval SO THAT the simulation changes can be validated for production deployment. The system needs to prevent the same user from acting as both Approver 1 and Approver 2 SO THAT there is a valid segregation of duties. https://www.figma.com/design/ej5fTjN0D2CQJFWaZtwj3H/CRR-Option2?node-id=3873-53562&t=GpcF2HZab3Iv9GsQ-0 ","GIVEN a sandbox simulation has been finalizedWHEN I click the """"Submit for Approval"""" buttonTHEN the system must initiate the two-step approval process and notify eligible approvers","Tahcin Ahmed","E_SLPM_ST15_CRR Rule Configuration","05/28/2025 05:00 AM MST","07/21/2025 09:40 PM MST","","","False","","#21a2e0","","Tahcin Ahmed","","","","CRR","","0 Submitted, 0 Open, 0 Fixed, 0 Closed, 0 Blocked","0","0","0","1","","","","False","","Accepted","False","","07/13/2025 09:36 PM MST","","","E2","08/03/2025 10:27 PM MST","10/16/2025 10:01 AM MST","","","","Feature F717289: CRR - Approval Process for CRR configuration Changes","False","AXP PI 25.3","","","","26.0","0 Defined, 0 In-Progress, 2 Completed, 0 Blocked","0 None Run, 0 Blocked, 0 Error, 0 Fail, 0 Inconclusive, 1 Pass","0.0","1",""
"US5819200","Publish merge to production event","","Feature F717284: CRR - Ability to Modify Rules and Merge to production","1","1.0","Accepted","AXP 25.3.13"," AS A Compliance Analyst/Manager,I WANT an event to be published when merge to production happensSO THAT appropriate risk scoring processes can be triggered using that event in future","GIVEN a merge occurs WHEN the changes are detectedTHEN an event is published with details about the changes  ","Satvik Jain","E_SLPM_ST15_CRR Rule Configuration","05/28/2025 05:50 AM MST","07/21/2025 02:51 AM MST","","","False","","#21a2e0","","Satvik Jain","","","","CRR","","0 Submitted, 0 Open, 0 Fixed, 0 Closed, 0 Blocked","0","0","0","0","","","","False","","Accepted","False","","07/09/2025 03:46 AM MST","","","","","10/16/2025 10:01 AM MST","","","","Feature F717284: CRR - Ability to Modify Rules and Merge to production","False","AXP PI 25.3","","","","6.0","0 Defined, 0 In-Progress, 1 Completed, 0 Blocked","0 None Run, 0 Blocked, 0 Error, 0 Fail, 0 Inconclusive, 0 Pass","0.0","0",""
"US5805125","Enforce Code Style using AMEX recommended tools","","Feature F741328: CRR - Risk Thresholds new layout & Other miscellaneous efforts","0","1.0","Accepted","AXP 25.2.10 IP"," Enforce Code Style using AMEX recommended tools      Use Prettier for javascript (react)      Use spotless for kotlin and python       https://github.aexp.com/pages/amex-eng/amexway/docs/quadrants/path/code-style-guides"," Enforce Code Style using AMEX recommended tools      Use Prettier for javascript (react)      Use spotless for kotlin and python       https://github.aexp.com/pages/amex-eng/amexway/docs/quadrants/path/code-style-guides","Satvik Jain","E_SLPM_ST15_CRR Rule Configuration","05/26/2025 12:38 AM MST","06/09/2025 02:22 AM MST","","","False","","#21a2e0","","Satvik Jain","","","","","","0 Submitted, 0 Open, 0 Fixed, 0 Closed, 0 Blocked","0","0","0","0","","","","False","","Accepted","False","","05/29/2025 02:17 AM MST","","","","","06/09/2025 02:22 AM MST","","","","Feature F741328: CRR - Risk Thresholds new layout & Other miscellaneous efforts","False","AXP PI 25.2","","","","30.0","0 Defined, 0 In-Progress, 2 Completed, 0 Blocked","0 None Run, 0 Blocked, 0 Error, 0 Fail, 0 Inconclusive, 0 Pass","0.0","0",""
"US5819053","Trigger the sandbox implementation","","Feature F717289: CRR - Approval Process for CRR configuration Changes","3","1.0","Accepted","AXP 25.3.13","AS A Compliance Manager/Analyst, I WANT TO trigger a rule change action when the """"Implemented"""" button is clicked SO THAT the sandbox rules are queued for the two-step approval workflow prior to production deployment. https://www.figma.com/design/ej5fTjN0D2CQJFWaZtwj3H/CRR-Option2?node-id=3873-53562&t=GpcF2HZab3Iv9GsQ-0 https://www.figma.com/design/ej5fTjN0D2CQJFWaZtwj3H/CRR-Option2?node-id=3873-45442&p=f&t=BXXHXvEGEXbt6Z2D-0 -Confirmation modal","GIVEN a sandbox has been successfully completedWHEN the """"Implement button is clicked by the userTHEN they should see the sandbox status as 'Pending Approval-1' to initiate the first-level approval workflow GIVEN the user does not modify the sandboxWHEN the 'Add Comment' section is blankTHEN the Accept button will be grayed out GIVEN the user adds his comments in the 'Add Comment' sectionWHEN Accept button is active THEN the sandbox successfully approved to enable the second-level approval step GIVEN the sandbox has been successfully approved in step 1WHEN the """"Accept"""" button is clicked by the first userTHEN they should see the sandbox status as 'Pending Approval-2' to initiate deployment process GIVEN the second user adds his comments in the 'Add Comment' sectionWHEN """"Accept"""" button is active THEN the sandbox successfully implemented in production GIVEN the user clicks on the """"Reject"""" buttonWHEN the sandbox status is 'Pending Approval-2'THEN the sandbox is triggered to cancel the simulation with the message """"Are you sure you want to cancel the simulation?"""" GIVEN the user adds his comments in the 'Add Comment' sectionWHEN the response is clicked as """"YES""""THEN the sandbox will be cancelled and user will be sent to the landing page. GIVEN the user adds his comments in the 'Add Comment' sectionWHEN the response is clicked as """"No""""THEN the user should land on the 'Pending Approval-2' page ","Tahcin Ahmed","E_SLPM_ST15_CRR Rule Configuration","05/28/2025 05:06 AM MST","07/21/2025 09:40 PM MST","","","False","","#21a2e0","","Tahcin Ahmed","","","","CRR","","0 Submitted, 0 Open, 0 Fixed, 0 Closed, 0 Blocked","0","0","0","1","","","","False","","Accepted","False","","07/13/2025 09:36 PM MST","","","E2","08/03/2025 10:26 PM MST","10/16/2025 10:01 AM MST","","","","Feature F717289: CRR - Approval Process for CRR configuration Changes","False","AXP PI 25.3","","","","8.0","0 Defined, 0 In-Progress, 1 Completed, 0 Blocked","0 None Run, 0 Blocked, 0 Error, 0 Fail, 0 Inconclusive, 1 Pass","0.0","1",""
"US5958551","Analysis for Fundamental Assessment for Rule Configuration","","Feature F716868: CRR - User-friendly UI for CRR framework configuration","0","2.0","Accepted","AXP 25.3.15 IP","AS A user, I want to an analysis and POC for the Fundamental assessment with regards to Rule Execution","Analysis and POC for the Fundamental Assessment with regards to Rule Execution","Satvik Jain","E_SLPM_ST15_CRR Rule Configuration","07/23/2025 10:17 PM MST","08/18/2025 02:19 AM MST","","","False","","#21a2e0","","Satvik Jain","","","","CRR","","0 Submitted, 0 Open, 0 Fixed, 0 Closed, 0 Blocked","0","0","0","0","","","","False","","Accepted","False","","08/06/2025 04:34 AM MST","","","","","10/16/2025 10:01 AM MST","","","","Feature F716868: CRR - User-friendly UI for CRR framework configuration","False","AXP PI 25.3","","","","20.0","0 Defined, 0 In-Progress, 1 Completed, 0 Blocked","0 None Run, 0 Blocked, 0 Error, 0 Fail, 0 Inconclusive, 0 Pass","0.0","0",""
"US5565365","Validation of DB Schema from DB Team","","","0","3.0","Being Groomed","","As a developer, I want to validate the designs of the Database schema with the Database team","Given that the Business wants to move to a Bottom-up approach for risk framework configuration       Tech team should get the DB schema validation by the DB Team","Satvik Jain","E_SLPM_ST15_CRR Rule Configuration","02/17/2025 04:03 AM MST","","","","False","","#21a2e0","","Satvik Jain","","","","","","0 Submitted, 0 Open, 0 Fixed, 0 Closed, 0 Blocked","0","0","0","0","","","","False","","Being Groomed","False","","","","","","","03/04/2025 04:23 AM MST","","","","","False","","","","","0.0","0 Defined, 0 In-Progress, 0 Completed, 0 Blocked","0 None Run, 0 Blocked, 0 Error, 0 Fail, 0 Inconclusive, 0 Pass","0.0","0",""
"US6276420","Enablement of authentication for reporting in E1 and E2","","Feature F717285: CRR - UI Improvements & Modification  PI 25.5","0","3.0","In-Progress","AXP 25.5.23","Enablement of authentication for reporting in E1 and E2","Enablement of authentication for reporting in E1 and E2","Satvik Jain","E_SLPM_ST15_CRR Rule Configuration","11/20/2025 01:22 AM MST","","","","False","","#df1a7b","","Satvik Jain","","","","CRR","","0 Submitted, 0 Open, 0 Fixed, 0 Closed, 0 Blocked","0","0","0","1","","","","False","","In-Progress","False","","11/26/2025 09:47 PM MST","","","E2","11/26/2025 09:55 PM MST","11/26/2025 09:56 PM MST","","","","Feature F717285: CRR - UI Improvements & Modification  PI 25.5","False","AXP PI 25.5","","","","48.0","0 Defined, 2 In-Progress, 0 Completed, 0 Blocked","0 None Run, 0 Blocked, 0 Error, 0 Fail, 0 Inconclusive, 1 Pass","48.0","1",""
"US5819044","Screen for pending approval 2","","Feature F717289: CRR - Approval Process for CRR configuration Changes","0","1.0","Accepted","AXP 25.3.13","I WANT to validate the submission independently of the first approver SO THAT final production deployment is allowed only after dual review. https://www.figma.com/design/ej5fTjN0D2CQJFWaZtwj3H/CRR-Option2?node-id=3873-53562&t=GpcF2HZab3Iv9GsQ-0","GIVEN Approver 1 has completed their approvalWHEN I review and approve the same submissionTHEN the system should confirm dual-approval and enable deployment","Tahcin Ahmed","E_SLPM_ST15_CRR Rule Configuration","05/28/2025 05:01 AM MST","07/21/2025 09:41 PM MST","","","False","","#21a2e0","","Tahcin Ahmed","","","","CRR","","0 Submitted, 0 Open, 0 Fixed, 0 Closed, 0 Blocked","0","0","0","1","","","","False","","Accepted","False","","07/13/2025 09:36 PM MST","","","E2","08/03/2025 10:26 PM MST","10/16/2025 10:01 AM MST","","","","Feature F717289: CRR - Approval Process for CRR configuration Changes","False","AXP PI 25.3","","","","10.0","0 Defined, 0 In-Progress, 1 Completed, 0 Blocked","0 None Run, 0 Blocked, 0 Error, 0 Fail, 0 Inconclusive, 1 Pass","0.0","1",""
"US5740194","Integration of Edit Basic rule screen","Please add figma link","Feature F736465: CRR - Create Rule Logic Setup in Basic Mode","0","3.0","Accepted","AXP 25.2.9","Integration of Edit Basic rule screen ","Integration of Edit Basic rule screen","Satvik Jain","E_SLPM_ST15_CRR Rule Configuration","04/25/2025 02:29 AM MST","05/26/2025 08:57 AM MST","","","False","","#21a2e0","","Satvik Jain","","","","","","0 Submitted, 0 Open, 0 Fixed, 0 Closed, 0 Blocked","0","0","0","0","","","","False","","Accepted","False","","05/13/2025 09:33 PM MST","","","","","05/26/2025 08:57 AM MST","","","","Feature F736465: CRR - Create Rule Logic Setup in Basic Mode","False","AXP PI 25.2","","","","24.0","0 Defined, 0 In-Progress, 1 Completed, 0 Blocked","0 None Run, 0 Blocked, 0 Error, 0 Fail, 0 Inconclusive, 0 Pass","0.0","0",""
"US5633463","KT sessions for PI 25.1 - Playwright Automation Workflow","","Feature F739019: CRR - Setup Risk Category and Risk Element Screen","0","1.0","Accepted","AXP 25.1.5 IP","KT Sessions for Playwright Automation Workflow","KT Sessions for Playwright Automation Workflow","Satvik Jain","E_SLPM_ST15_CRR Rule Configuration","03/17/2025 11:12 PM MST","03/31/2025 01:56 AM MST","","","False","","#21a2e0","","Satvik Jain","","","","","","0 Submitted, 0 Open, 0 Fixed, 0 Closed, 0 Blocked","0","0","0","0","","","","False","","Accepted","False","","03/26/2025 11:40 AM MST","","","","","03/31/2025 01:56 AM MST","","","","Feature F739019: CRR - Setup Risk Category and Risk Element Screen","False","AXP PI 25.1","","","","6.0","0 Defined, 0 In-Progress, 1 Completed, 0 Blocked","0 None Run, 0 Blocked, 0 Error, 0 Fail, 0 Inconclusive, 0 Pass","0.0","0",""
"US5627125","KT sessions for PI 25.1 - UI","","Feature F739019: CRR - Setup Risk Category and Risk Element Screen","0","3.0","Accepted","AXP 25.1.5 IP","KT session for 25.1","KT session for 25.1","Satvik Jain","E_SLPM_ST15_CRR Rule Configuration","03/17/2025 03:48 AM MST","03/31/2025 01:56 AM MST","","","False","","#21a2e0","","Satvik Jain","","","","","","0 Submitted, 0 Open, 0 Fixed, 0 Closed, 0 Blocked","0","0","0","0","","","","False","","Accepted","False","","03/23/2025 11:08 PM MST","","","","","03/31/2025 01:56 AM MST","","","","Feature F739019: CRR - Setup Risk Category and Risk Element Screen","False","AXP PI 25.1","","","","18.0","0 Defined, 0 In-Progress, 3 Completed, 0 Blocked","0 None Run, 0 Blocked, 0 Error, 0 Fail, 0 Inconclusive, 0 Pass","0.0","0",""
"US5627087","Refinement for PI 25.2 - UI","","Feature F739019: CRR - Setup Risk Category and Risk Element Screen","0","3.0","Accepted","AXP 25.1.5 IP","Refinement for PI 25.2","Refinement for PI 25.2","Satvik Jain","E_SLPM_ST15_CRR Rule Configuration","03/17/2025 03:39 AM MST","03/28/2025 09:06 AM MST","","","False","","#21a2e0","","Satvik Jain","","","","","","0 Submitted, 0 Open, 0 Fixed, 0 Closed, 0 Blocked","0","0","0","0","","","","False","","Accepted","False","","03/23/2025 11:09 PM MST","","","","","03/28/2025 09:06 AM MST","","","","Feature F739019: CRR - Setup Risk Category and Risk Element Screen","False","AXP PI 25.1","","","","25.0","0 Defined, 0 In-Progress, 3 Completed, 0 Blocked","0 None Run, 0 Blocked, 0 Error, 0 Fail, 0 Inconclusive, 0 Pass","0.0","0",""
"US5774876","Automate add basic risk rule","","Feature F736465: CRR - Create Rule Logic Setup in Basic Mode","0","5.0","Accepted","AXP 25.2.9","Automate add basic risk rule ","Automate add basic risk rule","Satvik Jain","E_SLPM_ST15_CRR Rule Configuration","05/12/2025 10:42 PM MST","06/09/2025 10:16 PM MST","","","False","","#21a2e0","","Satvik Jain","","","","","","0 Submitted, 0 Open, 0 Fixed, 5 Closed, 0 Blocked","5","0","0","1","","","","False","","Accepted","False","","05/13/2025 08:05 AM MST","","","E2","08/11/2025 12:37 AM MST","08/11/2025 12:37 AM MST","","","","Feature F736465: CRR - Create Rule Logic Setup in Basic Mode","False","AXP PI 25.2","","","","60.0","0 Defined, 0 In-Progress, 4 Completed, 0 Blocked","0 None Run, 0 Blocked, 0 Error, 0 Fail, 0 Inconclusive, 1 Pass","0.0","1",""
"US5774864","Automate risk threshold layout","","Feature F741328: CRR - Risk Thresholds new layout & Other miscellaneous efforts","0","3.0","Accepted","AXP 25.2.9","Automate risk threshold layout","Automate risk threshold layout","Satvik Jain","E_SLPM_ST15_CRR Rule Configuration","05/12/2025 10:41 PM MST","05/26/2025 08:57 AM MST","","","False","","#21a2e0","","Satvik Jain","","","","","","0 Submitted, 0 Open, 0 Fixed, 1 Closed, 0 Blocked","1","0","0","7","","","","False","","Accepted","False","","05/21/2025 03:18 AM MST","","","E2","08/11/2025 10:36 PM MST","08/11/2025 10:36 PM MST","","","","Feature F741328: CRR - Risk Thresholds new layout & Other miscellaneous efforts","False","AXP PI 25.2","","","","18.0","0 Defined, 0 In-Progress, 1 Completed, 0 Blocked","0 None Run, 0 Blocked, 0 Error, 0 Fail, 0 Inconclusive, 7 Pass","0.0","7",""
"US5945027","Create workflow for dependent bot","","Feature F778272: CRR - UI Improvements & modification PI 25.4","0","1.0","Accepted","AXP 25.4.18","Create workflow for dependent bot","Create workflow for dependent bot","Satvik Jain","E_SLPM_ST15_CRR Rule Configuration","07/21/2025 03:21 AM MST","09/29/2025 02:44 AM MST","","","False","","#21a2e0","","Satvik Jain","","","","CRR","","0 Submitted, 0 Open, 0 Fixed, 0 Closed, 0 Blocked","0","0","0","1","","","","False","","Accepted","False","","09/24/2025 11:42 PM MST","","","E1","09/24/2025 11:41 PM MST","10/16/2025 10:01 AM MST","","","","Feature F778272: CRR - UI Improvements & modification PI 25.4","False","AXP PI 25.4","","","","14.0","0 Defined, 0 In-Progress, 1 Completed, 0 Blocked","0 None Run, 0 Blocked, 0 Error, 0 Fail, 0 Inconclusive, 1 Pass","0.0","1",""
"US5774886","Test Scenarios Documentation Part-B","","Feature F741328: CRR - Risk Thresholds new layout & Other miscellaneous efforts","0","2.0","Accepted","AXP 25.2.9","Test Scenarios Documentation Part-BAs a QA, I have to add/create test scenarios/cases to respective excel sheet.https://drive.aexp.com/:x:/g/personal/jatin_kumar9_aexp_com/EWh3Z1NJzKRJh_Pa5-_Tbe0BtBh930j1CZGTa8Q6WRDdSg?e=gfqWCa","Test Scenarios Documentation Part-B","Satvik Jain","E_SLPM_ST15_CRR Rule Configuration","05/12/2025 10:43 PM MST","05/26/2025 08:57 AM MST","","","False","","#21a2e0","","Satvik Jain","","","","","","0 Submitted, 0 Open, 0 Fixed, 0 Closed, 0 Blocked","0","0","0","0","","","","False","","Accepted","False","","05/12/2025 11:57 PM MST","","","","","05/26/2025 08:57 AM MST","","","","Feature F741328: CRR - Risk Thresholds new layout & Other miscellaneous efforts","False","AXP PI 25.2","","","","12.0","0 Defined, 0 In-Progress, 1 Completed, 0 Blocked","0 None Run, 0 Blocked, 0 Error, 0 Fail, 0 Inconclusive, 0 Pass","0.0","0",""
"US5565376","Implement event sourcing in UI for publishing event such as rule/assessment.","","Feature F716185: CRR - Editing an Existing Risk Assessment","0","5.0","Accepted","AXP 25.1.3","As a Developer, I want to Implement event sourcing in UI for publishing event such as rule/assessment.","1. Event sourcing should have been setup for UI 2. If any onboarding required for ACE it should have been done 3. We should be able to publish rule or assessme","Satvik Jain","E_SLPM_ST15_CRR Rule Configuration","02/17/2025 04:07 AM MST","03/03/2025 12:56 AM MST","","","False","","#21a2e0","","Satvik Jain","","","","","","0 Submitted, 0 Open, 0 Fixed, 0 Closed, 0 Blocked","0","0","0","0","","","","False","","Accepted","False","","02/18/2025 09:27 PM MST","","","","","03/03/2025 12:56 AM MST","","","","Feature F716185: CRR - Editing an Existing Risk Assessment","False","AXP PI 25.1","","","","48.0","0 Defined, 0 In-Progress, 1 Completed, 0 Blocked","0 None Run, 0 Blocked, 0 Error, 0 Fail, 0 Inconclusive, 0 Pass","0.0","0",""
"US6285805","Perform platform regression and defect retesting","","Feature F717285: CRR - UI Improvements & Modification  PI 25.5","0","3.0","In-Progress","AXP 25.5.23"," Perform platform regression and defect retesting"," Perform platform regression and defect retesting","Satvik Jain","E_SLPM_ST15_CRR Rule Configuration","11/24/2025 11:27 PM MST","","","","False","","#df1a7b","","Satvik Jain","","","","","","2 Submitted, 0 Open, 0 Fixed, 0 Closed, 0 Blocked","2","0","0","0","","","","False","","In-Progress","False","","11/25/2025 08:19 PM MST","","","","","11/28/2025 12:36 AM MST","","","","Feature F717285: CRR - UI Improvements & Modification  PI 25.5","False","AXP PI 25.5","","","","48.0","0 Defined, 2 In-Progress, 0 Completed, 0 Blocked","0 None Run, 0 Blocked, 0 Error, 0 Fail, 0 Inconclusive, 0 Pass","48.0","0",""
"US5992621","Documentation for Cache Service Setup and Setup in E2","","Feature F778272: CRR - UI Improvements & modification PI 25.4","0","2.0","Accepted","AXP 25.4.17"," Documentation for Cache Service Setup and Setup in E2"," Documentation for Cache Service Setup and Setup in E2","Satvik Jain","E_SLPM_ST15_CRR Rule Configuration","08/06/2025 02:27 AM MST","09/15/2025 07:31 AM MST","","","False","","#21a2e0","","Satvik Jain","","","","CRR","","0 Submitted, 0 Open, 0 Fixed, 0 Closed, 0 Blocked","0","0","0","4","","","","False","","Accepted","False","","09/03/2025 10:54 PM MST","","","E1","09/15/2025 04:25 AM MST","10/16/2025 10:01 AM MST","","","","Feature F778272: CRR - UI Improvements & modification PI 25.4","False","AXP PI 25.4","","","","36.0","0 Defined, 0 In-Progress, 3 Completed, 0 Blocked","0 None Run, 0 Blocked, 0 Error, 0 Fail, 0 Inconclusive, 4 Pass","0.0","4",""
"US5995311","Test Automation Framework modification","","Feature F787106: 25.4: GCIP Test Automation","0","3.0","Accepted","AXP 25.4.16","ACsTest Automation Framework modificationFixes and Maintenance","Test Automation Framework modification","Satvik Jain","E_SLPM_ST15_CRR Rule Configuration","08/06/2025 11:06 AM MST","09/01/2025 07:44 AM MST","","","False","","#21a2e0","","Satvik Jain","","","","CRR","Platform","0 Submitted, 0 Open, 0 Fixed, 0 Closed, 0 Blocked","0","0","0","0","","","","False","","Accepted","False","","08/20/2025 01:49 AM MST","","","","","10/16/2025 10:01 AM MST","","","","Feature F787106: 25.4: GCIP Test Automation","False","AXP PI 25.4","","","","62.0","0 Defined, 0 In-Progress, 7 Completed, 0 Blocked","5 None Run, 0 Blocked, 0 Error, 0 Fail, 0 Inconclusive, 0 Pass","0.0","5",""
"US5903938","CRR- Fundamental assessment - Update questions & answers for the first time","","Feature F716834: CRR - Fundamental Assessments in E2 - (Build, Deploy)","1","8.0","Accepted","AXP 25.4.16","AS A COMPLIANCE ANALYST/MANAGERI WANT TO get the production values of FA Question & Answers set up in the POA one timeSO THAT manual errors are avoided and FA can be configured without hassle.","GIVEN That the user wants to configure FA questions and answersWHEN He is setting up the FA for the first timeTHEN the POD production values of the Q/A should be already available by default as a starting point","Suprana Sengupta","E_SLPM_ST15_CRR Rule Configuration","06/26/2025 04:40 AM MST","09/01/2025 08:02 AM MST","","","False","","#21a2e0","","Suprana Sengupta","","","","CRR","","0 Submitted, 0 Open, 0 Fixed, 0 Closed, 0 Blocked","0","0","0","1","","","","False","","Accepted","False","","08/19/2025 05:36 AM MST","","","Integration","08/30/2025 04:17 AM MST","10/16/2025 10:01 AM MST","","","","Feature F716834: CRR - Fundamental Assessments in E2 - (Build, Deploy)","False","AXP PI 25.4","","","CRR_FT","64.0","0 Defined, 0 In-Progress, 4 Completed, 0 Blocked","0 None Run, 0 Blocked, 0 Error, 0 Fail, 0 Inconclusive, 1 Pass","0.0","1",""
"US5896938","Addition of Asset without validation","Integration with tables created in Lumi via BMD","Feature F716837: CRR - Asset manager: User Friendly List Updates in E1","1","5.0","Accepted","AXP 25.4.16","AS A Compliance Analyst/Manager I WANT to add a new asset with detailsSO THAT rule configuration can be done in an easy and scalable way ","GIVEN that the user wants to create a new assetWHEN they click on the save button after updating the details THEN then a new asset is added with the values they have uploaded ","Suprana Sengupta","E_SLPM_ST15_CRR Rule Configuration","06/24/2025 03:08 AM MST","09/01/2025 07:54 AM MST","","","False","","#21a2e0","","Satvik Jain","","","","CRR","","0 Submitted, 0 Open, 0 Fixed, 0 Closed, 0 Blocked","0","0","0","0","","","","False","","Accepted","False","","08/25/2025 08:23 AM MST","","","","","10/16/2025 10:01 AM MST","","","","Feature F716837: CRR - Asset manager: User Friendly List Updates in E1","False","AXP PI 25.4","","","CRR_FT","50.0","0 Defined, 0 In-Progress, 2 Completed, 0 Blocked","0 None Run, 0 Blocked, 0 Error, 0 Fail, 0 Inconclusive, 0 Pass","0.0","0",""
"US5897066","Create a New List with Name, Description, Master List Name","Create a new list modalValidation on list name, description, tagsFix Uppercase/lowercase on the Error Messages","Feature F716837: CRR - Asset manager: User Friendly List Updates in E1","0","5.0","Accepted","AXP 25.4.17","AS A Compliance Analyst/Manager I WANT to create a new asset using add new functionalitySO THAT I can use the new asset for my CRR framework Figma Link - https://www.figma.com/design/ej5fTjN0D2CQJFWaZtwj3H/CRR-Option2?node-id=3873-46582&t=9JRoFvEeeIABdrJK-0The filename with which the asset would be stored should be the name given by the user in the name field of the Add Asset modal. The actual name of the file on the user's desktop should be ignored. ","GIVEN that the user wants to create a new asset using Add new functionality on the Assets home screen WHEN user clicks on Add NewTHEN he should be able to see a modal with attributes to be filled such as Name, description, search list and upload optionAND THEN user should be able to update these attributes and there should be validations on name, description. Search list should be a search option to select list nameAND THEN user should not be able to create an asset with a duplicate name which already existsAND THEN user should not be able to create an asset with just spaces in the name and it should be treated as the Blank inputAND THEN user should be able to upload a file containing the attributes for creating the asset and save the same to create new asset such that the attributes will be matched to whatever is present in the backend table. In this case asset will be created successfully as version 1 and will reflect in the asset listAND WHEN the user has uploaded a file containing attributes which are not present in the backendTHEN the validation for these should return error message - """"Error on Rows x, y, z"""" and the asset shouldn't be created in such case.AND WHEN user has uploaded a file which is incorrect in file format (Not csv)THEN the file validation should return error """"Invalid file type"""" and not allow creation of the assetAND WHEN the user has uploaded a file with size >100 mbTHEN it should return error message """"file should be <100 mb""""AND WHEN the user has uploaded a csv file which has more than 1 columnsTHEN they should get an error """"Error on Columns x, y, z""""AND WHEN the user has uploaded a file containing attributes where some rows are blank in betweenTHEN the validation for these should return error message - """"Error on Rows x, y, z"""" and the asset shouldn't be created in such case Priority Order of the Errors - File Type, File Size, File Schema errors on Rows and Columns (Blank rows in between, or More than 1 columns), Data Validations on Lookup with Master list values","Suprana Sengupta","E_SLPM_ST15_CRR Rule Configuration","06/24/2025 03:31 AM MST","09/15/2025 07:55 AM MST","","","False","","#21a2e0","","Satvik Jain","","","","CRR","","0 Submitted, 0 Open, 0 Fixed, 0 Closed, 0 Blocked","0","0","0","0","","","","False","","Accepted","False","","09/04/2025 01:36 AM MST","","","","","10/16/2025 10:01 AM MST","","","","Feature F716837: CRR - Asset manager: User Friendly List Updates in E1","False","AXP PI 25.4","","","CRR_FT","39.0","0 Defined, 0 In-Progress, 2 Completed, 0 Blocked","0 None Run, 0 Blocked, 0 Error, 0 Fail, 0 Inconclusive, 0 Pass","0.0","0",""
"US5901308","CRR -Local override -- Allow local overrides for multipliers in enterprise-level FA","","Feature F716834: CRR - Fundamental Assessments in E2 - (Build, Deploy)","0","5.0","Accepted","AXP 25.4.19","AS A Compliance Analyst/Manager I WANT to update risk score overrides for specific risk attributesSO THAT the risk rules for that specific attribute will use the override instead of the enterprise-wide FA Score Figma Link - https://www.figma.com/design/ej5fTjN0D2CQJFWaZtwj3H/CRR-Option2?node-id=5485-79014&t=9JRoFvEeeIABdrJK-0 ","GIVEN that the user wants to update an override for a particular risk attribute through """"Update Override"""" buttonWHEN user clicks Update Override button, THEN he should be able to see override parameters such as center, risk score.AND THEN he should be able to select a specific center and update a corresponding risk score (e.g. 02-low) for that centerAND THEN once he saves the changes, updated timestamp should be reflected AND THEN user should have the option to add more overrides using (+) button or delete existing overrides using delete button","Suprana Sengupta","E_SLPM_ST15_CRR Rule Configuration","06/25/2025 02:13 AM MST","10/13/2025 09:03 AM MST","","","False","","#21a2e0","","Suprana Sengupta","","","","CRR","","0 Submitted, 0 Open, 0 Fixed, 0 Closed, 0 Blocked","0","0","0","1","","","","False","","Accepted","False","","09/21/2025 05:56 PM MST","","","Overrides Multipliers","10/13/2025 10:20 PM MST","10/16/2025 10:01 AM MST","","","","Feature F716834: CRR - Fundamental Assessments in E2 - (Build, Deploy)","False","AXP PI 25.4","","","CRR_FT","25.0","0 Defined, 0 In-Progress, 2 Completed, 0 Blocked","0 None Run, 0 Blocked, 0 Error, 0 Fail, 0 Inconclusive, 1 Pass","0.0","1",""
"US5896921","Asset manager Home screen setup","Lists, Fundamental AssessmentsAdd List buttonEdit ListDelete ListList NameList DescriptionList Tags ","Feature F716837: CRR - Asset manager: User Friendly List Updates in E1","1","5.0","Accepted","AXP 25.4.16","AS A Compliance Analyst/Manager I WANT to view the Asset Manager Home screen SO THAT I can create new assets/use Existing assets/delete assets/update any asset. Figma Link - https://www.figma.com/design/ej5fTjN0D2CQJFWaZtwj3H/CRR-Option2?node-id=3873-46453&t=9JRoFvEeeIABdrJK-0 NOTE:Edit asset button would be non-functional for now ","GIVEN that the user wants to use a given asset from Asset ScreenWHEN user clicks on Assets Tab on the Home Screen of CRRTHEN he should be able to land on the homepage and view all the Assets present currently in pagination (of 10 assets in one page)AND THEN he should be able to see all other attributes related to the asset such as Asset Name, Description, List Name, Last Updated, Actions (Delete/Edit)AND THEN he should be able to delete any of the existing assets using the delete button which is not being used in anywhere (either Sandbox or Production)AND THEN he should be able to create a new asset using """"Add New"""" functionality ","Suprana Sengupta","E_SLPM_ST15_CRR Rule Configuration","06/24/2025 03:06 AM MST","09/01/2025 07:54 AM MST","","","False","","#21a2e0","","Satvik Jain","","","","CRR","","0 Submitted, 0 Open, 0 Fixed, 0 Closed, 0 Blocked","0","0","0","0","","","","False","","Accepted","False","","08/18/2025 10:04 PM MST","","","","","10/16/2025 10:01 AM MST","","","","Feature F716837: CRR - Asset manager: User Friendly List Updates in E1","False","AXP PI 25.4","","","CRR_FT","60.0","0 Defined, 0 In-Progress, 2 Completed, 0 Blocked","0 None Run, 0 Blocked, 0 Error, 0 Fail, 0 Inconclusive, 0 Pass","0.0","0",""
"US5901293","CRR - Fundamental Assessment - Home Screen","","Feature F716834: CRR - Fundamental Assessments in E2 - (Build, Deploy)","2","5.0","Accepted","AXP 25.4.16","AS A Compliance Analyst/Manager I WANT to view the Fundamental Assessment Home screen SO THAT I can calculate Fundamental Assessment scores for specific attributes.Figma Link - https://www.figma.com/design/ej5fTjN0D2CQJFWaZtwj3H/CRR-Option2?node-id=5351-54247&t=bMBxGASav49GgXug-0 Design Update Needed - Remove Add New Button OUT OF SCOPESandbox Simulation for FA is a part of a different Feature","GIVEN that the user wants to update Fundamental Assessment scores for a particular attribute.WHEN user clicks on Fundamental Assessment Tab on the Home Screen of CRRTHEN he should be able to land on the homepage and view all the Assessment typesAND THEN he should be able to select any Assessment type to view the attributesAND THEN there should be a simulation button on the home screen which will be entry point to Trigger Sandbox for FA","Suprana Sengupta","E_SLPM_ST15_CRR Rule Configuration","06/25/2025 02:07 AM MST","09/01/2025 07:52 AM MST","","","False","","#21a2e0","","Suprana Sengupta","","","","CRR","","0 Submitted, 0 Open, 0 Fixed, 0 Closed, 0 Blocked","0","0","0","1","","","","False","","Accepted","False","","08/18/2025 09:12 PM MST","","","Home Screen FA","08/30/2025 04:12 AM MST","10/16/2025 10:01 AM MST","","","","Feature F716834: CRR - Fundamental Assessments in E2 - (Build, Deploy)","False","AXP PI 25.4","","","CRR_FT","34.0","0 Defined, 0 In-Progress, 2 Completed, 0 Blocked","0 None Run, 0 Blocked, 0 Error, 0 Fail, 0 Inconclusive, 1 Pass","0.0","1",""
"US5901303","CRR - Score Calculation for risk categories post updating questions in Fundamental Assessment","","Feature F716834: CRR - Fundamental Assessments in E2 - (Build, Deploy)","0","5.0","Accepted","AXP 25.4.19","AS A Compliance Analyst/Manager I WANT to view the updated calculation of FA score based on my yes/no questionnaire changesSO THAT I can calculate Fundamental Assessment scores for specific attributes. Figma Link - https://www.figma.com/design/ej5fTjN0D2CQJFWaZtwj3H/CRR-Option2?node-id=5462-78468&t=9JRoFvEeeIABdrJK-0  ","GIVEN that the user wants to calculate and view the updated FA ScoreWHEN user makes the changes to questions and clicks the """"Calculate"""" buttonTHEN he should be able to see the New score value getting updated.AND THEN, if user leaves this screen and goes back to the Assessment screen (say geography), the new score for that particular attribute should be visible which may be different from the current scoreAND THEN updated scoring should be reflected on the basis of Priority & Predefined Risk score of question (Doc attached)AND THEN an indicator should be shown to indicate whether the new score has increased or decreased from the current score WHEN the user makes changes to questions, but leaves the screen without clicking """"CALCULATE"""" button,THEN the user should be shown a message -- """"It seems you are leaving the screen without calculating the FA score"""" with options """"Discard changes"""" and """"Continue to Edit"""". we will discard changes if user still leaves the screen without calculating. ","Suprana Sengupta","E_SLPM_ST15_CRR Rule Configuration","06/25/2025 02:11 AM MST","10/13/2025 10:09 PM MST","","","False","","#21a2e0","","Suprana Sengupta","","","","CRR","","0 Submitted, 0 Open, 0 Fixed, 0 Closed, 0 Blocked","0","0","0","1","","","","False","","Accepted","False","","09/21/2025 05:57 PM MST","","","Score Calculation","10/13/2025 10:14 PM MST","10/16/2025 10:01 AM MST","","","","Feature F716834: CRR - Fundamental Assessments in E2 - (Build, Deploy)","False","AXP PI 25.4","","","CRR_FT","25.0","0 Defined, 0 In-Progress, 2 Completed, 0 Blocked","0 None Run, 0 Blocked, 0 Error, 0 Fail, 0 Inconclusive, 1 Pass","0.0","1",""
"US5997657","Edit of risk category & risk element only on enterprise sandbox","Add risk assessment button to be made consistent with risk cat, risk elements, etcEditing of risk cat & risk element only supported on enterprise sandboxThe simulation button can be changed to buttons as """"Simulation"""" & """"Implement"""" (similar designs used in FA & Asset Manager also) ","Feature F774976: CRR - Risk Threshold simulation & merge to production in E1","0","3.0","Accepted","AXP 25.4.20 IP","AS A Compliance Analyst/ManagerI WANT TO Edit risk cat & risk element on enterprise sandbox  ","GIVEN that the user is on enterprise sandbox,THEN he should only be able to edit risk category and risk elementAND UI should be seamless as below:Add risk assessment button to be made consistent with risk cat, risk elements, etcThe simulation button can be changed to buttons as """"Simulation"""" & """"Implement"""" (similar designs used in FA & Asset Manager also)","Satvik Jain","E_SLPM_ST15_CRR Rule Configuration","08/07/2025 12:12 AM MST","10/27/2025 03:35 AM MST","","","False","","#21a2e0","","Satvik Jain","","","","CRR","","0 Submitted, 0 Open, 0 Fixed, 0 Closed, 0 Blocked","0","0","0","0","","","","False","","Accepted","False","","10/20/2025 07:32 PM MST","","","","","10/27/2025 03:35 AM MST","","","","Feature F774976: CRR - Risk Threshold simulation & merge to production in E1","False","AXP PI 25.4","","","","30.0","0 Defined, 0 In-Progress, 1 Completed, 0 Blocked","0 None Run, 0 Blocked, 0 Error, 0 Fail, 0 Inconclusive, 0 Pass","0.0","0",""
"US5901763","Integration of Rule configuration UI with Fundamental Assessment as a Multiplier","","Feature F716834: CRR - Fundamental Assessments in E2 - (Build, Deploy)","0","3.0","Accepted","AXP 25.4.17","AS A Compliance Analyst/ManagerI WANT TO Use the Fundamental Assessment during Rule Configuration as MultipliersSO THAT Risk configuration can be done easily and seamlessly for all types (Industry, Product, Structure, Geography, Acquisition Channel, Occupation)","GIVEN that the user wants to use Fundamental Assessment during Rule configurationWHEN user selects multiplier type as Fundamental AssessmentTHEN they should be able to see the Values of Fundamental assessments correctly in the Risk Rule Detail Page ","Suprana Sengupta","E_SLPM_ST15_CRR Rule Configuration","06/25/2025 06:13 AM MST","09/15/2025 07:18 AM MST","","","False","","#21a2e0","","Suprana Sengupta","","","","CRR","","0 Submitted, 0 Open, 0 Fixed, 0 Closed, 0 Blocked","0","0","0","1","","","","False","","Accepted","False","","09/08/2025 01:43 AM MST","","","FA Test cases","09/14/2025 09:20 PM MST","10/16/2025 10:01 AM MST","","","","Feature F716834: CRR - Fundamental Assessments in E2 - (Build, Deploy)","False","AXP PI 25.4","","","CRR_FT","30.0","0 Defined, 0 In-Progress, 2 Completed, 0 Blocked","0 None Run, 0 Blocked, 0 Error, 0 Fail, 0 Inconclusive, 1 Pass","0.0","1",""
"US5903960","Integration of Rule configuration UI with Centralised Lists","","Feature F716837: CRR - Asset manager: User Friendly List Updates in E1","0","3.0","Accepted","AXP 25.4.17","AS A Compliance Analyst/ManagerI WANT TO Use the already created Assets during Rule ConfigurationSO THAT Risk configuration can be done easily and seamlessly","GIVEN that the user wants to use Centralized lists in CRR FrameworkWHEN they go to the risk rule detail pageTHEN they are able to see the Sub list for rule configuration based on Datapoint & master list mappingTHEN they are able to use the Sub List for rule configuration from the dropdown of Sub Lists","Suprana Sengupta","E_SLPM_ST15_CRR Rule Configuration","06/26/2025 04:54 AM MST","09/15/2025 07:55 AM MST","","","False","","#21a2e0","","Suprana Sengupta","","","","CRR","","0 Submitted, 0 Open, 0 Fixed, 0 Closed, 0 Blocked","0","0","0","0","","","","False","","Accepted","False","","09/08/2025 09:19 PM MST","","","","","10/16/2025 10:01 AM MST","","","","Feature F716837: CRR - Asset manager: User Friendly List Updates in E1","False","AXP PI 25.4","","","CRR_FT","45.0","0 Defined, 0 In-Progress, 2 Completed, 0 Blocked","0 None Run, 0 Blocked, 0 Error, 0 Fail, 0 Inconclusive, 0 Pass","0.0","0",""
"US5903962","Datapoint to Master List Mapping creation","","Feature F716837: CRR - Asset manager: User Friendly List Updates in E1","1","3.0","Accepted","AXP 25.4.16","AS A Compliance Analyst/ManagerI WANT TO Use the specific lists that belong to a DatapointSO THAT Risk configuration is done accurately only with the supported Sublists","GIVEN that the user wants to see only Relevant Sub Lists in the Value DropdownWHEN they select a Datapoint in the Risk Rule details screenTHEN they have a Datapoint to Master List mapping so that the correct assets can be identified","Suprana Sengupta","E_SLPM_ST15_CRR Rule Configuration","06/26/2025 04:55 AM MST","09/01/2025 08:05 AM MST","","","False","","#21a2e0","","Suprana Sengupta","","","","CRR","","0 Submitted, 0 Open, 0 Fixed, 0 Closed, 0 Blocked","0","0","0","0","","","","False","","Accepted","False","","08/27/2025 09:42 PM MST","","","","","10/16/2025 10:01 AM MST","","","","Feature F716837: CRR - Asset manager: User Friendly List Updates in E1","False","AXP PI 25.4","","","","10.0","0 Defined, 0 In-Progress, 1 Completed, 0 Blocked","0 None Run, 0 Blocked, 0 Error, 0 Fail, 0 Inconclusive, 0 Pass","0.0","0",""
"US5997666","Testing of Risk threshold Submission","","Feature F774976: CRR - Risk Threshold simulation & merge to production in E1","0","3.0","Accepted","AXP 25.4.20 IP","AS A Compliance Analyst/ManagerI WANT TO View the Risk Threshold Remapping report SO THAT I can analyze the Impact of Risk Threshold changes on CRR accurately before merging to Production Figma Link - https://www.figma.com/design/ej5fTjN0D2CQJFWaZtwj3H/CRR-Option2?node-id=3873-45829&t=WfcRGphuU8RTOQXl-0Figma link for confirmation message - https://www.figma.com/design/ej5fTjN0D2CQJFWaZtwj3H/CRR-Option2?node-id=3873-46205&t=WfcRGphuU8RTOQXl-0Figma link for success message - https://www.figma.com/design/ej5fTjN0D2CQJFWaZtwj3H/CRR-Option2?node-id=3873-50750&t=WfcRGphuU8RTOQXl-0 All Sandboxes should be in Sandbox Draft state at the time of merging  ","GIVEN that the user wants to analyze the Impact of Risk Threshold changes on CRRWHEN they Submit the changes of the Edit Risk Threshold window by clicking on Submit button (Edit previous button name from Save to Submit)THEN they are asked for a confirmation - """"Are you sure you would like to Submit the Risk Thresholds for Simulation? This action cannot be reverted untill the report generation"""" Options - Submit, CancelAND WHEN the user clicks on Submit to confirmTHEN the Risk threshold remapping task is initiated in the Backend with the latest CRR reportTHEN the User is notified with a Success message - """"Risk Threshold changes have been submitted for Simulation""""THEN till time that the Report is completed then Risk Threshold button will be disabled with message - """"Simulation is in Progress""""","Satvik Jain","E_SLPM_ST15_CRR Rule Configuration","08/07/2025 12:14 AM MST","10/27/2025 03:35 AM MST","","","False","","#21a2e0","","Satvik Jain","","","","CRR","","0 Submitted, 0 Open, 0 Fixed, 1 Closed, 0 Blocked","1","0","0","1","","","","False","","Accepted","False","","10/06/2025 02:31 AM MST","","","E2","10/19/2025 12:11 AM MST","10/27/2025 03:35 AM MST","","","","Feature F774976: CRR - Risk Threshold simulation & merge to production in E1","False","AXP PI 25.4","","","","15.0","0 Defined, 0 In-Progress, 2 Completed, 0 Blocked","0 None Run, 0 Blocked, 0 Error, 0 Fail, 0 Inconclusive, 1 Pass","0.0","1",""
"US5997669","Testing of Risk threshold Merging","","Feature F774976: CRR - Risk Threshold simulation & merge to production in E1","0","2.0","Accepted","AXP 25.4.20 IP","AS A Compliance Analyst/ManagerI WANT TO View the Risk Threshold Remapping report SO THAT I can analyze the Impact of Risk Threshold changes on CRR accurately before merging to Production Figma Link - https://www.figma.com/design/ej5fTjN0D2CQJFWaZtwj3H/CRR-Option2?node-id=3873-45829&t=WfcRGphuU8RTOQXl-0Figma link for confirmation message - https://www.figma.com/design/ej5fTjN0D2CQJFWaZtwj3H/CRR-Option2?node-id=3873-46205&t=WfcRGphuU8RTOQXl-0Figma link for success message - https://www.figma.com/design/ej5fTjN0D2CQJFWaZtwj3H/CRR-Option2?node-id=3873-50750&t=WfcRGphuU8RTOQXl-0 All Sandboxes should be in Sandbox Draft state at the time of merging  ","GIVEN that the user wants to analyze the Impact of Risk Threshold changes on CRRWHEN they Submit the changes of the Edit Risk Threshold window by clicking on Submit button (Edit previous button name from Save to Submit)THEN they are asked for a confirmation - """"Are you sure you would like to Submit the Risk Thresholds for Simulation? This action cannot be reverted untill the report generation"""" Options - Submit, CancelAND WHEN the user clicks on Submit to confirmTHEN the Risk threshold remapping task is initiated in the Backend with the latest CRR reportTHEN the User is notified with a Success message - """"Risk Threshold changes have been submitted for Simulation""""THEN till time that the Report is completed then Risk Threshold button will be disabled with message - """"Simulation is in Progress""""","Satvik Jain","E_SLPM_ST15_CRR Rule Configuration","08/07/2025 12:15 AM MST","10/27/2025 03:35 AM MST","","","False","","#21a2e0","","Satvik Jain","","","","CRR","","0 Submitted, 0 Open, 0 Fixed, 0 Closed, 0 Blocked","0","0","0","1","","","","False","","Accepted","False","","10/14/2025 09:34 PM MST","","","E2","10/19/2025 12:09 AM MST","11/17/2025 02:37 AM MST","","","","Feature F774976: CRR - Risk Threshold simulation & merge to production in E1","False","AXP PI 25.4","","","","6.0","0 Defined, 0 In-Progress, 1 Completed, 0 Blocked","0 None Run, 0 Blocked, 0 Error, 1 Fail, 0 Inconclusive, 1 Pass","0.0","2",""
"US6061056","CRR Audit history for Risk Threshold","","Feature F753683: CRR - Audit/CRR Version History in E2 (Build, Deploy)","0","3.0","Accepted","AXP 25.4.17","AS A Compliance Analyst/ManagerI WANT TO check the audit history of risk thresholdsSO THAT that there is accurate traceability of changes  Figma Link (WIP) - https://www.figma.com/design/ej5fTjN0D2CQJFWaZtwj3H/CRR-Option2?node-id=5807-61941&t=L2AuvfEGBysW71zC-0 ","GIVEN that I want to see the audit history of risk thresholdsWHEN I click on the basic CRR sectionTHEN I am able to see the audit history of risk threshold changes in columns From and To in the format """"Risk Score - Risk Rating"""" separated by commaTHEN the risk threshold type would be visible as Threshold Value  ","Satvik Jain","E_SLPM_ST15_CRR Rule Configuration","08/27/2025 11:05 PM MST","09/15/2025 07:30 AM MST","","","False","","#21a2e0","","Satvik Jain","","","","CRR","","0 Submitted, 0 Open, 0 Fixed, 0 Closed, 0 Blocked","0","0","0","1","","","","False","","Accepted","False","","09/01/2025 10:36 PM MST","","","E1","09/11/2025 09:15 PM MST","10/16/2025 10:01 AM MST","","","","Feature F753683: CRR - Audit/CRR Version History in E2 (Build, Deploy)","False","AXP PI 25.4","","","CRR_FT","38.0","0 Defined, 0 In-Progress, 5 Completed, 0 Blocked","0 None Run, 0 Blocked, 0 Error, 0 Fail, 0 Inconclusive, 1 Pass","0.0","1",""
"US5901594","Export of audit history between 2 given dates in csv format for Basic CRR and Asset Manager","","Feature F753683: CRR - Audit/CRR Version History in E2 (Build, Deploy)","2","3.0","Accepted","AXP 25.4.19","AS A Compliance Analyst/ManagerI WANT TO download an export of the audit history between the selected time range (Maximum 1 year) for Asset manager & Basic CRRSO THAT that I am able to use that report for audit purposes and compliance.  Figma Link (WIP) - https://www.figma.com/design/ej5fTjN0D2CQJFWaZtwj3H/CRR-Option2?node-id=5807-61941&t=L2AuvfEGBysW71zC-0 Link to Audit export Template - CRR Audit EXport Template.xlsx ","GIVEN that I want to be able to download the list of changes in the audit history upto 1 year of time periodWHEN I click on the download button in the audit pageTHEN I am able to see the csv file downloaded in my system ","Satvik Jain","E_SLPM_ST15_CRR Rule Configuration","06/25/2025 04:40 AM MST","10/13/2025 02:00 AM MST","","","False","","#21a2e0","","Satvik Jain","","","","CRR","","0 Submitted, 0 Open, 0 Fixed, 0 Closed, 0 Blocked","0","0","0","1","","","","False","","Accepted","False","","10/05/2025 09:32 PM MST","","","Asset Manger Audit","10/13/2025 10:23 PM MST","10/16/2025 10:01 AM MST","","","","Feature F753683: CRR - Audit/CRR Version History in E2 (Build, Deploy)","False","AXP PI 25.4","","","CRR_FT","58.0","0 Defined, 0 In-Progress, 3 Completed, 0 Blocked","0 None Run, 0 Blocked, 0 Error, 0 Fail, 0 Inconclusive, 1 Pass","0.0","1",""
"US5901588","Block user actions till Submit acknowledgement received from Rule execution","","Feature F778272: CRR - UI Improvements & modification PI 25.4","0","3.0","Accepted","AXP 25.4.19","AS A Compliance Analyst/ManagerI WANT TO ensure that the user does not take cancellation action till sandbox submit acknowledgement is receivedSO THAT the sandbox state is consistent Message to be shown - """"Submission is In-Progress. Please try later.""""Refer design screenshot below  ","AS A Compliance Analyst/ManagerI WANT TO ensure that the user does not take cancellation action till sandbox submit acknowledgement is receivedSO THAT the sandbox state is consistent Message to be shown - """"Submission is In-Progress. Please try later.""""Refer design screenshot below","Satvik Jain","E_SLPM_ST15_CRR Rule Configuration","06/25/2025 04:33 AM MST","10/13/2025 07:56 AM MST","","","False","","#21a2e0","","Satvik Jain","","","","CRR","","0 Submitted, 0 Open, 0 Fixed, 0 Closed, 0 Blocked","0","0","0","0","","","","False","","Accepted","False","","10/08/2025 07:03 AM MST","","","","","10/16/2025 10:01 AM MST","","","","Feature F778272: CRR - UI Improvements & modification PI 25.4","False","AXP PI 25.4","","","","40.0","0 Defined, 0 In-Progress, 2 Completed, 0 Blocked","0 None Run, 0 Blocked, 0 Error, 0 Fail, 0 Inconclusive, 0 Pass","0.0","0",""
"US5904585","UI and backend for Sandbox notifications on Submission, completion and cancellation","","Feature F716861: CRR - Calculate CRR in Sandbox & Simulation in E1","0","3.0","Accepted","AXP 25.4.17","AS A Compliance Analyst/ManagerI WANT TO receive the latest status notification for every sandbox for events of Submission, Completion and Cancellation, ImplementationSO THAT that the user is notified of the latest changes made to each sandbox  Figma link - https://rally1.rallydev.com/#/734308956435ud/iterationstatus?detail=%2Fuserstory%2F828101963569%2Fdetails {Scope} Sandbox is Created               mm/dd/yy{Scope} Sandbox is Submitted            mm/dd/yy{Scope} Sandbox is Completed           mm/dd/yy{Scope} Sandbox is Cancelled            mm/dd/yy{Scope} Sandbox is Implemented       mm/dd/yyScope = India, Enterprise ","GIVEN that the user wants to receive notifications for Sandbox submission, cancellation and completion & implementation (most recent activity on every sandbox)WHEN they click on the notification icon in the Sandbox home screen pageTHEN they see the most recent activity for 10 events in the notification windowTHEN they should be able to see the timestamp of the change/event on the right side in diffused format.","Satvik Jain","E_SLPM_ST15_CRR Rule Configuration","06/26/2025 08:40 AM MST","09/15/2025 07:31 AM MST","","","False","","#21a2e0","","Satvik Jain","","","","CRR","","0 Submitted, 0 Open, 0 Fixed, 0 Closed, 0 Blocked","0","0","0","1","","","","False","","Accepted","False","","09/02/2025 07:51 AM MST","","","E1","09/08/2025 03:41 AM MST","10/16/2025 10:01 AM MST","","","","Feature F716861: CRR - Calculate CRR in Sandbox & Simulation in E1","False","AXP PI 25.4","","","CRR_FT","40.0","0 Defined, 0 In-Progress, 4 Completed, 0 Blocked","0 None Run, 0 Blocked, 0 Error, 0 Fail, 0 Inconclusive, 1 Pass","0.0","1",""
"US5991969","Asset Manager Version History for changes made to Assets","","Feature F753683: CRR - Audit/CRR Version History in E2 (Build, Deploy)","2","5.0","Accepted","AXP 25.4.18","AS A Compliance Analyst/ManagerI WANT TO receive the version history of all the Asset changes merged into productionSO THAT that there is accurate traceability of changes with the user and the time of update of the change  Figma Link (WIP) - https://www.figma.com/design/ej5fTjN0D2CQJFWaZtwj3H/CRR-Option2?node-id=5807-61941&t=L2AuvfEGBysW71zC-0 ","GIVEN that I want to see the complete list of Asset changes in the audit historyWHEN I click on the Audit history button in CRR and go to the asset sectionTHEN I am able to see any changes in assets used in rulesets (Excluding editing of assets with name, description and file content changes in assets)THEN I am able to see the changes of Asset values (editing of asset file) with 2 different links for the old and the new asset configurations with Modified by and Last updated timestamps  ","Satvik Jain","E_SLPM_ST15_CRR Rule Configuration","08/05/2025 10:59 PM MST","09/29/2025 09:57 AM MST","","","False","","#21a2e0","","Satvik Jain","","","","CRR","","0 Submitted, 0 Open, 0 Fixed, 0 Closed, 0 Blocked","0","0","0","0","","","","False","","Accepted","False","","09/16/2025 09:29 PM MST","","","","","10/16/2025 10:01 AM MST","","","","Feature F753683: CRR - Audit/CRR Version History in E2 (Build, Deploy)","False","AXP PI 25.4","","","CRR_FT","110.0","0 Defined, 0 In-Progress, 4 Completed, 0 Blocked","0 None Run, 0 Blocked, 0 Error, 0 Fail, 0 Inconclusive, 0 Pass","0.0","0",""
"US5991968","Fundamental Assessment Version history for changes made to FA","","Feature F753683: CRR - Audit/CRR Version History in E2 (Build, Deploy)","0","5.0","Accepted","AXP 25.4.20 IP","AS A Compliance Analyst/ManagerI WANT TO receive the version history of all the Fundamental Assessment changes merged into productionSO THAT that there is accurate traceability of changes to the user and the time of update of the change  Figma Link (WIP) - https://www.figma.com/design/ej5fTjN0D2CQJFWaZtwj3H/CRR-Option2?node-id=5807-61941&t=L2AuvfEGBysW71zC-0 ","GIVEN that I want to see the complete list of Fundamental Assessment changes in the audit historyWHEN I click on the Audit history button in CRR and go to fundamental assessment tabTHEN I am able to see the changes for fundamental assessment with assessment type, attributes and change in score from and to with User and timestamp THEN I am able to see any changes in FA overrides for a particular center in format from {Center - x} to {Center - y} ","Satvik Jain","E_SLPM_ST15_CRR Rule Configuration","08/05/2025 10:59 PM MST","10/27/2025 03:38 AM MST","","","False","","#21a2e0","","Satvik Jain","","","","CRR","","0 Submitted, 0 Open, 0 Fixed, 0 Closed, 0 Blocked","0","0","0","1","","","","False","","Accepted","False","","10/09/2025 02:42 AM MST","","","FA Audit","10/27/2025 07:49 PM MST","10/27/2025 07:50 PM MST","","","","Feature F753683: CRR - Audit/CRR Version History in E2 (Build, Deploy)","False","AXP PI 25.4","","","CRR_FT","38.0","0 Defined, 0 In-Progress, 3 Completed, 0 Blocked","0 None Run, 0 Blocked, 0 Error, 0 Fail, 0 Inconclusive, 1 Pass","0.0","1",""
"US5901590","CRR Risk Categories version history setup and linked properties","","Feature F753683: CRR - Audit/CRR Version History in E2 (Build, Deploy)","0","3.0","Accepted","AXP 25.4.16","AS A Compliance Analyst/ManagerI WANT TO receive the version history of all the Risk Category changes merged into productionSO THAT that there is accurate traceability of changes to the user and the time of update of the change  Figma Link (WIP) - https://www.figma.com/design/ej5fTjN0D2CQJFWaZtwj3H/CRR-Option2?node-id=5807-61941&t=L2AuvfEGBysW71zC-0Out of Scope - (For this User story, we have not done the integration with Backend)  ","GIVEN that I want to see the changes in Name and Description of the Risk CategoryWHEN I click on the Audit history button and select Basic CRRTHEN I am able to see the changes in Name and Description of the Risk categoryTHEN I am able to see the modified by and last updated column for more details of the change(NOTE: Risk category can only be modified from an Enterprise sandbox and it will be changed for all sandboxes simultaneously) ","Satvik Jain","E_SLPM_ST15_CRR Rule Configuration","06/25/2025 04:38 AM MST","09/01/2025 07:43 AM MST","","","False","","#21a2e0","","Satvik Jain","","","","CRR","","0 Submitted, 0 Open, 0 Fixed, 0 Closed, 0 Blocked","0","0","0","1","","","","False","","Accepted","False","","08/27/2025 10:20 AM MST","","","E1","08/29/2025 01:42 AM MST","10/16/2025 10:01 AM MST","","","","Feature F753683: CRR - Audit/CRR Version History in E2 (Build, Deploy)","False","AXP PI 25.4","","","CRR_FT","25.0","0 Defined, 0 In-Progress, 2 Completed, 0 Blocked","0 None Run, 0 Blocked, 0 Error, 0 Fail, 0 Inconclusive, 1 Pass","0.0","1",""
"US5901591","CRR Risk Elements version history setup and linked properties","","Feature F753683: CRR - Audit/CRR Version History in E2 (Build, Deploy)","0","3.0","Accepted","AXP 25.4.16","AS A Compliance Analyst/ManagerI WANT TO receive the version history of all the Risk Element changes merged into productionSO THAT that there is accurate traceability of changes to the user and the time of update of the change  Figma Link (WIP) - https://www.figma.com/design/ej5fTjN0D2CQJFWaZtwj3H/CRR-Option2?node-id=5807-61941&t=L2AuvfEGBysW71zC-0 ","GIVEN that I want to see the changes in Name, Description, Time-Based, Prohibited, Min/Max changes, Applicability, Default Multiplier, Weighting at the Risk Element LevelWHEN I click on the Audit history button and select Basic CRRTHEN I am able to see the changes in columns From, To, Modified by, Last updated etc.(NOTE: Risk Elements can only be modified from an Enterprise sandbox and it will change for all sandboxes simultaneously)","Satvik Jain","E_SLPM_ST15_CRR Rule Configuration","06/25/2025 04:38 AM MST","09/01/2025 07:44 AM MST","","","False","","#21a2e0","","Satvik Jain","","","","CRR","","0 Submitted, 0 Open, 0 Fixed, 0 Closed, 0 Blocked","0","0","0","1","","","","False","","Accepted","False","","08/27/2025 10:20 AM MST","","","E1","08/29/2025 01:40 AM MST","10/16/2025 10:01 AM MST","","","","Feature F753683: CRR - Audit/CRR Version History in E2 (Build, Deploy)","False","AXP PI 25.4","","","CRR_FT","28.0","0 Defined, 0 In-Progress, 2 Completed, 0 Blocked","0 None Run, 0 Blocked, 0 Error, 0 Fail, 0 Inconclusive, 1 Pass","0.0","1",""
"US5901592","CRR Risk Rulesets/Rules version history setup and linked properties","","Feature F753683: CRR - Audit/CRR Version History in E2 (Build, Deploy)","0","3.0","Accepted","AXP 25.4.16","AS A Compliance Analyst/ManagerI WANT TO receive the version history of all the Ruleset Level changes merged into productionSO THAT that there is accurate traceability of changes to the user and the time of update of the change  Figma Link (WIP) - https://www.figma.com/design/ej5fTjN0D2CQJFWaZtwj3H/CRR-Option2?node-id=5807-61941&t=L2AuvfEGBysW71zC-0 ","GIVEN that I want to see the changes in Rule Description, Multiplier and Logic of the RuleWHEN I select the Basic CRR option in the Audit home screenTHEN I am able to see the changes in Rule Description, Multiplier and Logic of the ruleTHEN I am able to see From, To, Modified by and Last Updated columns ","Satvik Jain","E_SLPM_ST15_CRR Rule Configuration","06/25/2025 04:39 AM MST","09/01/2025 07:44 AM MST","","","False","","#21a2e0","","Satvik Jain","","","","CRR","","0 Submitted, 0 Open, 0 Fixed, 0 Closed, 0 Blocked","0","0","0","1","","","","False","","Accepted","False","","08/27/2025 10:20 AM MST","","","E1","08/29/2025 01:36 AM MST","10/16/2025 10:01 AM MST","","","","Feature F753683: CRR - Audit/CRR Version History in E2 (Build, Deploy)","False","AXP PI 25.4","","","CRR_FT","33.0","0 Defined, 0 In-Progress, 2 Completed, 0 Blocked","0 None Run, 0 Blocked, 0 Error, 0 Fail, 0 Inconclusive, 1 Pass","0.0","1",""
"US5901299","CRR - Fundamental Assessment - Attribute Listing Screen","New Score is the Score that is calculated by the User when he makes a Change into the Fundamental AssessmentCurrent Score is the Score that is updated into Production when a Fundamental assessment is tested and then subsequently merged to ProductionInitially for the first time the New Score Default value will be 1 - Low and the Current Score will come from POD export of FAWhen user updates Q/A, the New Score will be changed in comparison to the Current Score.In Order to do a Risk Impact analysis for this New Score, the User has to run a Sandbox for all the Accounts with the New FA Scores.Once the New Score is used and Risk Scores are received, the User will then be allowed to Merge the new FA changes into Production.When merging is completed, the Current score will change to the New Scores merged into Production.","Feature F716834: CRR - Fundamental Assessments in E2 - (Build, Deploy)","4","8.0","Accepted","AXP 25.4.18","AS A Compliance Analyst/ManagerI WANT TO select the attribute I want to update for fundamental assessment SO THAT I can calculate inherent risk and use it in risk calculation Figma Link - https://www.figma.com/design/ej5fTjN0D2CQJFWaZtwj3H/CRR-Option2?node-id=5382-56408&t=DA3an90i0fcoihdT-0Attribute details Figma Link - https://www.figma.com/design/ej5fTjN0D2CQJFWaZtwj3H/CRR-Option2?node-id=5446-71581&t=0q8ZTdrauFSA9Dge-0   ","GIVEN that the user wants to view the Details of an Attribute on the attribute listing screenWHEN user is inside an assessment typeTHEN he should be able to see details - {Attribute} Code, {Attribute Name}, New Score, Current Score, Last Updated Timestamp (yyyy-mm-dd hh:mm:ss) and View button under Actions headerAND THEN the Risk scores under New score and Current Score should be color coded according to Risk Level High, Medium, LowAND WHEN the User had made any change to the FA score by updating Q/ATHEN the nature of change Increase/Decrease should be highlighted beside the New Score column valuesAND THEN he should be able to view details of the attribute from view buttonAND THEN he should be able to select any attribute to view the questionnaireAND THEN the user should be able to click the view button on the actions column and check the details of the attribute  ","Suprana Sengupta","E_SLPM_ST15_CRR Rule Configuration","06/25/2025 02:09 AM MST","09/29/2025 06:06 AM MST","","","False","","#21a2e0","","Suprana Sengupta","","","","CRR","","0 Submitted, 0 Open, 0 Fixed, 0 Closed, 0 Blocked","0","0","0","1","","","","False","","Accepted","False","","09/03/2025 09:35 PM MST","","","FA Test Cases","09/14/2025 09:23 PM MST","11/17/2025 07:38 PM MST","","","","Feature F716834: CRR - Fundamental Assessments in E2 - (Build, Deploy)","False","AXP PI 25.4","","","CRR_FT","40.0","0 Defined, 0 In-Progress, 2 Completed, 0 Blocked","0 None Run, 0 Blocked, 0 Error, 0 Fail, 0 Inconclusive, 1 Pass","0.0","1",""
"US6078286","CRR- Fundamental Assessment Score calculation","","Feature F716834: CRR - Fundamental Assessments in E2 - (Build, Deploy)","0","3.0","Accepted","AXP 25.4.19","AS A Compliance Analyst/ManagerI WANT TO update the questionnaire for calculating Fundamental score using Yes/No ValueSO THAT I can calculate inherent risk and use it in risk calculation Figma Link - https://www.figma.com/design/ej5fTjN0D2CQJFWaZtwj3H/CRR-Option2?node-id=5450-72561&t=cqvmRPL3DDyKaUeh-0 Have this implemented for GATES -- Geography, Acquisition Channel, Industry","GIVEN that the user wants to calculate and view the updated FA ScoreWHEN user makes the changes to questions and clicks the """"Calculate"""" buttonTHEN he should be able to see the New score value getting updated.AND THEN, if user leaves this screen and goes back to the Assessment screen (say geography), the new score for that particular attribute should be visible which may be different from the current scoreAND THEN updated scoring should be reflected on the basis of Priority & Predefined Risk score of question (Doc attached)AND THEN an indicator should be shown to indicate whether the new score has increased or decreased from the current score WHEN the user makes changes to questions, but leaves the screen without clicking """"CALCULATE"""" button,THEN the user should be shown a message -- """"It seems you are leaving the screen without calculating the FA score"""" with options """"Discard changes"""" and """"Continue to Edit"""". we will discard changes if user still leaves the screen without calculating. ","Suprana Sengupta","E_SLPM_ST15_CRR Rule Configuration","09/04/2025 02:14 AM MST","10/13/2025 09:02 AM MST","","","False","","#21a2e0","","Suprana Sengupta","","","","CRR","","0 Submitted, 0 Open, 0 Fixed, 0 Closed, 0 Blocked","0","0","0","0","","","","False","","Accepted","False","","09/21/2025 05:57 PM MST","","","","","10/16/2025 10:01 AM MST","","","","Feature F716834: CRR - Fundamental Assessments in E2 - (Build, Deploy)","False","AXP PI 25.4","","","CRR_FT","20.0","0 Defined, 0 In-Progress, 1 Completed, 0 Blocked","0 None Run, 0 Blocked, 0 Error, 0 Fail, 0 Inconclusive, 0 Pass","0.0","0",""
"US5903930","CRR- Fundamental assessment - Update Questionnaire to Calculate Score","","Feature F716834: CRR - Fundamental Assessments in E2 - (Build, Deploy)","1","5.0","Accepted","AXP 25.4.18","AS A Compliance Analyst/ManagerI WANT TO update the questionnaire for calculating Fundamental score using Yes/No ValueSO THAT I can calculate inherent risk and use it in risk calculation Figma Link - https://www.figma.com/design/ej5fTjN0D2CQJFWaZtwj3H/CRR-Option2?node-id=5450-72561&t=cqvmRPL3DDyKaUeh-0 Have this implemented for GATES -- Product, Occupation, Structures  ","GIVEN that the user wants to update the Questions for an attributeWHEN user is inside an attributeTHEN he should be able to update the answer to a Question by choosing Yes/No in the dropdown (FA Score - Default 1-Low and All questions Value set to No)AND WHEN user has made a change in the value THEN he is asked to update justification for the changes madeAND THEN he should be able to update the existing comment (default blank with Template """"{Date} {Username}: """")  AND THEN he should be able to save the comment once he has given Justification (Mandatory) [comment length max - 500 characters]AND THEN he should be able to add attachment to substantiate his justificationAND THEN he should be able to go up to 10 most recent attachments for every question with No option to delete attachmentsAND THEN the number of attachments should be highlighted and user should be able to view list of attachments by clicking on the numberAND THEN he should be able to download attachments by clicking on attachment nameAND THEN he should be able to see his comment he has made in a tooltipAND THEN the Calculate button should be disabled when User has not made any UpdatesAND WHEN the user has made the update to atleast one of the questionsTHEN the calculate button should get enabled with a Tooltip - Use """"Calculate"""" option to see Updated Risk Score. Depending on the logic attached the score should be calculated for every attribute ","Suprana Sengupta","E_SLPM_ST15_CRR Rule Configuration","06/26/2025 04:37 AM MST","09/29/2025 06:07 AM MST","","","False","","#21a2e0","","Suprana Sengupta","","","","CRR","","0 Submitted, 0 Open, 0 Fixed, 0 Closed, 0 Blocked","0","0","0","1","","","","False","","Accepted","False","","09/02/2025 09:24 PM MST","","","FA test cases","09/14/2025 09:23 PM MST","10/16/2025 10:01 AM MST","","","","Feature F716834: CRR - Fundamental Assessments in E2 - (Build, Deploy)","False","AXP PI 25.4","","","CRR_FT","40.0","0 Defined, 0 In-Progress, 2 Completed, 0 Blocked","0 None Run, 0 Blocked, 0 Error, 0 Fail, 0 Inconclusive, 1 Pass","0.0","1",""
"US5901589","CRR Audit history homepage setup","","Feature F753683: CRR - Audit/CRR Version History in E2 (Build, Deploy)","0","3.0","Accepted","AXP 25.4.16","AS A Compliance Analyst/ManagerI WANT TO visit the Home page of Audit history screen when I click on Audit history buttonSO THAT that there is accurate traceability of changes with the user and the time of update of the change  Figma Link (WIP) - https://www.figma.com/design/ej5fTjN0D2CQJFWaZtwj3H/CRR-Option2?node-id=5807-61941&t=L2AuvfEGBysW71zC-0Out of Scope - (For this User story, we have not done the integration with Backend) ","GIVEN that I want to see the complete list of changes in the audit historyWHEN I click on the Audit history button in CRRTHEN I am able to see the changes in 3 different sections - Basic CRR, Asset Manager & Fundamental AssessmentTHEN I am able to filter by the calendar (Any 2 Given dates A to B)THEN I am also able to see filter for CRR Version with Dates on which the Version was created and Scope under the Basic CRR viewTHEN I am also able to see the Username and Last Updated columns ","Satvik Jain","E_SLPM_ST15_CRR Rule Configuration","06/25/2025 04:37 AM MST","09/01/2025 07:43 AM MST","","","False","","#21a2e0","","Satvik Jain","","","","CRR","","0 Submitted, 0 Open, 0 Fixed, 0 Closed, 0 Blocked","0","0","0","0","","","","False","","Accepted","False","","08/20/2025 09:31 PM MST","","","","","10/16/2025 10:01 AM MST","","","","Feature F753683: CRR - Audit/CRR Version History in E2 (Build, Deploy)","False","AXP PI 25.4","","","CRR_FT","10.0","0 Defined, 0 In-Progress, 1 Completed, 0 Blocked","0 None Run, 0 Blocked, 0 Error, 0 Fail, 0 Inconclusive, 0 Pass","0.0","0",""
"US5997746","Testing for Asset Manager Version History for changes made to Assets","","Feature F753683: CRR - Audit/CRR Version History in E2 (Build, Deploy)","0","3.0","Accepted","AXP 25.4.20 IP","AS A QAI WANT TO Test the Asset manager version history for changes made to assetsSO THAT that there is accurate traceability of changes to the user and the time of update of the change  Figma Link (WIP) - https://www.figma.com/design/ej5fTjN0D2CQJFWaZtwj3H/CRR-Option2?node-id=5807-61941&t=L2AuvfEGBysW71zC-0 ","Test the Asset Manager version history for changes made to Asset Manager","Satvik Jain","E_SLPM_ST15_CRR Rule Configuration","08/07/2025 12:39 AM MST","10/27/2025 03:33 AM MST","","","False","","#21a2e0","","Satvik Jain","","","","CRR","","0 Submitted, 0 Open, 0 Fixed, 0 Closed, 0 Blocked","0","0","0","0","","","","False","","Accepted","False","","10/14/2025 09:34 PM MST","","","","","10/27/2025 03:33 AM MST","","","","Feature F753683: CRR - Audit/CRR Version History in E2 (Build, Deploy)","False","AXP PI 25.4","","","","6.0","0 Defined, 0 In-Progress, 1 Completed, 0 Blocked","1 None Run, 0 Blocked, 0 Error, 0 Fail, 0 Inconclusive, 0 Pass","0.0","1",""
"US5997748","Testing of CRR Version Audit history homepage setup","","Feature F753683: CRR - Audit/CRR Version History in E2 (Build, Deploy)","0","3.0","Accepted","AXP 25.4.16","AS A QAI WANT TO Testing of CRR Version history homepage setupSO THAT that there is accurate traceability of changes to the user and the time of update of the change  Figma Link (WIP) - https://www.figma.com/design/ej5fTjN0D2CQJFWaZtwj3H/CRR-Option2?node-id=5807-61941&t=L2AuvfEGBysW71zC-0 ","Testing of CRR Version history homepage setup","Satvik Jain","E_SLPM_ST15_CRR Rule Configuration","08/07/2025 12:39 AM MST","09/01/2025 03:34 AM MST","","","False","","#21a2e0","","Satvik Jain","","","","CRR","","0 Submitted, 0 Open, 0 Fixed, 0 Closed, 0 Blocked","0","0","0","0","","","","False","","Accepted","False","","08/19/2025 09:37 PM MST","","","","","10/16/2025 10:01 AM MST","","","","Feature F753683: CRR - Audit/CRR Version History in E2 (Build, Deploy)","False","AXP PI 25.4","","","","18.0","0 Defined, 0 In-Progress, 2 Completed, 0 Blocked","0 None Run, 0 Blocked, 0 Error, 0 Fail, 0 Inconclusive, 0 Pass","0.0","0",""
"US6061041","Testing for Basic CRR section in Audit screen","","Feature F753683: CRR - Audit/CRR Version History in E2 (Build, Deploy)","0","2.0","Accepted","AXP 25.4.17","AS A QAI WANT TO Testing of CRR Version history homepage setupSO THAT that there is accurate traceability of changes to the user and the time of update of the change  Figma Link (WIP) - https://www.figma.com/design/ej5fTjN0D2CQJFWaZtwj3H/CRR-Option2?node-id=5807-61941&t=L2AuvfEGBysW71zC-0 ","Testing of CRR Version history homepage setup","Satvik Jain","E_SLPM_ST15_CRR Rule Configuration","08/27/2025 10:53 PM MST","09/15/2025 07:31 AM MST","","","False","","#21a2e0","","Satvik Jain","","","","CRR","","0 Submitted, 0 Open, 0 Fixed, 0 Closed, 0 Blocked","0","0","0","1","","","","False","","Accepted","False","","09/02/2025 09:01 PM MST","","","E2","09/12/2025 01:47 AM MST","10/16/2025 10:01 AM MST","","","","Feature F753683: CRR - Audit/CRR Version History in E2 (Build, Deploy)","False","AXP PI 25.4","","","","18.0","0 Defined, 0 In-Progress, 2 Completed, 0 Blocked","0 None Run, 0 Blocked, 0 Error, 0 Fail, 0 Inconclusive, 1 Pass","0.0","1",""
"US5997759","Testing of Export of audit history between 2 given dates in csv format","","Feature F753683: CRR - Audit/CRR Version History in E2 (Build, Deploy)","0","3.0","Accepted","AXP 25.4.20 IP","AS A QAI WANT TO Testing of Export of audit history between 2 given dates in csv formatSO THAT that there is accurate traceability of changes to the user and the time of update of the change  Figma Link (WIP) - https://www.figma.com/design/ej5fTjN0D2CQJFWaZtwj3H/CRR-Option2?node-id=5807-61941&t=L2AuvfEGBysW71zC-0 ","Testing of Export of audit history between 2 given dates in csv format","Satvik Jain","E_SLPM_ST15_CRR Rule Configuration","08/07/2025 12:43 AM MST","10/27/2025 03:33 AM MST","","","False","","#21a2e0","","Satvik Jain","","","","CRR","","0 Submitted, 0 Open, 0 Fixed, 0 Closed, 0 Blocked","0","0","0","1","","","","False","","Accepted","False","","10/14/2025 09:34 PM MST","","","E2","10/26/2025 01:27 AM MST","10/27/2025 04:01 AM MST","","","","Feature F753683: CRR - Audit/CRR Version History in E2 (Build, Deploy)","False","AXP PI 25.4","","","","4.0","0 Defined, 0 In-Progress, 1 Completed, 0 Blocked","0 None Run, 0 Blocked, 0 Error, 0 Fail, 0 Inconclusive, 1 Pass","0.0","1",""
"US5997754","Testing of Filtering of audit history between 2 given dates","","Feature F753683: CRR - Audit/CRR Version History in E2 (Build, Deploy)","0","3.0","Accepted","AXP 25.4.20 IP","AS A QAI WANT TO Testing of Filtering of audit history between 2 given datesSO THAT that there is accurate traceability of changes to the user and the time of update of the change  Figma Link (WIP) - https://www.figma.com/design/ej5fTjN0D2CQJFWaZtwj3H/CRR-Option2?node-id=5807-61941&t=L2AuvfEGBysW71zC-0 ","Testing of Filtering of audit history between 2 given dates","Satvik Jain","E_SLPM_ST15_CRR Rule Configuration","08/07/2025 12:42 AM MST","10/27/2025 03:33 AM MST","","","False","","#21a2e0","","Satvik Jain","","","","CRR","","0 Submitted, 0 Open, 0 Fixed, 3 Closed, 0 Blocked","3","0","0","0","","","","False","","Accepted","False","","10/14/2025 09:34 PM MST","","","","","10/27/2025 03:33 AM MST","","","","Feature F753683: CRR - Audit/CRR Version History in E2 (Build, Deploy)","False","AXP PI 25.4","","","","4.0","0 Defined, 0 In-Progress, 1 Completed, 0 Blocked","1 None Run, 0 Blocked, 0 Error, 0 Fail, 0 Inconclusive, 0 Pass","0.0","1",""
"US6061008","Connnecting E1 Database to Local for testing API's on E1 Data","","Feature F778272: CRR - UI Improvements & modification PI 25.4","0","2.0","Accepted","AXP 25.4.17","Connnecting E1 Database to Local for testing API's on E1 Data","Connnecting E1 Database to Local for testing API's on E1 Data","Satvik Jain","E_SLPM_ST15_CRR Rule Configuration","08/27/2025 10:36 PM MST","09/09/2025 12:39 AM MST","","","False","","#21a2e0","","Satvik Jain","","","","CRR","","0 Submitted, 0 Open, 0 Fixed, 0 Closed, 0 Blocked","0","0","0","2","","","","False","","Accepted","False","","09/07/2025 09:32 PM MST","","","Local","09/07/2025 11:17 PM MST","10/16/2025 10:01 AM MST","","","","Feature F778272: CRR - UI Improvements & modification PI 25.4","False","AXP PI 25.4","","","","20.0","0 Defined, 0 In-Progress, 1 Completed, 0 Blocked","0 None Run, 0 Blocked, 0 Error, 0 Fail, 0 Inconclusive, 2 Pass","0.0","2",""
"US5995321","Perform Sanity and Retesting of Defects","","Feature F778272: CRR - UI Improvements & modification PI 25.4","0","1.0","Accepted","AXP 25.4.16","Perform Sanity and Retesting of Defects for CRR UI + API","Perform Sanity and Retesting of Defects","Satvik Jain","E_SLPM_ST15_CRR Rule Configuration","08/06/2025 11:07 AM MST","09/01/2025 07:44 AM MST","","","False","","#21a2e0","","Satvik Jain","","","","CRR","","0 Submitted, 0 Open, 0 Fixed, 2 Closed, 0 Blocked","2","0","0","0","","","","False","","Accepted","False","","08/20/2025 01:48 AM MST","","","","","10/27/2025 04:22 AM MST","","","","Feature F778272: CRR - UI Improvements & modification PI 25.4","False","AXP PI 25.4","","","","30.0","0 Defined, 0 In-Progress, 2 Completed, 0 Blocked","0 None Run, 0 Blocked, 0 Error, 0 Fail, 0 Inconclusive, 0 Pass","0.0","0",""
"US5995351","Perform Sanity and Retesting of Defects","","Feature F778272: CRR - UI Improvements & modification PI 25.4","0","2.0","Accepted","AXP 25.4.17","Perform Sanity and Retesting of Defects","Perform Sanity and Retesting of Defects","Satvik Jain","E_SLPM_ST15_CRR Rule Configuration","08/06/2025 11:12 AM MST","09/15/2025 09:09 AM MST","","","False","","#21a2e0","","Satvik Jain","","","","CRR","","0 Submitted, 0 Open, 0 Fixed, 3 Closed, 0 Blocked","3","0","0","0","","","","False","","Accepted","False","","09/01/2025 11:25 AM MST","","","","","10/16/2025 10:01 AM MST","","","","Feature F778272: CRR - UI Improvements & modification PI 25.4","False","AXP PI 25.4","","","","27.0","0 Defined, 0 In-Progress, 2 Completed, 0 Blocked","0 None Run, 0 Blocked, 0 Error, 0 Fail, 0 Inconclusive, 0 Pass","0.0","0",""
"US5995379","Perform Sanity and Retesting of Defects","","Feature F778272: CRR - UI Improvements & modification PI 25.4","0","3.0","Accepted","AXP 25.4.18","Perform Sanity and Retesting of Defects","Perform Sanity and Retesting of Defects","Satvik Jain","E_SLPM_ST15_CRR Rule Configuration","08/06/2025 11:16 AM MST","09/29/2025 09:03 AM MST","","","False","","#21a2e0","","Satvik Jain","","","","CRR","","0 Submitted, 0 Open, 0 Fixed, 4 Closed, 0 Blocked","4","0","0","0","","","","False","","Accepted","False","","09/15/2025 09:23 PM MST","","","","","10/16/2025 10:01 AM MST","","","","Feature F778272: CRR - UI Improvements & modification PI 25.4","False","AXP PI 25.4","","","","36.0","0 Defined, 0 In-Progress, 2 Completed, 0 Blocked","0 None Run, 0 Blocked, 0 Error, 0 Fail, 0 Inconclusive, 0 Pass","0.0","0",""
"US5995395","Perform Sanity and Retesting of Defects","","Feature F778272: CRR - UI Improvements & modification PI 25.4","0","3.0","Accepted","AXP 25.4.19","Perform Sanity and Retesting of Defects","Perform Sanity and Retesting of Defects","Satvik Jain","E_SLPM_ST15_CRR Rule Configuration","08/06/2025 11:19 AM MST","10/13/2025 07:51 AM MST","","","False","","#21a2e0","","Satvik Jain","","","","CRR","","0 Submitted, 0 Open, 0 Fixed, 2 Closed, 0 Blocked","2","0","0","0","","","","False","","Accepted","False","","09/29/2025 09:32 PM MST","","","","","10/16/2025 10:01 AM MST","","","","Feature F778272: CRR - UI Improvements & modification PI 25.4","False","AXP PI 25.4","","","","20.0","0 Defined, 0 In-Progress, 1 Completed, 0 Blocked","0 None Run, 0 Blocked, 0 Error, 0 Fail, 0 Inconclusive, 0 Pass","0.0","0",""
"US5995413","Perform Sanity and Retesting of Defects","","Feature F778272: CRR - UI Improvements & modification PI 25.4","0","2.0","Accepted","AXP 25.4.20 IP","Perform Sanity and Retesting of Defects","Perform Sanity and Retesting of Defects","Satvik Jain","E_SLPM_ST15_CRR Rule Configuration","08/06/2025 11:21 AM MST","10/27/2025 03:35 AM MST","","","False","","#21a2e0","","Satvik Jain","","","","CRR","","0 Submitted, 0 Open, 0 Fixed, 2 Closed, 0 Blocked","2","0","0","0","","","","False","","Accepted","False","","10/14/2025 09:34 PM MST","","","","","11/10/2025 09:59 PM MST","","","","Feature F778272: CRR - UI Improvements & modification PI 25.4","False","AXP PI 25.4","","","","12.0","0 Defined, 0 In-Progress, 1 Completed, 0 Blocked","0 None Run, 0 Blocked, 0 Error, 0 Fail, 0 Inconclusive, 0 Pass","0.0","0",""
"US5995290","Schema Creation and data prep","","Feature F716834: CRR - Fundamental Assessments in E2 - (Build, Deploy)","0","5.0","Accepted","AXP 25.4.17","Schema Creation and data prep for Upcoming Capabilities - Asset Manager, Fundamental Assessment","Schema Creation and data prep for Upcoming Capabilities - Asset Manager, Fundamental Assessment","Suprana Sengupta","E_SLPM_ST15_CRR Rule Configuration","08/06/2025 11:03 AM MST","09/15/2025 07:20 AM MST","","","False","","#21a2e0","","Satvik Jain","","","","CRR","","0 Submitted, 0 Open, 0 Fixed, 0 Closed, 0 Blocked","0","0","0","0","","","","False","","Accepted","False","","08/19/2025 05:35 AM MST","","","","","10/16/2025 10:01 AM MST","","","","Feature F716834: CRR - Fundamental Assessments in E2 - (Build, Deploy)","False","AXP PI 25.4","","","","40.0","0 Defined, 0 In-Progress, 1 Completed, 0 Blocked","0 None Run, 0 Blocked, 0 Error, 0 Fail, 0 Inconclusive, 0 Pass","0.0","0",""
"US6055861","Submit restriction when reason with just a space is submitted for minimum 5 characters","","Feature F717285: CRR - UI Improvements & Modification  PI 25.5","0","1.0","Defined","AXP 25.5.23","Submit restriction when reason with just a space is submitted for minimum 5 characters on Sandbox modal","Submit restriction when reason with just a space is submitted for minimum 5 characters","Satvik Jain","E_SLPM_ST15_CRR Rule Configuration","08/25/2025 03:23 AM MST","","","","False","","#df1a7b","","Satvik Jain","","","","CRR","","1 Submitted, 0 Open, 0 Fixed, 0 Closed, 0 Blocked","1","0","0","0","","","","False","","Defined","False","","","","","","","11/24/2025 11:07 PM MST","","","","Feature F717285: CRR - UI Improvements & Modification  PI 25.5","False","AXP PI 25.5","","","","6.0","1 Defined, 0 In-Progress, 0 Completed, 0 Blocked","0 None Run, 0 Blocked, 0 Error, 0 Fail, 0 Inconclusive, 0 Pass","6.0","0",""
"US5995301","Test Asset Manager Home Screen","","Feature F778272: CRR - UI Improvements & modification PI 25.4","0","1.0","Accepted","AXP 25.4.16","Test Asset Manager Home Screen","Test Asset Manager Home Screen","Satvik Jain","E_SLPM_ST15_CRR Rule Configuration","08/06/2025 11:05 AM MST","09/01/2025 07:44 AM MST","","","False","","#21a2e0","","Satvik Jain","","","","CRR","","0 Submitted, 0 Open, 0 Fixed, 0 Closed, 0 Blocked","0","0","0","1","","","","False","","Accepted","False","","08/19/2025 09:37 PM MST","","","E2","09/11/2025 10:54 PM MST","10/16/2025 10:01 AM MST","","","","Feature F778272: CRR - UI Improvements & modification PI 25.4","False","AXP PI 25.4","","","","18.0","0 Defined, 0 In-Progress, 2 Completed, 0 Blocked","0 None Run, 0 Blocked, 0 Error, 0 Fail, 0 Inconclusive, 1 Pass","0.0","1",""
"US5995334","Test Asset manager addition of asset and list contents","","Feature F778272: CRR - UI Improvements & modification PI 25.4","0","2.0","Accepted","AXP 25.4.17","Test Asset manager addition of asset and list contentsValidations on Asset will be in future useer stories","Test Asset manager addition of asset and list contents","Satvik Jain","E_SLPM_ST15_CRR Rule Configuration","08/06/2025 11:10 AM MST","09/15/2025 07:31 AM MST","","","False","","#21a2e0","","Satvik Jain","","","","CRR","","0 Submitted, 0 Open, 0 Fixed, 3 Closed, 0 Blocked","3","0","0","1","","","","False","","Accepted","False","","09/02/2025 09:01 PM MST","","","E2","09/12/2025 06:13 AM MST","10/16/2025 10:01 AM MST","","","","Feature F778272: CRR - UI Improvements & modification PI 25.4","False","AXP PI 25.4","","","","18.0","0 Defined, 0 In-Progress, 2 Completed, 0 Blocked","0 None Run, 0 Blocked, 0 Error, 0 Fail, 0 Inconclusive, 1 Pass","0.0","1",""
"US5995338","Test Automation Framework modification","","Feature F787106: 25.4: GCIP Test Automation","0","5.0","Accepted","AXP 25.4.17","Test Automation Framework modification","Test Automation Framework modification","Satvik Jain","E_SLPM_ST15_CRR Rule Configuration","08/06/2025 11:11 AM MST","09/15/2025 07:31 AM MST","","","False","","#21a2e0","","Satvik Jain","","","","CRR","Platform","0 Submitted, 0 Open, 0 Fixed, 0 Closed, 0 Blocked","0","0","0","0","","","","False","","Accepted","False","","09/01/2025 11:24 AM MST","","","","","10/16/2025 10:01 AM MST","","","","Feature F787106: 25.4: GCIP Test Automation","False","AXP PI 25.4","","","","59.0","0 Defined, 0 In-Progress, 5 Completed, 0 Blocked","5 None Run, 0 Blocked, 0 Error, 0 Fail, 0 Inconclusive, 0 Pass","0.0","5",""
"US5995367","Test Automation Framework modification","","Feature F787106: 25.4: GCIP Test Automation","0","5.0","Accepted","AXP 25.4.18","Test Automation Framework modification","Test Automation Framework modification","Satvik Jain","E_SLPM_ST15_CRR Rule Configuration","08/06/2025 11:14 AM MST","09/29/2025 09:02 AM MST","","","False","","#21a2e0","","Satvik Jain","","","","CRR","Platform","0 Submitted, 0 Open, 0 Fixed, 0 Closed, 0 Blocked","0","0","0","0","","","","False","","Accepted","False","","09/16/2025 01:59 AM MST","","","","","10/16/2025 10:01 AM MST","","","","Feature F787106: 25.4: GCIP Test Automation","False","AXP PI 25.4","","","","48.0","0 Defined, 0 In-Progress, 4 Completed, 0 Blocked","0 None Run, 0 Blocked, 0 Error, 0 Fail, 0 Inconclusive, 0 Pass","0.0","0",""
"US5995391","Test Automation Framework modification Risk Threshold Submission","","Feature F787106: 25.4: GCIP Test Automation","0","3.0","Accepted","AXP 25.4.19","Test Automation Framework modification","Test Automation Framework modification","Satvik Jain","E_SLPM_ST15_CRR Rule Configuration","08/06/2025 11:18 AM MST","10/13/2025 07:51 AM MST","","","False","","#21a2e0","","Satvik Jain","","","","CRR","Platform","0 Submitted, 0 Open, 0 Fixed, 0 Closed, 0 Blocked","0","0","0","0","","","","False","","Accepted","False","","10/06/2025 02:32 AM MST","","","","","10/16/2025 10:01 AM MST","","","","Feature F787106: 25.4: GCIP Test Automation","False","AXP PI 25.4","","","","12.0","0 Defined, 0 In-Progress, 1 Completed, 0 Blocked","0 None Run, 0 Blocked, 0 Error, 0 Fail, 0 Inconclusive, 0 Pass","0.0","0",""
"US5995405","Test Automation Framework modification Audit Screens","","Feature F787106: 25.4: GCIP Test Automation","0","3.0","Accepted","AXP 25.4.20 IP","Test Automation Framework modification","Test Automation Framework modification","Satvik Jain","E_SLPM_ST15_CRR Rule Configuration","08/06/2025 11:20 AM MST","10/27/2025 03:35 AM MST","","","False","","#21a2e0","","Satvik Jain","","","","CRR","Platform","0 Submitted, 0 Open, 0 Fixed, 4 Closed, 0 Blocked","4","0","0","1","","","","False","","Accepted","False","","10/19/2025 12:15 AM MST","","","E2","10/26/2025 12:53 AM MST","10/27/2025 03:35 AM MST","","","","Feature F787106: 25.4: GCIP Test Automation","False","AXP PI 25.4","","","","8.0","0 Defined, 0 In-Progress, 1 Completed, 0 Blocked","0 None Run, 0 Blocked, 0 Error, 0 Fail, 0 Inconclusive, 1 Pass","0.0","1",""
"US5995372","Test Fundamental Assessment - Attribute Listing Screen","","Feature F716834: CRR - Fundamental Assessments in E2 - (Build, Deploy)","0","2.0","Accepted","AXP 25.4.18","Test Fundamental Assessment - Attribute Listing Screen","Test Fundamental Assessment - Attribute Listing Screen","Satvik Jain","E_SLPM_ST15_CRR Rule Configuration","08/06/2025 11:14 AM MST","09/29/2025 09:03 AM MST","","","False","","#21a2e0","","Satvik Jain","","","","CRR","","0 Submitted, 0 Open, 0 Fixed, 1 Closed, 0 Blocked","1","0","0","0","","","","False","","Accepted","False","","09/22/2025 03:52 AM MST","","","","","10/16/2025 10:01 AM MST","","","","Feature F716834: CRR - Fundamental Assessments in E2 - (Build, Deploy)","False","AXP PI 25.4","","","","18.0","0 Defined, 0 In-Progress, 2 Completed, 0 Blocked","6 None Run, 0 Blocked, 0 Error, 0 Fail, 0 Inconclusive, 0 Pass","0.0","6",""
"US5995344","Test Fundamental Assessment - Questions and Answers functionality","","Feature F716834: CRR - Fundamental Assessments in E2 - (Build, Deploy)","0","2.0","Accepted","AXP 25.4.17","Test Fundamental Assessment - Questions and Answers functionality","Test Fundamental Assessment - Questions and Answers functionality","Satvik Jain","E_SLPM_ST15_CRR Rule Configuration","08/06/2025 11:11 AM MST","09/15/2025 07:31 AM MST","","","False","","#21a2e0","","Satvik Jain","","","","CRR","","0 Submitted, 0 Open, 0 Fixed, 2 Closed, 0 Blocked","2","0","0","19","","","","False","","Accepted","False","","09/01/2025 11:25 AM MST","","","E2","10/26/2025 01:34 AM MST","10/26/2025 01:20 AM MST","","","","Feature F716834: CRR - Fundamental Assessments in E2 - (Build, Deploy)","False","AXP PI 25.4","","","","18.0","0 Defined, 0 In-Progress, 2 Completed, 0 Blocked","1 None Run, 0 Blocked, 0 Error, 0 Fail, 0 Inconclusive, 19 Pass","0.0","20",""
"US5995320","Test Fundamental Assessment Home Screen","","Feature F716834: CRR - Fundamental Assessments in E2 - (Build, Deploy)","0","1.0","Accepted","AXP 25.4.16","Test Fundamental Assessment Screen","Test Fundamental Assessment Screen","Satvik Jain","E_SLPM_ST15_CRR Rule Configuration","08/06/2025 11:07 AM MST","09/01/2025 07:44 AM MST","","","False","","#21a2e0","","Satvik Jain","","","","CRR","","0 Submitted, 0 Open, 0 Fixed, 0 Closed, 0 Blocked","0","0","0","6","","","","False","","Accepted","False","","08/19/2025 01:29 AM MST","","","E2","10/26/2025 01:20 AM MST","10/26/2025 01:20 AM MST","","","","Feature F716834: CRR - Fundamental Assessments in E2 - (Build, Deploy)","False","AXP PI 25.4","","","","18.0","0 Defined, 0 In-Progress, 2 Completed, 0 Blocked","0 None Run, 0 Blocked, 0 Error, 0 Fail, 0 Inconclusive, 6 Pass","0.0","6",""
"US5995374","Test Fundamental assessment - Update Questionnaire to Calculate Score","","Feature F716834: CRR - Fundamental Assessments in E2 - (Build, Deploy)","0","2.0","Accepted","AXP 25.4.20 IP","Test Fundamental assessment - Update Questionnaire to Calculate Score","Test Fundamental assessment - Update Questionnaire to Calculate Score","Satvik Jain","E_SLPM_ST15_CRR Rule Configuration","08/06/2025 11:15 AM MST","10/27/2025 03:35 AM MST","","","False","","#21a2e0","","Satvik Jain","","","","CRR","","0 Submitted, 0 Open, 0 Fixed, 3 Closed, 0 Blocked","3","0","0","1","","","","False","","Accepted","False","","10/07/2025 09:32 PM MST","","","E2","10/19/2025 12:21 AM MST","10/27/2025 03:35 AM MST","","","","Feature F716834: CRR - Fundamental Assessments in E2 - (Build, Deploy)","False","AXP PI 25.4","","","","18.0","0 Defined, 0 In-Progress, 2 Completed, 0 Blocked","0 None Run, 0 Blocked, 0 Error, 0 Fail, 0 Inconclusive, 1 Pass","0.0","1",""
"US5995400","Test Local overrides for multipliers in enterprise-level FA","","Feature F716834: CRR - Fundamental Assessments in E2 - (Build, Deploy)","0","1.0","Accepted","AXP 25.4.20 IP","Test Local overrides for multipliers in enterprise-level FA","Test Local overrides for multipliers in enterprise-level FA","Satvik Jain","E_SLPM_ST15_CRR Rule Configuration","08/06/2025 11:19 AM MST","10/27/2025 03:41 AM MST","","","False","","#21a2e0","","Satvik Jain","","","","CRR","","0 Submitted, 0 Open, 0 Fixed, 1 Closed, 0 Blocked","1","0","0","1","","","","False","","Accepted","False","","10/14/2025 09:34 PM MST","","","E2","10/26/2025 12:50 AM MST","10/27/2025 03:41 AM MST","","","","Feature F716834: CRR - Fundamental Assessments in E2 - (Build, Deploy)","False","AXP PI 25.4","","","","6.0","0 Defined, 0 In-Progress, 1 Completed, 0 Blocked","0 None Run, 0 Blocked, 0 Error, 0 Fail, 0 Inconclusive, 1 Pass","0.0","1",""
"US5995355","Test Assets Rule configuration UI with Centralised Lists","","Feature F778272: CRR - UI Improvements & modification PI 25.4","0","2.0","Accepted","AXP 25.4.18","Test Rule configuration UI with Centralised Lists","Test Rule configuration UI with Centralised Lists","Satvik Jain","E_SLPM_ST15_CRR Rule Configuration","08/06/2025 11:13 AM MST","09/29/2025 09:02 AM MST","","","False","","#21a2e0","","Satvik Jain","","","","CRR","","0 Submitted, 0 Open, 0 Fixed, 0 Closed, 0 Blocked","0","0","0","0","","","","False","","Accepted","False","","09/19/2025 01:36 AM MST","","","","","10/16/2025 10:01 AM MST","","","","Feature F778272: CRR - UI Improvements & modification PI 25.4","False","AXP PI 25.4","","","","18.0","0 Defined, 0 In-Progress, 2 Completed, 0 Blocked","0 None Run, 0 Blocked, 0 Error, 0 Fail, 0 Inconclusive, 0 Pass","0.0","0",""
"US5995385","Test Score Calculation for risk categories post updating questions in Fundamental Assessment","","Feature F716834: CRR - Fundamental Assessments in E2 - (Build, Deploy)","0","2.0","Accepted","AXP 25.4.20 IP","Test Score Calculation for risk categories post updating questions in Fundamental Assessment","Test Score Calculation for risk categories post updating questions in Fundamental Assessment","Satvik Jain","E_SLPM_ST15_CRR Rule Configuration","08/06/2025 11:17 AM MST","10/27/2025 03:33 AM MST","","","False","","#21a2e0","","Satvik Jain","","","","CRR","","0 Submitted, 0 Open, 0 Fixed, 1 Closed, 0 Blocked","1","0","0","1","","","","False","","Accepted","False","","10/06/2025 02:31 AM MST","","","E2","10/19/2025 12:19 AM MST","10/27/2025 03:33 AM MST","","","","Feature F716834: CRR - Fundamental Assessments in E2 - (Build, Deploy)","False","AXP PI 25.4","","","","18.0","0 Defined, 0 In-Progress, 2 Completed, 0 Blocked","0 None Run, 0 Blocked, 0 Error, 0 Fail, 0 Inconclusive, 1 Pass","0.0","1",""
"US5901593","US - Local to cloud sql connectivity with dynamic service keys","","Feature F778272: CRR - UI Improvements & modification PI 25.4","0","2.0","Accepted","AXP 25.4.19","US - Local to cloud sql connectivity with dynamic service keys ","US - Local to cloud sql connectivity with dynamic service keys","Satvik Jain","E_SLPM_ST15_CRR Rule Configuration","06/25/2025 04:39 AM MST","10/13/2025 08:58 AM MST","","","False","","#21a2e0","","Satvik Jain","","","","CRR","","0 Submitted, 0 Open, 0 Fixed, 0 Closed, 0 Blocked","0","0","0","1","","","","False","","Accepted","False","","10/05/2025 09:06 PM MST","","","E1","10/05/2025 08:25 PM MST","10/16/2025 10:01 AM MST","","","","Feature F778272: CRR - UI Improvements & modification PI 25.4","False","AXP PI 25.4","","","CRR_FT","28.0","0 Defined, 0 In-Progress, 1 Completed, 0 Blocked","0 None Run, 0 Blocked, 0 Error, 0 Fail, 0 Inconclusive, 1 Pass","0.0","1",""
"US5978743","View Screen in Approver flow","","Feature F716868: CRR - User-friendly UI for CRR framework configuration","0","1.0","Accepted","AXP 25.3.15 IP","AS A Compliance Analyst / Manager, I should be able to see a View only screen when I am the First approver after Implementation of a Sandbox so that I am unable to take any action on the UI unless the second approver (a different user) approves my changes and gives his second approval on the Implementation. Figma Link - https://www.figma.com/design/ej5fTjN0D2CQJFWaZtwj3H/CRR-Option2?node-id=3873-53444&t=bjSC4BpLAl68YE5g-0 ","GIVEN that the user should not be able to do both approvals on his own during implementation of a SandboxWHEN he goes and accepts the Pending Approval 1 State and clicks on Simulation button againTHEN he should be able to see a view only screen of Pending approval 2 State without any action buttons to Accept/Reject the second stateAND THEN the comment box should be disabled for him with the comment he filled previouslyAND WHEN another different user comes to the same screen, He should be able to see the previous comment made my approver 1 in Non-Editable Text box and HistoryAND the second approver should be able to see the screen with the Accept/Reject button to move the Sandbox from Pending Approval 2 to Production","Satvik Jain","E_SLPM_ST15_CRR Rule Configuration","08/04/2025 04:11 AM MST","08/18/2025 02:19 AM MST","","","False","","#21a2e0","","Satvik Jain","","","","CRR","","0 Submitted, 0 Open, 0 Fixed, 0 Closed, 0 Blocked","0","0","0","1","","","","False","","Accepted","False","","08/05/2025 09:15 PM MST","","","Approver Flow Test Case","08/17/2025 09:43 PM MST","10/16/2025 10:01 AM MST","","","","Feature F716868: CRR - User-friendly UI for CRR framework configuration","False","AXP PI 25.3","","","","34.0","0 Defined, 0 In-Progress, 2 Completed, 0 Blocked","0 None Run, 0 Blocked, 0 Error, 0 Fail, 0 Inconclusive, 1 Pass","0.0","1",""
"US5977961","Fetch UserName in History","","Feature F716868: CRR - User-friendly UI for CRR framework configuration","0","1.0","Accepted","AXP 25.3.15 IP","As a Compliance Analyst / Manager, I should be able to see the User name of the person who makes an action on the Sandbox using the simulation modal so that I am able to explain the changes and modifications made to the status of the sandbox.","GIVEN That the user wants to know the user name of the person making the changesWHEN they go simulation modal and makes a Submit/Cancel/Implement/Rollback/Create new version or any other change that is captured as part of historyTHEN their user name should be captured correctly in the HistoryGIVEN that the user wants to see a default comment when Sandbox testing is completedWHEN they run a simulation and and sandbox testing is finally completed and view results are availableTHEN they should be able to see a default comment in the History - """"Sandbox version {X} testing completed""""  (Note : {X} to be replaced by actual version number) ","Satvik Jain","E_SLPM_ST15_CRR Rule Configuration","08/04/2025 01:22 AM MST","08/18/2025 02:10 AM MST","","","False","","#21a2e0","","Satvik Jain","","","","CRR","","0 Submitted, 0 Open, 0 Fixed, 0 Closed, 0 Blocked","0","0","0","1","","","","False","","Accepted","False","","08/05/2025 02:02 AM MST","","","e1","08/18/2025 01:45 AM MST","10/16/2025 10:01 AM MST","","","","Feature F716868: CRR - User-friendly UI for CRR framework configuration","False","AXP PI 25.3","","","","10.0","0 Defined, 0 In-Progress, 1 Completed, 0 Blocked","0 None Run, 0 Blocked, 0 Error, 0 Fail, 0 Inconclusive, 1 Pass","0.0","1",""
"US6252837","Enhancement to delete functionality in Merge to Production API","CategoriesBefore - Customer - RE1 (XX), RE1 (IN), RE2 (XX)Geography - RE3 (XX)User deletes Customer After - Single CRR - Market (India)Geography - RE3 (XX)(All linked Risk Elements and Risk Rulesets should also be deleted)  ElementsBefore - Customer - RE1 (XX), RE1 (IN), RE2 (XX)Geography - RE3 (XX)User deletes Element RE1(XX) After - Single CRR - Market (India)Customer - RE2 (XX)Geography - RE3 (XX) (All linked Risk Rulesets should also be deleted)","Feature F717285: CRR - UI Improvements & Modification  PI 25.5","0","3.0","In-Progress","AXP 25.5.23","As a compliance analyst/manager, I want to be able to delete risk elements and risk categories which are already existing by making a change into the enterprise sandbox and merging it to production so that the production configuration can always be kept up to date.","Given that a user deletes a risk category on the enterprise sandboxWhen they successfully merge the enterprise sandbox to productionThen the View only screen which shows production configuration should reflect the changes and that category (along with its underlying components) should be removed (Including all risk elements mapped to that category and all rulesets mapped to those risk elements that got impacted because of this change) Given that a user deletes a risk element on the enterprise sandboxWhen they successfully merge the enterprise sandbox to productionThen the View only screen which shows production configuration should reflect the changes and that element (along with its underlying components) should be removed (Including all rulesets mapped to those risk elements that got impacted because of this change)Given that a user deleted a category or element from the enterprise sandboxWhen they are on the simulation modalThen they should be able to see the correct modifications using the modification API to reflect correct changes compared to production(Corresponding categories and elements should be showing up with deleted tag and should keep working as expected) Given that a user deleted a category or element from the enterprise sandboxWhen they have successfully merged changes to productionThen they should be able to use the copy functionality on the updated Single CRR(Corresponding categories and elements should not be copied if they have already been deleted) ","Satvik Jain","E_SLPM_ST15_CRR Rule Configuration","11/10/2025 12:02 AM MST","","","","False","","#df1a7b","","Satvik Jain","","","","CRR","","1 Submitted, 0 Open, 0 Fixed, 0 Closed, 0 Blocked","1","0","0","0","","","","False","","In-Progress","False","","11/26/2025 10:13 AM MST","","","","","11/26/2025 10:13 AM MST","","","","Feature F717285: CRR - UI Improvements & Modification  PI 25.5","False","AXP PI 25.5","","","","35.0","0 Defined, 1 In-Progress, 0 Completed, 0 Blocked","0 None Run, 0 Blocked, 0 Error, 0 Fail, 0 Inconclusive, 0 Pass","35.0","0",""
"US5939378","Copy Functionality for CRR configuration updates","Acceptance Criteria to be refined","Feature F717289: CRR - Approval Process for CRR configuration Changes","0","5.0","Accepted","AXP 25.3.14","COPY FUNCTIONALITY Copy functionality is triggered (By default)  when user creates a new sandbox using the Add New Sandbox button in the Risk Assessment ScreenWhen we create an """"Enterprise Sandbox"""", then All Enterprise Rules + All Market Specific Rule will be copiedOn the UI, user will be able to see only All the Enterprise Rules but will not see the Market specific rules (they will exist in Backend)When we create a Market Level Sandbox, then All Enterprise Rules + Local Market Specific rules will be copiedOn the UI, user will be able to see the Unlocalized Enterprise rules and the Localized Market Specific Rules   ","COPY FUNCTIONALITY Copy functionality is triggered when user creates a new sandbox using the Add New Sandbox button in the Risk Assessment ScreenIf Copy functionality is Used to create an Enterprise Sandbox, then All Enterprise Rules + All Market Specific Rule will be copiedOn the UI, user will be able to see only All the Enterprise Rules but will not see the Market specific rules (they will exist in Backend)If Copy functionality is Used to create a Market Level Sandbox, then All Enterprise Rules + Local Market Specific rules will be copiedOn the UI, user will be able to see the Unlocalized Enterprise rules and the Localized Market Specific Rules ","Tahcin Ahmed","E_SLPM_ST15_CRR Rule Configuration","07/16/2025 11:25 PM MST","08/04/2025 09:55 PM MST","","","False","","#21a2e0","","Satvik Jain","","","","CRR","","0 Submitted, 0 Open, 0 Fixed, 0 Closed, 0 Blocked","0","0","0","0","","","","False","","Accepted","False","","07/23/2025 09:51 PM MST","","","","","10/16/2025 10:01 AM MST","","","","Feature F717289: CRR - Approval Process for CRR configuration Changes","False","AXP PI 25.3","","","","75.0","0 Defined, 0 In-Progress, 3 Completed, 0 Blocked","1 None Run, 0 Blocked, 0 Error, 0 Fail, 0 Inconclusive, 0 Pass","0.0","1",""
"US6285818","CRR UI Test automation scripts maintenance","","Feature F717285: CRR - UI Improvements & Modification  PI 25.5","0","3.0","In-Progress","AXP 25.5.23","CRR UI Test automation scripts maintenance","CRR UI Test automation scripts maintenance","Satvik Jain","E_SLPM_ST15_CRR Rule Configuration","11/24/2025 11:30 PM MST","","","","False","","#df1a7b","","Satvik Jain","","","","","","0 Submitted, 0 Open, 0 Fixed, 0 Closed, 0 Blocked","0","0","0","0","","","","False","","In-Progress","False","","11/25/2025 08:19 PM MST","","","","","11/25/2025 08:19 PM MST","","","","Feature F717285: CRR - UI Improvements & Modification  PI 25.5","False","AXP PI 25.5","","","","18.0","0 Defined, 1 In-Progress, 0 Completed, 0 Blocked","0 None Run, 0 Blocked, 0 Error, 0 Fail, 0 Inconclusive, 0 Pass","18.0","0",""
"US5977975","Connection Pooling for Database","","Feature F716868: CRR - User-friendly UI for CRR framework configuration","0","2.0","Accepted","AXP 25.3.15 IP","Connection Pooling for Database","Connection Pooling for Database","Satvik Jain","E_SLPM_ST15_CRR Rule Configuration","08/04/2025 01:29 AM MST","08/18/2025 07:35 AM MST","","","False","","#21a2e0","","Satvik Jain","","","","CRR","","0 Submitted, 0 Open, 0 Fixed, 0 Closed, 0 Blocked","0","0","0","0","","","","False","","Accepted","False","","08/06/2025 09:30 PM MST","","","","","10/16/2025 10:01 AM MST","","","","Feature F716868: CRR - User-friendly UI for CRR framework configuration","False","AXP PI 25.3","","","","20.0","0 Defined, 0 In-Progress, 1 Completed, 0 Blocked","0 None Run, 0 Blocked, 0 Error, 0 Fail, 0 Inconclusive, 0 Pass","0.0","0",""
"US5977981","Defects fixing","","Feature F716868: CRR - User-friendly UI for CRR framework configuration","0","3.0","Accepted","AXP 25.3.15 IP","Defects fixing","Defects fixing","Satvik Jain","E_SLPM_ST15_CRR Rule Configuration","08/04/2025 01:30 AM MST","08/18/2025 07:35 AM MST","","","False","","#21a2e0","","Satvik Jain","","","","CRR","","0 Submitted, 0 Open, 0 Fixed, 2 Closed, 0 Blocked","2","0","0","1","","","","False","","Accepted","False","","08/06/2025 09:31 PM MST","","","Resolving Defects","08/17/2025 09:44 PM MST","10/16/2025 10:01 AM MST","","","","Feature F716868: CRR - User-friendly UI for CRR framework configuration","False","AXP PI 25.3","","","","66.0","0 Defined, 0 In-Progress, 3 Completed, 0 Blocked","0 None Run, 0 Blocked, 0 Error, 0 Fail, 0 Inconclusive, 1 Pass","0.0","1",""
"US5977977","Hydra Service Connectivity with GCS","","Feature F716868: CRR - User-friendly UI for CRR framework configuration","0","2.0","Accepted","AXP 25.3.15 IP","Hydra Service Connectivity with GCS","Hydra Service Connectivity with GCS","Satvik Jain","E_SLPM_ST15_CRR Rule Configuration","08/04/2025 01:30 AM MST","08/18/2025 02:20 AM MST","","","False","","#21a2e0","","Satvik Jain","","","","CRR","","0 Submitted, 0 Open, 0 Fixed, 0 Closed, 0 Blocked","0","0","0","1","","","","False","","Accepted","False","","08/10/2025 09:00 PM MST","","","E1","08/13/2025 10:04 PM MST","10/16/2025 10:01 AM MST","","","","Feature F716868: CRR - User-friendly UI for CRR framework configuration","False","AXP PI 25.3","","","","26.0","0 Defined, 0 In-Progress, 2 Completed, 0 Blocked","0 None Run, 0 Blocked, 0 Error, 0 Fail, 0 Inconclusive, 1 Pass","0.0","1",""
"US6285864","Test FA for implement functionality for merge to production","","Feature F717285: CRR - UI Improvements & Modification  PI 25.5","0","3.0","In-Progress","AXP 25.5.23","Test FA for implement functionality for merge to production","Test FA for implement functionality for merge to production","Satvik Jain","E_SLPM_ST15_CRR Rule Configuration","11/24/2025 11:37 PM MST","","","","False","","#df1a7b","","Satvik Jain","","","","","","0 Submitted, 0 Open, 0 Fixed, 0 Closed, 0 Blocked","0","0","0","0","","","","False","","In-Progress","False","","11/25/2025 09:19 PM MST","","","","","11/25/2025 09:19 PM MST","","","","Feature F717285: CRR - UI Improvements & Modification  PI 25.5","False","AXP PI 25.5","","","","18.0","0 Defined, 1 In-Progress, 0 Completed, 0 Blocked","0 None Run, 0 Blocked, 0 Error, 0 Fail, 0 Inconclusive, 0 Pass","18.0","0",""
"US6289157","Test Refresh functionality - Identification of stale sandboxes and indication on UI","","Feature F717285: CRR - UI Improvements & Modification  PI 25.5","0","3.0","Defined","AXP 25.5.23","Test Refresh functionality - Identification of stale sandboxes and indication on UI","Test Refresh functionality - Identification of stale sandboxes and indication on UI","Satvik Jain","E_SLPM_ST15_CRR Rule Configuration","11/25/2025 11:38 AM MST","","","","False","","#df1a7b","","Satvik Jain","","","","","","0 Submitted, 0 Open, 0 Fixed, 0 Closed, 0 Blocked","0","0","0","0","","","","False","","Defined","False","","","","","","","11/25/2025 08:08 PM MST","","","","Feature F717285: CRR - UI Improvements & Modification  PI 25.5","False","AXP PI 25.5","","","","18.0","1 Defined, 0 In-Progress, 0 Completed, 0 Blocked","0 None Run, 0 Blocked, 0 Error, 0 Fail, 0 Inconclusive, 0 Pass","18.0","0",""
"US5977978","Work on Backend and Frontend Vulnerabilities","","Feature F716868: CRR - User-friendly UI for CRR framework configuration","0","1.0","Accepted","AXP 25.3.15 IP","Work on Backend and Frontend Vulnerabilities","Work on Backend and Frontend Vulnerabilities","Satvik Jain","E_SLPM_ST15_CRR Rule Configuration","08/04/2025 01:30 AM MST","08/18/2025 02:09 AM MST","","","False","","#21a2e0","","Satvik Jain","","","","CRR","","0 Submitted, 0 Open, 0 Fixed, 0 Closed, 0 Blocked","0","0","0","0","","","","False","","Accepted","False","","08/06/2025 09:42 PM MST","","","","","10/16/2025 10:01 AM MST","","","","Feature F716868: CRR - User-friendly UI for CRR framework configuration","False","AXP PI 25.3","","","","18.0","0 Defined, 0 In-Progress, 2 Completed, 0 Blocked","0 None Run, 0 Blocked, 0 Error, 0 Fail, 0 Inconclusive, 0 Pass","0.0","0",""
"US5978739","Work on backend coverage","","Feature F716868: CRR - User-friendly UI for CRR framework configuration","0","2.0","Accepted","AXP 25.3.15 IP","Work on backend coverage","Work on backend coverage","Satvik Jain","E_SLPM_ST15_CRR Rule Configuration","08/04/2025 04:10 AM MST","08/18/2025 02:10 AM MST","","","False","","#21a2e0","","Satvik Jain","","","","CRR","","0 Submitted, 0 Open, 0 Fixed, 0 Closed, 0 Blocked","0","0","0","1","","","","False","","Accepted","False","","08/05/2025 02:02 AM MST","","","e1","08/18/2025 01:50 AM MST","10/16/2025 10:01 AM MST","","","","Feature F716868: CRR - User-friendly UI for CRR framework configuration","False","AXP PI 25.3","","","","20.0","0 Defined, 0 In-Progress, 1 Completed, 0 Blocked","0 None Run, 0 Blocked, 0 Error, 0 Fail, 0 Inconclusive, 1 Pass","0.0","1",""
"US5901586","Integration of Risk Threshold with CRR for merging to production","","Feature F774976: CRR - Risk Threshold simulation & merge to production in E1","0","2.0","Accepted","AXP 25.4.19","AS A Compliance Analyst/ManagerI WANT TO Merge the changes of Risk Threshold to Production (Remapping of scores is not being done in phase 1)SO THAT the Risk thresholds in Production can be updated for Future risk scoring of Sandboxes and CRR (Change Cancel button to save button and Add Implement button in place of Save button and Implement button is only enabled after user has saved)Figma Link - https://www.figma.com/design/ej5fTjN0D2CQJFWaZtwj3H/CRR-Option2?node-id=3873-45829&t=WfcRGphuU8RTOQXl-0 Approval Process - When user clicks on save, they see a confirmation message - """"Risk threshold was edited successfully""""And risk thresholds should be saved with status Sandbox (if not present, created with status sandbox)AND WHEN user clicks on Implement, User should be asked a confirmation, """"Are you sure you want to Implement the Risk Threshold? Changes will be merged to Production.""""If use clicks Implement, risk threshold implementation API should be run, and the status of the risk thresholds should be changed to Production and should be visible in CRR view only mode.If they click Cancel redirect back to Risk Threshold editing modal. https://www.figma.com/design/ej5fTjN0D2CQJFWaZtwj3H/CRR-Option2?node-id=3873-46205&t=2UbZBlOe1aR89wIa-0  ","GIVEN that the user clicks on the """"Risk threshold"""" button (Update name to Risk Threshold, remove pencil icon)WHEN they update the risk thresholds and click on saveTHEN they see a confirmation message - """"Risk threshold was edited successfully""""AND THEN risk thresholds should be saved with status Sandbox (if not present, created with status sandbox)AND WHEN user clicks on Implement, User should be asked a confirmation, """"Are you sure you want to Implement the Risk Threshold? Changes will be merged to Production."""" AND WHEN user click Implement, risk threshold implementation API should be run, and the status of the risk thresholds should be changed to Production and should be visible in CRR view only mode.AND WHEN they click Cancel, redirect back to Risk Threshold editing modal.AND WHEN they click x, close the modal AND WHEN they click save and closes the modal without implementing, save the changes in the backend table with flag = """"not updated to production""""AND WHEN the user re-opens the modal, only the implement button will be enabled and there will be a warning message (yellow) - """"Your previous saved changes are not implemented to production""""","Satvik Jain","E_SLPM_ST15_CRR Rule Configuration","06/25/2025 04:31 AM MST","10/13/2025 08:02 AM MST","","","False","","#21a2e0","","Satvik Jain","","","","CRR","","0 Submitted, 0 Open, 0 Fixed, 0 Closed, 0 Blocked","0","0","0","0","","","","False","","Accepted","False","","09/30/2025 08:27 AM MST","","","","","10/16/2025 10:01 AM MST","","","","Feature F774976: CRR - Risk Threshold simulation & merge to production in E1","False","AXP PI 25.4","","","CRR_FT","20.0","0 Defined, 0 In-Progress, 2 Completed, 0 Blocked","0 None Run, 0 Blocked, 0 Error, 0 Fail, 0 Inconclusive, 0 Pass","0.0","0",""
"US5945006","Tech Architecture for CRR","ADR for capturing the decision of not going with Lumi preprod environment for CRR sandbox executionhttps://github.aexp.com/amex-eng/financial-crimes-modernisation-adr/pull/238FA Data Modelhttps://drive.aexp.com/:x:/g/personal/ruchi_dubey_aexp_com/EQ5vbj_vymZOru9GbPKofzoBnoqvqAgjHI8QI5CIVU6MSw?e=6wYI4h Lumi PreProd environment (for testing needs) procurement is in progress. Audit Log Documentationhttps://enterprise-confluence.aexp.com/confluence/spaces/ARMC/pages/1586661637/CRR+Audit+History  ","Feature F778272: CRR - UI Improvements & modification PI 25.4","0","3.0","Accepted","AXP 25.4.16","Tech Architecture for CRR","Tech Architecture for CRR","Satvik Jain","E_SLPM_ST15_CRR Rule Configuration","07/21/2025 03:19 AM MST","09/01/2025 02:57 AM MST","","","False","","#21a2e0","","Satvik Jain","","","","CRR","","0 Submitted, 0 Open, 0 Fixed, 0 Closed, 0 Blocked","0","0","0","0","","","","False","","Accepted","False","","08/22/2025 06:41 AM MST","","","","","10/16/2025 10:01 AM MST","","","","Feature F778272: CRR - UI Improvements & modification PI 25.4","False","AXP PI 25.4","","","","54.0","0 Defined, 0 In-Progress, 5 Completed, 0 Blocked","0 None Run, 0 Blocked, 0 Error, 0 Fail, 0 Inconclusive, 0 Pass","0.0","0",""
"US6089145","Consistency in UI across different web browsers and devices","","Feature F717285: CRR - UI Improvements & Modification  PI 25.5","1","3.0","Defined","AXP 25.5.25","As a compliance analyst/manager, I should be able to get a consistent and same UI across different browsers and devices including windows, macbook, Safari, Edge, Google Chrome ","1. Make UI consistent across devices and web browsers including windows, macbook, Safari, Edge, Google Chrome2. Fix Vertical layout shift in background structure when navigating across screens3. Improve modal sizes and fonts in Texts to match Figma designs  ","Satvik Jain","E_SLPM_ST15_CRR Rule Configuration","09/11/2025 11:37 AM MST","","","","False","","#df1a7b","","Satvik Jain","","","","CRR","","0 Submitted, 0 Open, 0 Fixed, 1 Closed, 0 Blocked","1","0","0","0","","","","False","","Defined","False","","","","","","","11/24/2025 06:38 AM MST","","","","Feature F717285: CRR - UI Improvements & Modification  PI 25.5","False","AXP PI 25.5","","","","30.0","1 Defined, 0 In-Progress, 0 Completed, 0 Blocked","0 None Run, 0 Blocked, 0 Error, 0 Fail, 0 Inconclusive, 0 Pass","30.0","0",""
"US6089240","UI Improvements in Fundamental Assessments","","Feature F717285: CRR - UI Improvements & Modification  PI 25.5","0","3.0","Accepted","AXP 25.5.22","As a compliance analyst/manager, I should be able to see a consistent UI in Fundamental Assessments screen.1. Header on fundamental assessment home screen should be """"Fundamental Assessments"""" > """"Geographies"""", """"Products"""", """"Industries"""", """"Structures"""", """"Occupations"""", """"Acquisition Channels"""" > Questions2. Submit/Implement button should be on every screen including Home screen, Attribute screen and question screen3. Implement button in Fundamental assessment screen should directly move the changes to production after confirmation from the user about merging changes into production.  ","1. Header on fundamental assessment home screen should be """"Fundamental Assessments"""" > """"Geographies"""", """"Products"""", """"Industries"""", """"Structures"""", """"Occupations"""", """"Acquisition Channels"""" > Questions2. Submit/Implement button should be on every screen including Home screen, Attribute screen and question screen ","Satvik Jain","E_SLPM_ST15_CRR Rule Configuration","09/11/2025 12:11 PM MST","11/24/2025 07:08 AM MST","","","False","","#df1a7b","","Satvik Jain","","","","CRR","","0 Submitted, 0 Open, 0 Fixed, 0 Closed, 0 Blocked","0","0","0","1","","","","False","","Accepted","False","","11/11/2025 09:37 PM MST","","","Test cases for FA","11/23/2025 09:28 PM MST","11/24/2025 07:08 AM MST","","","","Feature F717285: CRR - UI Improvements & Modification  PI 25.5","False","AXP PI 25.5","","","","24.0","0 Defined, 0 In-Progress, 1 Completed, 0 Blocked","0 None Run, 0 Blocked, 0 Error, 0 Fail, 0 Inconclusive, 1 Pass","0.0","1",""
"US6089253","UI Improvements in Asset Manager","Downloaded csv/xlsx file should have 2 worksheets with the second worksheet showcasing rulesets in which the asset has been currently used with columns - Risk Assessments, Risk Categories, Risk Elements, Risk Rulesets (Backend is involved)Need further assessment before picking it up.","Feature F717285: CRR - UI Improvements & Modification  PI 25.5","3","3.0","Accepted","AXP 25.5.22","As a compliance analyst/manager, I should be able to see a consistent UI in Fundamental Assessments screen.1. Home screen should show """"Last Updated"""" column instead of date created2. Introduction of a new Download icon on Asset Manager screen so that user can download the asset.3. Downloaded csv/xlsx file should have 2 worksheets with the second worksheet showcasing rulesets in which the asset has been currently used with columns - Risk Assessments, Risk Categories, Risk Elements, Risk Rulesets  ","1. Home screen should show """"Last Updated"""" column instead of date created2. Introduction of a new Download icon on Asset Manager screen so that user can download the asset.3. Downloaded csv/xlsx file should have 2 worksheets with the second worksheet showcasing rulesets in which the asset has been currently used with columns - Risk Assessments, Risk Categories, Risk Elements, Risk Rulesets","Satvik Jain","E_SLPM_ST15_CRR Rule Configuration","09/11/2025 12:17 PM MST","11/24/2025 07:09 AM MST","","","False","","#df1a7b","","Satvik Jain","","","","CRR","","0 Submitted, 0 Open, 0 Fixed, 0 Closed, 0 Blocked","0","0","0","1","","","","False","","Accepted","False","","11/12/2025 09:26 PM MST","","","Test cases for asset improvements","11/23/2025 09:28 PM MST","11/24/2025 07:09 AM MST","","","","Feature F717285: CRR - UI Improvements & Modification  PI 25.5","False","AXP PI 25.5","","","","24.0","0 Defined, 0 In-Progress, 1 Completed, 0 Blocked","0 None Run, 0 Blocked, 0 Error, 0 Fail, 0 Inconclusive, 1 Pass","0.0","1",""
"US6089038","Maintain consistency in listing screens of sandbox","","Feature F717285: CRR - UI Improvements & Modification  PI 25.5","0","2.0","Accepted","AXP 25.5.21","As a compliance analyst/manager, I should be able to see a consistent UI in sandbox page with updates in the Name of risk threshold button to """"Risk Threshold"""", change position of add risk assessment button to be consistent as the risk category/risk element/ruleset listing screens.  ","1. Consistency in padding/height of banners2. Consistency in add new CTA buttons3. Consistency in colors of diffused states4. Update Submit/Implement buttons on risk category/risk element/ruleset listing screen5. Update button sizes depending on the length of text6. Consistency in search text - """"Search"""" without double quotes7. Addition of Rule multiplier column in ruleset listing page similar to CRR screen8. Fix layout shift of button in risk rule details page when multiplier type is changed from """"Value"""" to """"Fundamental assessment""""9. Header on risk element screen should be """"Risk Elements"""" since everywhere we have plurals10. Extend white background behind tables on All Listing screens ","Satvik Jain","E_SLPM_ST15_CRR Rule Configuration","09/11/2025 10:56 AM MST","11/07/2025 12:47 AM MST","","","False","","#df1a7b","","Satvik Jain","","","","CRR","","0 Submitted, 0 Open, 0 Fixed, 0 Closed, 0 Blocked","0","0","0","0","","","","False","","Accepted","False","","10/28/2025 03:50 AM MST","","","","","11/07/2025 12:47 AM MST","","","","Feature F717285: CRR - UI Improvements & Modification  PI 25.5","False","AXP PI 25.5","","","","10.0","0 Defined, 0 In-Progress, 1 Completed, 0 Blocked","0 None Run, 0 Blocked, 0 Error, 0 Fail, 0 Inconclusive, 0 Pass","0.0","0",""
"US6089071","Enhancement in copy functionality","","Feature F717285: CRR - UI Improvements & Modification  PI 25.5","0","3.0","Accepted","AXP 25.5.21","As a compliance analyst/manager, I should be able to trigger copy functionality when there is an existing configuration in production and when there is no configuration in production, I should be able to use create risk assessment API to create a new configuration from scratch. It also includes improvements to the editing of market level settings at the first time creation of sandbox after using copy functionality, where after we change the weigting/default multiplier and save, the same gets reflected on the ruleset listing screen but is not reflected in market settings modal. Note: First Risk Assessment would always be Enterprise XX. User would not be able to create any other assessment unless there is a Production Enterprise assessment  ","1. Use Add Risk Assessment API for situation when configuration is being created from scratch, else use copy functionality2. After copy functionality is used and market settings are changed and saved, the details should be reflected both in the ruleset listing page on all rulesets as well as the market settings modal. Note: First Risk Assessment would always be Enterprise XX. User would not be able to create any other assessment unless there is a Production Enterprise assessment ","Satvik Jain","E_SLPM_ST15_CRR Rule Configuration","09/11/2025 11:14 AM MST","11/10/2025 03:04 AM MST","","","False","","#df1a7b","","Satvik Jain","","","","CRR","","0 Submitted, 0 Open, 0 Fixed, 0 Closed, 0 Blocked","0","0","0","0","","","","False","","Accepted","False","","10/27/2025 10:44 PM MST","","","","","11/10/2025 03:04 AM MST","","","","Feature F717285: CRR - UI Improvements & Modification  PI 25.5","False","AXP PI 25.5","","","","30.0","0 Defined, 0 In-Progress, 1 Completed, 0 Blocked","0 None Run, 0 Blocked, 0 Error, 0 Fail, 0 Inconclusive, 0 Pass","0.0","0",""
"US6089009","Disable editing/creation/deletion of risk category and risk elements from Market level sandbox","Disable or hide (Confirm with design)","Feature F717285: CRR - UI Improvements & Modification  PI 25.5","0","2.0","Accepted","AXP 25.5.21","As a compliance analyst/manager, I should only be able to edit/create/delete risk category and risk elements from Market level sandbox","GIVEN that a user needs to be able to manage categories/elementsWHEN user enters an enterprise level sandboxTHEN they are able to see the option to edit/add/delete on risk catgory and risk element screensGIVEN that a user needs to be consistent with categories across marketsWHEN user enters a market level sandboxTHEN they are unable to see the option to edit/add/delete risk categories and elements ","Satvik Jain","E_SLPM_ST15_CRR Rule Configuration","09/11/2025 10:50 AM MST","11/07/2025 12:40 AM MST","","","False","","#df1a7b","","Satvik Jain","","","","CRR","","0 Submitted, 0 Open, 0 Fixed, 0 Closed, 0 Blocked","0","0","0","0","","","","False","","Accepted","False","","10/28/2025 05:39 AM MST","","","","","11/07/2025 12:40 AM MST","","","","Feature F717285: CRR - UI Improvements & Modification  PI 25.5","False","AXP PI 25.5","","","","8.0","0 Defined, 0 In-Progress, 1 Completed, 0 Blocked","0 None Run, 0 Blocked, 0 Error, 0 Fail, 0 Inconclusive, 0 Pass","0.0","0",""
"US6089168","Functionality for the Skip Sandbox button & Cancel button on history modal should navigate back to the Simulation modal instead of closing the modal","","Feature F717285: CRR - UI Improvements & Modification  PI 25.5","0","3.0","In-Progress","AXP 25.5.23","As a compliance analyst/manager, I want the functionality to be able to Skip the simulation process when I am confident of my changes and move the sandbox status to """"Sandbox Testing Completed"""", so that after this step I can proceed to merging my changes to production.  Figma - https://www.figma.com/design/ej5fTjN0D2CQJFWaZtwj3H/CRR-Option2?node-id=3873-52967&t=ZjMLgNStqp74hWnX-0Note: In this screen, the UI will be similar to the screenshot as below with Status shown as Sandbox testing skipped and View results dashboard option will be disabled with tooltip - """"Simulation skipped"""" Change the Cancel button on the Simulation Submit screen to """"Skip""""When user clicks Skip button - It should ask the user """"Are you sure you want to skip the simulation?"""" Options - """"Skip"""", """"Cancel""""If he selects skip, Sandbox simulation would be skipped with confirmation text - """"Sandbox simulation was successfully skipped""""Return to SandboxCancel will take him back to Sandbox Submit Modal View results on skipped version of sandbox will remain disabled everywhere (sandbox testing completed screen, rollback screen of a later version etc.) with tooltip """"Simulation skipped"""" Implement button will be removed from Listing screens (Category, element, ruleset listing screens)   ","Change the Cancel button on the Simulation Submit screen to """"Skip""""I want the functionality to be able to Skip the simulation process when I am confident of my changes and move the sandbox status to """"Sandbox Testing Completed"""", so that after this step I can proceed to merging my changes to production. View results dashboard option will be disabled with tooltip - """"Simulation Skipped""""When user clicks Skip button - It should ask the user """"Are you sure you want to skip the simulation?"""" Options - """"Skip"""", """"Cancel""""If he selects skip, Sandbox simulation would be skipped with confirmation text - """"Sandbox simulation was successfully skipped""""Return to SandboxCancel will take him back to Sandbox Submit Modal.View results on skipped version of sandbox will remain disabled everywhere (sandbox testing completed screen, rollback screen of a later version etc.) with tooltip """"Simulation skipped""""Implement button will be removed from Listing screens (Category, element, ruleset listing screens)","Satvik Jain","E_SLPM_ST15_CRR Rule Configuration","09/11/2025 11:45 AM MST","","","","False","","#df1a7b","","Satvik Jain","","","","CRR","","0 Submitted, 0 Open, 0 Fixed, 0 Closed, 0 Blocked","0","0","0","0","","","","False","","In-Progress","False","","11/24/2025 11:25 PM MST","","","","","11/26/2025 10:26 PM MST","","","","Feature F717285: CRR - UI Improvements & Modification  PI 25.5","False","AXP PI 25.5","","","","55.0","1 Defined, 1 In-Progress, 1 Completed, 0 Blocked","0 None Run, 0 Blocked, 0 Error, 0 Fail, 0 Inconclusive, 0 Pass","30.0","0",""
"US6276424","Refresh functionality - Identification of stale sandboxes and indication on UI with disabled states","","Feature F757376: CRR - Sandbox Analysis of Results Dashboard in E1/E2","0","3.0","In-Progress","AXP 25.5.23","As a compliance analyst/manager, I want to create refresh functionality such that when an enterprise sandbox is merged into production with existing sandboxes present in the sandbox window, the existing sandboxes become stale and they should be highlighted with red font color and navigation and editing inside the sandbox should be disabled so that the user can create a new sandbox by deleting the previous one and creating a new one for latest configuration from production. OUT OF SCOPE Scenarios with concurrent users are out of scope for current development and will be part of future Roadmap","The stale sandboxes should be highlighted with a red colourEditing button on sandbox screen should be disabledNavigation inside the sandbox should not be allowed by clicking on the name of the SandboxOUT OF SCOPEScenarios with concurrent users are out of scope for current development and will be part of future Roadmap","Suprana Sengupta","E_SLPM_ST15_CRR Rule Configuration","11/20/2025 01:26 AM MST","","","","False","","#df1a7b","","Satvik Jain","","","","","","0 Submitted, 0 Open, 0 Fixed, 0 Closed, 0 Blocked","0","0","0","0","","","","False","","In-Progress","False","","11/25/2025 11:06 PM MST","","","","","11/25/2025 11:07 PM MST","","","","Feature F757376: CRR - Sandbox Analysis of Results Dashboard in E1/E2","False","AXP PI 25.5","","","","39.0","0 Defined, 1 In-Progress, 1 Completed, 0 Blocked","0 None Run, 0 Blocked, 0 Error, 0 Fail, 0 Inconclusive, 0 Pass","14.0","0",""
"US6151061","Fetch Data for CRR Stats","","Feature F757376: CRR - Sandbox Analysis of Results Dashboard in E1/E2","0","3.0","Defined","AXP 25.5.23","As a compliance analyst/manager, I want to fetch account and customer level data to view Sandbox vs Production risk scoring results for side by side so that I can compare and validate consistency across environments.","Given we use account and customer tab for sandbox vs production data comparison in CRR stats, fetch all the related data for the respective tabs such as : Center, Product, Legal Entity, Risk Score, Independent Accounts, # Customers, etc","Suprana Sengupta","E_SLPM_ST15_CRR Rule Configuration","10/09/2025 12:06 AM MST","","","","True","Correct access role assignment is pending on GCP","#df1a7b","","Suprana Sengupta","","","","","","0 Submitted, 0 Open, 0 Fixed, 0 Closed, 0 Blocked","0","0","0","0","","","","False","","Defined","False","","","","","","","11/24/2025 09:40 PM MST","","","","Feature F757376: CRR - Sandbox Analysis of Results Dashboard in E1/E2","False","AXP PI 25.5","","","","30.0","1 Defined, 0 In-Progress, 0 Completed, 0 Blocked","0 None Run, 0 Blocked, 0 Error, 0 Fail, 0 Inconclusive, 0 Pass","30.0","0",""
"US6088546","Common Dashboard Functions","","Feature F717292: CRR - Display of CRR Output-Risk Distribution Dashboard in E1/E2","0","3.0","In-Progress","AXP 25.5.23","As a compliance analyst/manager, I want to filter and export CRR results across all tabs so that I can customize analysis by date range and share insights externally.","Given filters are applied, when valid, then all tabs update consistently.Given filters are invalid (end date < start date), when applied, then error “Invalid date range” is displayed.Given exports are triggered, when completed, then files match displayed UI results.","Satvik Jain","E_SLPM_ST15_CRR Rule Configuration","09/11/2025 08:41 AM MST","","","","False","","#df1a7b","","Satvik Jain","","","","","","0 Submitted, 0 Open, 0 Fixed, 0 Closed, 0 Blocked","0","0","0","0","","","","False","","In-Progress","False","","11/24/2025 10:52 PM MST","","","","","11/24/2025 10:52 PM MST","","","","Feature F717292: CRR - Display of CRR Output-Risk Distribution Dashboard in E1/E2","False","AXP PI 25.5","","","","30.0","1 Defined, 1 In-Progress, 0 Completed, 0 Blocked","0 None Run, 0 Blocked, 0 Error, 0 Fail, 0 Inconclusive, 0 Pass","30.0","0",""
"US6088575","View Results Dashboard - Common Dashboard Functions","Discuss on Timelines for output table registration in Lumi","Feature F757376: CRR - Sandbox Analysis of Results Dashboard in E1/E2","1","3.0","Defined","AXP 25.5.23","As a compliance analyst/manager, I want to filter and export Sandbox vs Production results together so that I can share differences for validation.","Given filters are applied, when valid, then all tabs update consistently.Given exports are triggered, when completed, then files match displayed UI results.Given results exist, when export is triggered, then both Production and Sandbox columns are included.Given date range filters are applied, when I view results, then both environments respect the same filter range.Given invalid filters, when applied, then same validation error as F717292 is displayed.","Satvik Jain","E_SLPM_ST15_CRR Rule Configuration","09/11/2025 08:44 AM MST","","","","True","Correct access role assignment is pending on GCP","#df1a7b","","Satvik Jain","","","","","","0 Submitted, 0 Open, 0 Fixed, 0 Closed, 0 Blocked","0","0","0","0","","","","False","","Defined","False","","","","","","","11/24/2025 09:40 PM MST","","","","Feature F757376: CRR - Sandbox Analysis of Results Dashboard in E1/E2","False","AXP PI 25.5","","","","30.0","1 Defined, 0 In-Progress, 0 Completed, 0 Blocked","0 None Run, 0 Blocked, 0 Error, 0 Fail, 0 Inconclusive, 0 Pass","30.0","0",""
"US6151068","Fetch data for CRR stats production","","Feature F717292: CRR - Display of CRR Output-Risk Distribution Dashboard in E1/E2","0","5.0","Defined","AXP 25.5.23","As a compliance analyst/manager, I want to view CRR results in the Account tab & Customer tab, including independent vs. hierarchical accounts, so I can assess account-level risks.","GIVEN WHEN I open the account tab, THEN the data should be fetched related to (Center Product, Legal Entity, Risk Score, Independent Accounts, Hierarchical Accounts, Independent HierarchiesGIVEN when i open the customer tabTHEN Data should be fetched related to columns (Center Product, Legal Entity, Risk Score, # Customers) are displayed.","Suprana Sengupta","E_SLPM_ST15_CRR Rule Configuration","10/09/2025 12:09 AM MST","","","","False","","#df1a7b","","Suprana Sengupta","","","","","","0 Submitted, 0 Open, 0 Fixed, 0 Closed, 0 Blocked","0","0","0","0","","","","False","","Defined","False","","","","","","","11/19/2025 11:08 PM MST","","","","Feature F717292: CRR - Display of CRR Output-Risk Distribution Dashboard in E1/E2","False","AXP PI 25.5","","","","30.0","1 Defined, 0 In-Progress, 0 Completed, 0 Blocked","0 None Run, 0 Blocked, 0 Error, 0 Fail, 0 Inconclusive, 0 Pass","30.0","0",""
"US6088519","Dashboard – Account Tab","","Feature F717292: CRR - Display of CRR Output-Risk Distribution Dashboard in E1/E2","0","5.0","Defined","AXP 25.5.23","As a compliance analyst/manager, I want to view CRR results in the Account tab, including independent vs. hierarchical accounts, so I can assess account-level risks.","Given results exist, when I open Account tab, then columns (Center Product, Legal Entity, Risk Score, Independent Accounts, Hierarchical Accounts, Independent Hierarchies) are displayed.Given filters are applied, when no results match, then UI displays “No data available.”Given I export results, when download completes, then file matches displayed data.","Satvik Jain","E_SLPM_ST15_CRR Rule Configuration","09/11/2025 08:36 AM MST","","","","False","","#df1a7b","","Satvik Jain","","","","","","0 Submitted, 0 Open, 0 Fixed, 0 Closed, 0 Blocked","0","0","0","0","","","","False","","Defined","False","","","","","","","11/19/2025 11:12 PM MST","","","","Feature F717292: CRR - Display of CRR Output-Risk Distribution Dashboard in E1/E2","False","AXP PI 25.5","","","","50.0","2 Defined, 0 In-Progress, 0 Completed, 0 Blocked","0 None Run, 0 Blocked, 0 Error, 0 Fail, 0 Inconclusive, 0 Pass","50.0","0",""
"US6088508","Testing -- Account and Customer","","Feature F717292: CRR - Display of CRR Output-Risk Distribution Dashboard in E1/E2","0","3.0","Defined","AXP 25.5.25","As a compliance analyst/manager, I want to view CRR results in the Customer & Accounts tab, including Number of Customers, Independent Accounts, Hierarchical Accounts, Independent Hierarchies so I can analyze customer-level risks","GIVEN WHEN I open the account tab, THEN the data should be fetched related to (Center Product, Legal Entity, Risk Score, Independent Accounts, Hierarchical Accounts, Independent HierarchiesGIVEN when i open the customer tabTHEN Data should be fetched related to columns (Center Product, Legal Entity, Risk Score, # Customers) are displayed.","Satvik Jain","E_SLPM_ST15_CRR Rule Configuration","09/11/2025 08:34 AM MST","","","","False","","#df1a7b","","Satvik Jain","","","","CRR","","0 Submitted, 0 Open, 0 Fixed, 0 Closed, 0 Blocked","0","0","0","0","","","","False","","Defined","False","","","","","","","10/16/2025 10:01 AM MST","","","","Feature F717292: CRR - Display of CRR Output-Risk Distribution Dashboard in E1/E2","False","AXP PI 25.5","","","","0.0","0 Defined, 0 In-Progress, 0 Completed, 0 Blocked","0 None Run, 0 Blocked, 0 Error, 0 Fail, 0 Inconclusive, 0 Pass","0.0","0",""
"US6088523","Dashboard – Customer & Obligor Id Tab","","Feature F717292: CRR - Display of CRR Output-Risk Distribution Dashboard in E1/E2","0","5.0","Defined","AXP 25.5.24","As a compliance analyst/manager, I want to view CRR results in the Customer tab, including Number of Customers, so I can analyze customer-level risks.","Given results exist, when I open Customer tab, then columns (Center Product, Legal Entity, Risk Score, # Customers) are displayed.Given customer scoring is unavailable, when I open tab, then “No customer data available” is shown.Given I export results, when download completes, then file matches displayed data.","Satvik Jain","E_SLPM_ST15_CRR Rule Configuration","09/11/2025 08:37 AM MST","","","","False","","#df1a7b","","Satvik Jain","","","","","","0 Submitted, 0 Open, 0 Fixed, 0 Closed, 0 Blocked","0","0","0","0","","","","False","","Defined","False","","","","","","","11/20/2025 01:41 AM MST","","","","Feature F717292: CRR - Display of CRR Output-Risk Distribution Dashboard in E1/E2","False","AXP PI 25.5","","","","60.0","3 Defined, 0 In-Progress, 0 Completed, 0 Blocked","0 None Run, 0 Blocked, 0 Error, 0 Fail, 0 Inconclusive, 0 Pass","60.0","0",""
"US6151107","Testing for account and customer","","Feature F757376: CRR - Sandbox Analysis of Results Dashboard in E1/E2","0","3.0","Defined","AXP 25.5.23","As a compliance analyst/manager, I want to view Sandbox vs Production CRR results for customers so that I can verify scoring consistency at the customer level.","Given the user opens account or customer tab for viewing CRR statistics, User should be able to view all relevant data as mentioned in the build related stories","Suprana Sengupta","E_SLPM_ST15_CRR Rule Configuration","10/09/2025 12:29 AM MST","","","","False","","#df1a7b","","Suprana Sengupta","","","","","","0 Submitted, 0 Open, 0 Fixed, 0 Closed, 0 Blocked","0","0","0","0","","","","False","","Defined","False","","","","","","","10/22/2025 12:09 PM MST","","","","Feature F757376: CRR - Sandbox Analysis of Results Dashboard in E1/E2","False","AXP PI 25.5","","","","0.0","0 Defined, 0 In-Progress, 0 Completed, 0 Blocked","0 None Run, 0 Blocked, 0 Error, 0 Fail, 0 Inconclusive, 0 Pass","0.0","0",""
"US6088572","View Results Dashboard – Customer Tab","","Feature F757376: CRR - Sandbox Analysis of Results Dashboard in E1/E2","0","5.0","In-Progress","AXP 25.5.23","As a compliance analyst/manager, I want to view Sandbox vs Production CRR results for customers so that I can verify scoring consistency at the customer level.  Figma link - https://www.figma.com/design/ej5fTjN0D2CQJFWaZtwj3H/CRR-Option2?node-id=8291-68021&t=O9wTlBGh11EGLUSS-0 ","Given results exist, when I open Customer tab, then columns (Center Product, Legal Entity, Risk Score, # Customers) are displayed.Given customer scoring is unavailable, when I open tab, then “No customer data available” is shown.Given I export results, when download completes, then file matches displayed data.Columns must appear side by side:Production: Center Product, Legal Entity, Risk Score, # CustomersSandbox: Center Product, Legal Entity, Risk Score, # Customers (Sandbox)Given results mismatch, when displayed, then system highlights differences (optional acceptance criterion if required).Given user closes this view result tab, user should navigate back to simulation window on closing the screen","Satvik Jain","E_SLPM_ST15_CRR Rule Configuration","09/11/2025 08:44 AM MST","","","","True","Correct access role assignment is pending on GCP","#df1a7b","","Satvik Jain","","","","","","0 Submitted, 0 Open, 0 Fixed, 0 Closed, 0 Blocked","0","0","0","0","","","","False","","In-Progress","False","","10/28/2025 09:46 PM MST","","","","","11/24/2025 09:40 PM MST","","","","Feature F757376: CRR - Sandbox Analysis of Results Dashboard in E1/E2","False","AXP PI 25.5","","","","120.0","0 Defined, 2 In-Progress, 0 Completed, 0 Blocked","0 None Run, 0 Blocked, 0 Error, 0 Fail, 0 Inconclusive, 0 Pass","120.0","0",""
"US6088568","View Results Dashboard – Account Tab","","Feature F757376: CRR - Sandbox Analysis of Results Dashboard in E1/E2","0","5.0","Defined","AXP 25.5.23","As a compliance analyst/manager, I want to view Sandbox vs Production risk scoring results for accounts side by side so that I can compare and validate consistency across environments.","Given results exist, when I open Account tab, then columns (Center, Product, Legal Entity, Risk Score, Independent Accounts, Hierarchical Accounts, Independent Hierarchies) are displayed.Given filters are applied, when no results match, then UI displays “No data available.”Given I export results, when download completes, then file matches displayed data.Given results exist in both environments, when I open Account tab, then columns for both Production and Sandbox are displayed:Production: Center Product, Legal Entity, Risk Score, Independent Accounts, Hierarchical Accounts, Hierarchy CountSandbox: Same set of columns but with suffix (Sandbox).Given only Production results exist, when I open Account tab, then only Production columns are shown.Given only Sandbox results exist, when I open Account tab, then only Sandbox columns are shown.Given no results exist in either environment, when I open Account tab, then “No data available” is displayed.Given user closes this view result tab, user should navigate back to simulation window on closing the screen","Satvik Jain","E_SLPM_ST15_CRR Rule Configuration","09/11/2025 08:44 AM MST","","","","False","","#df1a7b","","Satvik Jain","","","","","","0 Submitted, 0 Open, 0 Fixed, 0 Closed, 0 Blocked","0","0","0","0","","","","False","","Defined","False","","","","","","","11/24/2025 09:40 PM MST","","","","Feature F757376: CRR - Sandbox Analysis of Results Dashboard in E1/E2","False","AXP PI 25.5","","","","60.0","2 Defined, 0 In-Progress, 0 Completed, 0 Blocked","0 None Run, 0 Blocked, 0 Error, 0 Fail, 0 Inconclusive, 0 Pass","60.0","0",""
"US6089183","Sandbox stale state and refresh functionality","","Feature F717285: CRR - UI Improvements & Modification  PI 25.5","2","2.0","Accepted","AXP 25.5.21","As a compliance analyst/manager, when I am working on multiple risk assessments simultaneously and a sandbox changes the configuration of the production, then I should be able to see all the other markets where a configuration update has happened marked with a stale state symbol and upon clicking the refresh button, the changes made in production should be updated in the sandbox. ","1. When I click on X button on history modal screen, then I should be navigated back to the simulation modal screen  ","Satvik Jain","E_SLPM_ST15_CRR Rule Configuration","09/11/2025 11:52 AM MST","11/07/2025 12:59 AM MST","","","False","","#df1a7b","","Satvik Jain","","","","CRR","","0 Submitted, 0 Open, 0 Fixed, 0 Closed, 0 Blocked","0","0","0","0","","","","False","","Accepted","False","","10/29/2025 09:35 PM MST","","","","","11/07/2025 12:59 AM MST","","","","Feature F717285: CRR - UI Improvements & Modification  PI 25.5","False","AXP PI 25.5","","","","18.0","0 Defined, 0 In-Progress, 1 Completed, 0 Blocked","0 None Run, 0 Blocked, 0 Error, 0 Fail, 0 Inconclusive, 0 Pass","0.0","0",""
"US6088574","UAT for Sandbox Dashboard testing","","Feature F757376: CRR - Sandbox Analysis of Results Dashboard in E1/E2","1","5.0","Accepted","AXP 25.5.22","As a user, I want to conduct UAT for the sandbox vs production dashboard","Given results exist, when I open Account tab, then columns (Center, Product, Legal Entity, Risk Score, Independent Accounts, Hierarchical Accounts, Independent Hierarchies) are displayed.Given filters are applied, when no results match, then UI displays “No data available.”Given I export results, when download completes, then file matches displayed data.Given results exist in both environments, when I open Account tab, then columns for both Production and Sandbox are displayed:Production: Center Product, Legal Entity, Risk Score, Independent Accounts, Hierarchical Accounts, Hierarchy CountSandbox: Same set of columns but with suffix (Sandbox).Given only Production results exist, when I open Account tab, then only Production columns are shown.Given only Sandbox results exist, when I open Account tab, then only Sandbox columns are shown.Given no results exist in either environment, when I open Account tab, then “No data available” is displayed.Given user closes this view result tab, user should navigate back to simulation window on closing the screen  Given results exist, when I open Customer tab, then columns (Center Product, Legal Entity, Risk Score, # Customers) are displayed.Given customer scoring is unavailable, when I open tab, then “No customer data available” is shown.Given I export results, when download completes, then file matches displayed data.Columns must appear side by side:Production: Center Product, Legal Entity, Risk Score, # CustomersSandbox: Center Product, Legal Entity, Risk Score, # Customers (Sandbox)Given results mismatch, when displayed, then system highlights differences (optional acceptance criterion if required).Given user closes this view result tab, user should navigate back to simulation window on closing the screen","Satvik Jain","E_SLPM_ST15_CRR Rule Configuration","09/11/2025 08:44 AM MST","11/24/2025 10:03 PM MST","","","False","","#df1a7b","","Satvik Jain","","","","","","0 Submitted, 0 Open, 0 Fixed, 0 Closed, 0 Blocked","0","0","0","0","","","","False","","Accepted","False","","11/19/2025 01:50 AM MST","","","","","11/25/2025 09:27 PM MST","","","","Feature F757376: CRR - Sandbox Analysis of Results Dashboard in E1/E2","False","AXP PI 25.5","","","","0.0","0 Defined, 0 In-Progress, 0 Completed, 0 Blocked","14 None Run, 0 Blocked, 0 Error, 0 Fail, 0 Inconclusive, 0 Pass","0.0","14",""
"US6276448","Segregate FA code as a separate micro frontend","","Feature F717285: CRR - UI Improvements & Modification  PI 25.5","0","2.0","Defined","AXP 25.5.25","Segregate FA code as a separate micro frontend   ","Segregate FA code as a separate micro frontend ","Suprana Sengupta","E_SLPM_ST15_CRR Rule Configuration","11/20/2025 02:04 AM MST","","","","False","","#df1a7b","","Satvik Jain","","","","","","0 Submitted, 0 Open, 0 Fixed, 0 Closed, 0 Blocked","0","0","0","0","","","","False","","Defined","False","","","","","","","11/20/2025 11:02 PM MST","","","","Feature F717285: CRR - UI Improvements & Modification  PI 25.5","False","AXP PI 25.5","","","","24.0","1 Defined, 0 In-Progress, 0 Completed, 0 Blocked","0 None Run, 0 Blocked, 0 Error, 0 Fail, 0 Inconclusive, 0 Pass","24.0","0",""
"US6276443","Simulation from every screen to be enabled by clicking the simulation button in Sandbox tab","","Feature F717285: CRR - UI Improvements & Modification  PI 25.5","0","5.0","Defined","AXP 25.5.24","Simulation from every screen to be enabled by clicking the simulation button in Sandbox tab Simulation Modal - https://www.figma.com/design/ej5fTjN0D2CQJFWaZtwj3H/CRR-Option2?node-id=4208-92490&t=ZjMLgNStqp74hWnX-0 Concurrency - https://www.figma.com/design/ej5fTjN0D2CQJFWaZtwj3H/CRR-Option2?node-id=5652-60743&t=ZjMLgNStqp74hWnX-0  ","Given that the user is on ruleset listing screen or risk element listing screenWhen they click the simulation button on the UIThen they should be able to successfully open the simulation modal from every listing screen similar to the category screen (Note: State should be persisted across listing screens and concurrency should be handled correctly)","Suprana Sengupta","E_SLPM_ST15_CRR Rule Configuration","11/20/2025 01:59 AM MST","","","","False","","#df1a7b","","Satvik Jain","","","","","","0 Submitted, 0 Open, 0 Fixed, 0 Closed, 0 Blocked","0","0","0","0","","","","False","","Defined","False","","","","","","","11/24/2025 11:55 PM MST","","","","Feature F717285: CRR - UI Improvements & Modification  PI 25.5","False","AXP PI 25.5","","","","60.0","2 Defined, 0 In-Progress, 0 Completed, 0 Blocked","0 None Run, 0 Blocked, 0 Error, 0 Fail, 0 Inconclusive, 0 Pass","60.0","0",""
"US6286235","ACE onboarding","","Feature F717286: CRR - Authourization of CRR Capabilities - Analysis","0","3.0","Being Groomed","AXP 25.5.24","ACE onboarding","ACE onboarding","Satvik Jain","E_SLPM_ST15_CRR Rule Configuration","11/25/2025 01:14 AM MST","","","","False","","#df1a7b","","Satvik Jain","","","","","","0 Submitted, 0 Open, 0 Fixed, 0 Closed, 0 Blocked","0","0","0","0","","","","False","","Being Groomed","False","","","","","","","11/25/2025 01:15 AM MST","","","","Feature F717286: CRR - Authourization of CRR Capabilities - Analysis","False","AXP PI 25.5","","","","0.0","0 Defined, 0 In-Progress, 0 Completed, 0 Blocked","0 None Run, 0 Blocked, 0 Error, 0 Fail, 0 Inconclusive, 0 Pass","0.0","0",""
"US5984346","API Automation Risk Assessment Dynamic Payload","","Feature F716868: CRR - User-friendly UI for CRR framework configuration","0","3.0","Accepted","AXP 25.3.15 IP","API Automation Risk Assessment Dynamic Payload","API Automation Risk Assessment Dynamic Payload","Satvik Jain","E_SLPM_ST15_CRR Rule Configuration","08/04/2025 10:21 PM MST","08/18/2025 02:10 AM MST","","","False","","#21a2e0","","Satvik Jain","","","","CRR","","0 Submitted, 0 Open, 0 Fixed, 0 Closed, 0 Blocked","0","0","0","5","","","","False","","Accepted","False","","08/05/2025 08:01 PM MST","","","E2","08/09/2025 01:34 PM MST","10/16/2025 10:01 AM MST","","","","Feature F716868: CRR - User-friendly UI for CRR framework configuration","False","AXP PI 25.3","","","","18.0","0 Defined, 0 In-Progress, 2 Completed, 0 Blocked","0 None Run, 0 Blocked, 0 Error, 0 Fail, 0 Inconclusive, 5 Pass","0.0","5",""
"US5945023","API Latency and Failures (Monitor)","","Feature F778272: CRR - UI Improvements & modification PI 25.4","0","1.0","Accepted","AXP 25.4.16","API Latency and Failures (Monitor)","API Latency and Failures (Monitor)","Satvik Jain","E_SLPM_ST15_CRR Rule Configuration","07/21/2025 03:21 AM MST","09/01/2025 07:46 AM MST","","","False","","#21a2e0","","Satvik Jain","","","","CRR","","0 Submitted, 0 Open, 0 Fixed, 0 Closed, 0 Blocked","0","0","0","1","","","","False","","Accepted","False","","08/28/2025 11:31 PM MST","","","Build-E2","08/28/2025 11:23 PM MST","10/16/2025 10:01 AM MST","","","","Feature F778272: CRR - UI Improvements & modification PI 25.4","False","AXP PI 25.4","","","","6.0","0 Defined, 0 In-Progress, 1 Completed, 0 Blocked","0 None Run, 0 Blocked, 0 Error, 0 Fail, 0 Inconclusive, 1 Pass","0.0","1",""
"US5992624","Documentation for notification and local connectivity","https://enterprise-confluence.aexp.com/confluence/spaces/ARMC/pages/1613213932/CRR+Notification https://enterprise-confluence.aexp.com/confluence/spaces/ARMC/pages/1652154116/Local+Connectivity+to+Cloud+Sql+using+Dynamic+Keys","Feature F778272: CRR - UI Improvements & modification PI 25.4","0","2.0","Accepted","AXP 25.4.20 IP","API Latency and Failures (Monitor)","API Latency and Failures (Monitor)","Satvik Jain","E_SLPM_ST15_CRR Rule Configuration","08/06/2025 02:28 AM MST","10/27/2025 03:33 AM MST","","","False","","#21a2e0","","Satvik Jain","","","","CRR","","0 Submitted, 0 Open, 0 Fixed, 0 Closed, 0 Blocked","0","0","0","1","","","","False","","Accepted","False","","10/15/2025 07:23 PM MST","","","E1","10/15/2025 07:22 PM MST","10/27/2025 03:33 AM MST","","","","Feature F778272: CRR - UI Improvements & modification PI 25.4","False","AXP PI 25.4","","","","20.0","0 Defined, 0 In-Progress, 2 Completed, 0 Blocked","0 None Run, 0 Blocked, 0 Error, 0 Fail, 0 Inconclusive, 1 Pass","0.0","1",""
"US5819197","Remove Deleted risk configurations","","Feature F717284: CRR - Ability to Modify Rules and Merge to production","0","1.0","Accepted","AXP 25.3.11","AS A Backend CRR SystemI WANT TO remove some configuration from production when they are not configured in the sandboxSO THAT deprecated or invalid rule configuration logic does not persist post-merge Out of ScopeGovernance and authorization of deletion to be done by Access Management team later to CRR Business TeamDependenciesEvent Sourcing, all changes must be identified correctly","GIVEN a configuration including risk category, risk element, rule is present in production but not configured in the sandboxWHEN the user clicks 'Implement'THEN the system must detect all such configurations which need to be removed post mergeAND delete the configuration from productionAND remove its linkage from the associated categories/elements/rules etc.AND raise an audit log with the configuration's full structure and IDAND trigger rescoring of affected recordsAND prevent partial deletionAND allow re-addition via future sandbox merges","Satvik Jain","E_SLPM_ST15_CRR Rule Configuration","05/28/2025 05:50 AM MST","06/23/2025 08:55 PM MST","","","False","","#21a2e0","","Satvik Jain","","","","CRR","","0 Submitted, 0 Open, 0 Fixed, 0 Closed, 0 Blocked","0","0","0","0","","","","False","","Accepted","False","","06/11/2025 04:39 AM MST","","","","","10/16/2025 10:01 AM MST","","","","Feature F717284: CRR - Ability to Modify Rules and Merge to production","False","AXP PI 25.3","","","","10.0","0 Defined, 0 In-Progress, 1 Completed, 0 Blocked","0 None Run, 0 Blocked, 0 Error, 0 Fail, 0 Inconclusive, 0 Pass","0.0","0",""
"US5819195","Add/Update Rules Including all rule details","","Feature F717284: CRR - Ability to Modify Rules and Merge to production","0","1.0","Accepted","AXP 25.3.11","AS A CRR Backend SystemI WANT TO add/update rules in production when Rule logic, multiplier type, rule details are updated in sandboxSO THAT the rules reflect the most current and validated risk logic Out of ScopeGovernance and authorization of rule addition/editing to be done by Access Management team later to CRR Business TeamDependenciesEvent Sourcing, all changes must be identified correctly","GIVEN a rule in sandbox is changed in logic, multiplier, or Datapoint-Operator-Value-Lookup structureWHEN the sandbox is implementedTHEN the system must create a new rule with the new configuration and detailsAND update the existing rule in production with all updated detail, like rule descriptionAND its editing view - Basic view/Advanced View is preserved AND reconfigure multiplier type and data point, operators and valuesAND trigger rescoring of all impacted recordsAND write a complete audit entry with field-level differencesAND block partial create/update attempts—either full change applies, or it failsAND retain sandbox in 'Failed' state if create/update operation fails ","Satvik Jain","E_SLPM_ST15_CRR Rule Configuration","05/28/2025 05:50 AM MST","06/23/2025 08:55 PM MST","","","False","","#21a2e0","","Satvik Jain","","","","CRR","","0 Submitted, 0 Open, 0 Fixed, 0 Closed, 0 Blocked","0","0","0","0","","","","False","","Accepted","False","","06/11/2025 04:39 AM MST","","","","","10/16/2025 10:01 AM MST","","","","Feature F717284: CRR - Ability to Modify Rules and Merge to production","False","AXP PI 25.3","","","","10.0","0 Defined, 0 In-Progress, 1 Completed, 0 Blocked","0 None Run, 0 Blocked, 0 Error, 0 Fail, 0 Inconclusive, 0 Pass","0.0","0",""
"US5819199","Log All Merged Changes for Audit","","Feature F717284: CRR - Ability to Modify Rules and Merge to production","0","1.0","Accepted","AXP 25.3.12","AS A CRR Backend System I WANT TO log all merged items and their before/after values SO THAT future audit capabilities are supportedOut of ScopeThreshold is currently out of scopeAsset manager changes are currently out of scopeFundamental assessment changes are currently out of scope","GIVEN a merge event WHEN complete THEN a changelog with timestamps and user IDs is persisted","Satvik Jain","E_SLPM_ST15_CRR Rule Configuration","05/28/2025 05:50 AM MST","07/07/2025 07:16 AM MST","","","False","","#21a2e0","","Satvik Jain","","","","CRR","","0 Submitted, 0 Open, 0 Fixed, 0 Closed, 0 Blocked","0","0","0","0","","","","False","","Accepted","False","","06/11/2025 04:38 AM MST","","","","","10/16/2025 10:01 AM MST","","","","Feature F717284: CRR - Ability to Modify Rules and Merge to production","False","AXP PI 25.3","","","","20.0","0 Defined, 0 In-Progress, 1 Completed, 0 Blocked","0 None Run, 0 Blocked, 0 Error, 0 Fail, 0 Inconclusive, 0 Pass","0.0","0",""
"US5819193","Add/Update Risk Elements in Production","","Feature F717284: CRR - Ability to Modify Rules and Merge to production","0","1.0","Accepted","AXP 25.3.12","AS A CRR Backend SystemI WANT TO add/update Risk Elements with updated values (Including Name, Description, Prohibited, Time-Based, Min/Max) and rule mappingsSO THAT risk models reflect the latest validated configurationsOut of ScopeGovernance and Authorization to CRR Business Team will be done by Access ManagementDependenciesEvent Sourcing, All changes must be identified correctly.","GIVEN a Risk Element in sandbox differs from its counterpart in production by name, description, Prohibited, Min/Max, Time-based, or rule associationsWHEN the user clicks the 'Implement' buttonTHEN the system must create/update the Risk Element in productionAND replace only the fields that have changedAND re-link rules that have been added or removedAND log field-level differences in the audit trailAND raise rescoring events if risk element settings Time-Based, Min/Max, Prohibited for the element was changedAND raise rescoring events if rules within the element were changedAND record this create/update as a complete change eventAND block partial create/update attempts—either full change applies, or it failsAND retain sandbox in 'Failed' state if create/update operation fails ","Satvik Jain","E_SLPM_ST15_CRR Rule Configuration","05/28/2025 05:50 AM MST","07/07/2025 07:16 AM MST","","","False","","#21a2e0","","Satvik Jain","","","","CRR","","0 Submitted, 0 Open, 0 Fixed, 0 Closed, 0 Blocked","0","0","0","0","","","","False","","Accepted","False","","06/11/2025 04:38 AM MST","","","","","10/16/2025 10:01 AM MST","","","","Feature F717284: CRR - Ability to Modify Rules and Merge to production","False","AXP PI 25.3","","","","12.0","0 Defined, 0 In-Progress, 1 Completed, 0 Blocked","0 None Run, 0 Blocked, 0 Error, 0 Fail, 0 Inconclusive, 0 Pass","0.0","0",""
"US5819192","Add/Update Risk Categories into Production","","Feature F717284: CRR - Ability to Modify Rules and Merge to production","0","1.0","Accepted","AXP 25.3.11","AS A CRR Backend SystemI WANT TO add/update a Risk Category created in sandbox into productionSO THAT rule organizations are accurately reflectedOut of ScopeGovernance and authorization would be part of the work done in a separate feature by Access Management DependenciesEvent Sourcing, All changes must be identified correctly. ","GIVEN a Risk Category does not exist in production and exists in sandbox with a unique IDWHEN the user clicks the 'Implement' buttonTHEN the backend should create the new category in productionAND copy over its name, description, and associated risk elementsAND auto-sort it in the category listing (alphabetically)AND not trigger any rescoring unless associated rules or risk elements also change (Name and description updates do not require rescoring)AND log the event as a new category creation in audit logsAND show a 'Failed' status on sandbox if merge fails GIVEN that a Risk Category exists in production and some updates are made into this Risk CategoryWHEN the user clicks on implement and changes are sent for merging to productionTHEN the name and the description for the existing category are updated GIVEN that a Risk Category exists in production and some updates are made into the underlying associated risk elementsTHEN the associated risk elements are updatedTHEN relevant rescoring events should be triggered to update the risk scores on category level","Satvik Jain","E_SLPM_ST15_CRR Rule Configuration","05/28/2025 05:50 AM MST","06/23/2025 08:55 PM MST","","","False","","#21a2e0","","Satvik Jain","","","","CRR","","0 Submitted, 0 Open, 0 Fixed, 0 Closed, 0 Blocked","0","0","0","0","","","","False","","Accepted","False","","06/11/2025 04:38 AM MST","","","","","10/16/2025 10:01 AM MST","","","","Feature F717284: CRR - Ability to Modify Rules and Merge to production","False","AXP PI 25.3","","","","10.0","0 Defined, 0 In-Progress, 1 Completed, 0 Blocked","0 None Run, 0 Blocked, 0 Error, 0 Fail, 0 Inconclusive, 0 Pass","0.0","0",""
"US5819194","Update Rule Sets with Updated Metadata","","Feature F717284: CRR - Ability to Modify Rules and Merge to production","0","1.0","Accepted","AXP 25.3.11","AS A CRR Backend SystemI WANT TO update rule sets in production with metadata from sandboxSO THAT configurations reflect latest scoring logic and structure Out of ScopeGovernance and authorization of ruleset setting would be done by Access management later on.DependenciesEvent Sourcing, All changes must be tracked correctly ","GIVEN rule set metadata (applicability, default multiplier, weighting) differs in sandboxWHEN the user clicks the 'Implement' buttonTHEN the system must update metadata in productionAND ensure rule logic remains unchanged unless explicitly modifiedAND skip re-linking or re-evaluating rules if only metadata is changedAND log metadata change as an individual event in auditAND skip rollback; sandbox state must reflect merge statusAND enforce atomicity across rule set metadata—partial merges not allowedAND trigger an event to request for rescoring if metadata values impact logicAND block partial create/update attempts—either full change applies, or it failsAND retain sandbox in 'Failed' state if create/update operation fails","Satvik Jain","E_SLPM_ST15_CRR Rule Configuration","05/28/2025 05:50 AM MST","06/23/2025 08:55 PM MST","","","False","","#21a2e0","","Satvik Jain","","","","CRR","","0 Submitted, 0 Open, 0 Fixed, 0 Closed, 0 Blocked","0","0","0","0","","","","False","","Accepted","False","","06/11/2025 04:38 AM MST","","","","","10/16/2025 10:01 AM MST","","","","Feature F717284: CRR - Ability to Modify Rules and Merge to production","False","AXP PI 25.3","","","","10.0","0 Defined, 0 In-Progress, 1 Completed, 0 Blocked","0 None Run, 0 Blocked, 0 Error, 0 Fail, 0 Inconclusive, 0 Pass","0.0","0",""
"US5819191","Identify Sandbox Configuration Changes","","Feature F717284: CRR - Ability to Modify Rules and Merge to production","0","1.0","Accepted","AXP 25.3.12","AS A CRR Backend systemI WANT TO compare and merge sandbox rules into productionSO THAT the production CRR framework reflects validated updatesOut of ScopeNo governance requirement as of yet, authorization of functionalities would be done by the Access Management team. DependenciesEvent sourcing team","GIVEN a sandbox instance contains modified CRR entities including categories, risk elements, rules, and rule set metadataWHEN the user clicks the 'Implement' buttonTHEN the system must initiate a backend process to:AND identify changes by type: new, modified, or deletedAND include nested dependencies such as rules inside elements and elements inside categoriesAND calculate field-level differences and determine exact changes on Risk category, Risk Element, Ruleset, RulesAND persist all changes in production system for keeping a record.AND raise a structured audit event for each change with timestamp, user, and field diffsAND trigger downstream rescoring events as necessaryAND ensure atomicity such that either all changes are merged or noneAND reject the operation with an appropriate failure status if merge validation failsAND retain sandbox state with 'Failed' tag if the process does not succeed","Satvik Jain","E_SLPM_ST15_CRR Rule Configuration","05/28/2025 05:50 AM MST","07/07/2025 07:16 AM MST","","","False","","#21a2e0","","Satvik Jain","","","","CRR","","0 Submitted, 0 Open, 0 Fixed, 0 Closed, 0 Blocked","0","0","0","0","","","","False","","Accepted","False","","06/12/2025 03:00 AM MST","","","","","10/16/2025 10:01 AM MST","","","","Feature F717284: CRR - Ability to Modify Rules and Merge to production","False","AXP PI 25.3","","","","10.0","0 Defined, 0 In-Progress, 1 Completed, 0 Blocked","0 None Run, 0 Blocked, 0 Error, 0 Fail, 0 Inconclusive, 0 Pass","0.0","0",""
"US5866765","Delete action performed on dual screens should return error message","","Feature F716868: CRR - User-friendly UI for CRR framework configuration","0","1.0","Accepted","AXP 25.3.11","AS A Compliance Analyst I WANT TO interact with a standardized layout across Risk Category, Risk Element, and Risk Rule pages SO THAT I can navigate CRR configurations consistentlyAdd actions header on CRR Landing Page - https://www.figma.com/design/ej5fTjN0D2CQJFWaZtwj3H/CRR-Option2?node-id=3873-54583&t=D0dKh8wprbXAxS7V-0Add Edit Risk Threshold button on Sandbox main page - https://www.figma.com/design/ej5fTjN0D2CQJFWaZtwj3H/CRR-Option2?node-id=3873-45455&t=3nvqkeRHS51lk6y2-0Tooltip timing should be optimized to not have more than 5 sec wait time for tooltip to appear, usual time 2 seconds - https://www.figma.com/design/ej5fTjN0D2CQJFWaZtwj3H/CRR-Option2?node-id=3873-46089&t=3nvqkeRHS51lk6y2-0https://www.figma.com/design/ej5fTjN0D2CQJFWaZtwj3H/CRR-Option2?node-id=3873-51625&t=3nvqkeRHS51lk6y2-0Tooltip on description to be added - https://www.figma.com/design/ej5fTjN0D2CQJFWaZtwj3H/CRR-Option2?node-id=3873-52352&t=3nvqkeRHS51lk6y2-0Modal size should be responsive but should not be stretched excessivelyColumn headers should be properly aligned with the Column values - Screenshot of risk threshold window attached.Validation messages should be one below the other - Add new risk assessmentRemove name of assessment from confirmation message after editing assessment - """"Risk Assessment was edited successfully.""""Actions Header on Category page - https://www.figma.com/design/ej5fTjN0D2CQJFWaZtwj3H/CRR-Option2?node-id=3873-51980&t=3nvqkeRHS51lk6y2-0Add columns for Prohibited, Min/Max, Time-Based Rules, Add actions Header - https://www.figma.com/design/ej5fTjN0D2CQJFWaZtwj3H/CRR-Option2?node-id=3873-54253&t=3nvqkeRHS51lk6y2-0Remove empty breadcrumb - See screenshot attachedActions header on risk rule page - Additional details to be added - Applicability, Default multiplier, Weighting - https://www.figma.com/design/ej5fTjN0D2CQJFWaZtwj3H/CRR-Option2?node-id=3873-54377&t=3nvqkeRHS51lk6y2-0 [TBD - Design in progress]Disabled state for settings button on risk rule page for ruleset settings when no rule is configured [TBD - Design in progress]Value, Fundamental assessment in multiplier type while setting up rule level multiplier - https://www.figma.com/design/ej5fTjN0D2CQJFWaZtwj3H/CRR-Option2?node-id=3873-59697&t=3nvqkeRHS51lk6y2-0Increase width of fields on risk rule datapoint operator value screen equally to avoid vertical layout shift in name of longer datapoints - Add/Edit risk rule see screenshotUpdate CTA Name on Add Risk Rule to be """"Add"""". Everywhere on adding primary CTA should be """"Add"""" and on editing, it should be save  ","GIVEN I open any configuration screen WHEN the layout loads THEN headers, breadcrumbs, tooltips and component spacing are consistent","Satvik Jain","E_SLPM_ST15_CRR Rule Configuration","06/09/2025 09:49 PM MST","06/23/2025 09:36 PM MST","","","False","","#21a2e0","","Satvik Jain","","","","CRR","","0 Submitted, 0 Open, 0 Fixed, 1 Closed, 0 Blocked","1","0","0","0","","","","False","","Accepted","False","","06/10/2025 09:03 PM MST","","","","","10/16/2025 10:01 AM MST","","","","Feature F716868: CRR - User-friendly UI for CRR framework configuration","False","AXP PI 25.3","","","","10.0","0 Defined, 0 In-Progress, 1 Completed, 0 Blocked","0 None Run, 0 Blocked, 0 Error, 0 Fail, 0 Inconclusive, 0 Pass","0.0","0",""
"US5821893","Design Standard Layout for CRR Configuration Pages"," ","Feature F716868: CRR - User-friendly UI for CRR framework configuration","0","1.0","Accepted","AXP 25.3.11","AS A Compliance Analyst I WANT TO interact with a standardized layout across Risk Category, Risk Element, and Risk Rule pages SO THAT I can navigate CRR configurations consistentlyAdd columns for Prohibited, Min/Max, Time-Based Rules on Risk Element listing pageAdd columns for Default Multiplier, Applicability and Weighting on Rule listing pageRemove empty breadcrumb - See screenshot attachedDisabled state for settings button on risk rule page for ruleset settings when no rule is configured [Opacity = 20% for Normal button]Disabled state for Assessment and configuration options when Status is In-Progress  ","GIVEN I open any configuration screen WHEN the layout loads THEN headers, breadcrumbs, tooltips and component spacing are consistent","Satvik Jain","E_SLPM_ST15_CRR Rule Configuration","05/28/2025 12:41 PM MST","06/23/2025 06:52 PM MST","","","False","","#21a2e0","","Satvik Jain","","","","CRR","","0 Submitted, 0 Open, 0 Fixed, 0 Closed, 0 Blocked","0","0","0","0","","","","False","","Accepted","False","","06/16/2025 09:18 PM MST","","","","","10/16/2025 10:01 AM MST","","","","Feature F716868: CRR - User-friendly UI for CRR framework configuration","False","AXP PI 25.3","","","","10.0","0 Defined, 0 In-Progress, 1 Completed, 0 Blocked","0 None Run, 0 Blocked, 0 Error, 0 Fail, 0 Inconclusive, 0 Pass","0.0","0",""
"US5821901","Validate UI Consistency on Rule Addition/Editing","","Feature F716868: CRR - User-friendly UI for CRR framework configuration","0","1.0","Accepted","AXP 25.3.11","AS A Compliance Analyst I WANT TO experience consistent UI behavior when adding/editing Risk Rules SO THAT I’m not confused by differing behaviors Value, Fundamental assessment in multiplier type while setting up rule level multiplier - https://www.figma.com/design/ej5fTjN0D2CQJFWaZtwj3H/CRR-Option2?node-id=3873-59697&t=3nvqkeRHS51lk6y2-0Update CTA Name on Add Risk Rule to be """"Add"""". Everywhere on adding primary CTA should be """"Add"""" and on editing, it should be save","GIVEN I open add/edit Risk Rule forms WHEN I interact with the inputs THEN layouts and messages match design system standards","Satvik Jain","E_SLPM_ST15_CRR Rule Configuration","05/28/2025 12:41 PM MST","06/23/2025 09:07 PM MST","","","False","","#21a2e0","","Satvik Jain","","","","CRR","","0 Submitted, 0 Open, 0 Fixed, 0 Closed, 0 Blocked","0","0","0","0","","","","False","","Accepted","False","","06/09/2025 11:59 PM MST","","","","","10/16/2025 10:01 AM MST","","","","Feature F716868: CRR - User-friendly UI for CRR framework configuration","False","AXP PI 25.3","","","","6.0","0 Defined, 0 In-Progress, 1 Completed, 0 Blocked","0 None Run, 0 Blocked, 0 Error, 0 Fail, 0 Inconclusive, 0 Pass","0.0","0",""
"US5822141","Render modifications made to the Sandbox compared to production","Characters for comment  ","Feature F761444: CRR - Displaying of modification in framework in Sandbox vs Production","0","8.0","Accepted","AXP 25.3.13","AS A Compliance Analyst I WANT TO see the modifications that have been made to the Sandbox compared to the productionSO THAT I can evaluate pending changes before implementation Out of ScopeExact changes need not be shown, they will be available later in Show All button which will be prioritised laterhttps://www.figma.com/design/ej5fTjN0D2CQJFWaZtwj3H/CRR-Option2?node-id=4208-92490&t=FvtQcSF6gYOxVsb7-0  ","GIVEN I open the comparison screen WHEN the view loads THEN configuration differences across Risk Categories, Risk Elements, Rule Sets, Rules, and Assets are detectedAND the Tier on which changes have happened is indicated correctlyAND the max number of characters allowed on comments box should be 100AND the default grey text on Comments box should be """"Type your comments here"""" AND WHEN a change is detected at an underlying tierTHEN it is also considered a change on the Overlying Tier and highlighted as a modification. GIVEN that user adds a new configurationWHEN a new thing is addedTHEN a """"New"""" superscript is added AND WHEN an existing thing is deletedTHEN the existing thing is indicated as Strikethrough AND WHEN something is updatedTHEN the text is highlighted normally","Satvik Jain","E_SLPM_ST15_CRR Rule Configuration","05/28/2025 01:31 PM MST","07/21/2025 09:35 PM MST","","","False","","#21a2e0","","Satvik Jain","","","","CRR","","0 Submitted, 0 Open, 0 Fixed, 0 Closed, 0 Blocked","0","0","0","1","","","","False","","Accepted","False","","06/30/2025 05:22 AM MST","","","E1","08/04/2025 06:39 AM MST","10/16/2025 10:01 AM MST","","","","Feature F761444: CRR - Displaying of modification in framework in Sandbox vs Production","False","AXP PI 25.3","","","","120.0","0 Defined, 0 In-Progress, 4 Completed, 0 Blocked","0 None Run, 0 Blocked, 0 Error, 0 Fail, 0 Inconclusive, 1 Pass","0.0","1",""
"US5949735","UI Modification of Sandbox Screen with Mandatory Reason and Comment","","Feature F716853: CRR - Sandbox Simulation submission & Version-Rollback Process","0","2.0","Accepted","AXP 25.3.14","AS A Compliance Analyst/Manager I WANT TO add a Reason Header on top of the Text box on all Sandbox and Simulation windowsSO THAT user can provide necessary justification for simulation  ","GIVEN that the user accesses the Sandbox and Simulation ScreenWHEN he goes to the Simulation modal on the TextboxTHEN he is able to see the header as Reason with a Red asterisk mark indicating that it is mandatory and user needs to add a reason before proceedingTHEN he is unable to proceed to any Primary CTA without providing a reason GIVEN that the user clicks on simulation button in the risk category screenWHEN he opens the simulation modal for the first time to submit the simulationTHEN the Reason textbox should be editable and mandatory before he clicks on SubmitGIVEN that the user clicks on simulation button in the risk category screen & simulation is in progressWHEN he opens the simulation modal for taking any action like cancellationTHEN the Reason textbox should be Non Editable and shows previous comment given on Submit screen for that version before he clicks on CancelTHEN after he clicks on cancel the comment box should be mandatory and editable and user should be able to add in his new comment for cancellationGIVEN that the user clicks on simulation button in the risk category screen & cancellation is in progressWHEN he opens the simulation modal for taking any actionTHEN the backend error message Modal is shown with Error message - """"Cancellation is In-Progress. Please try later""""THEN all other configuration actions are disabled till the cancellation is completedGIVEN that the user clicks on simulation button in the risk category screen & cancellation is completedWHEN he opens the simulation modal for taking any actionTHEN the Status in the backend is cancelled, and the status in the frontend is """"Cancelled""""THEN the user sees 3 options, History, Cancel, Create New VersionAND WHEN the user clicks on the Create New Version buttonThen a New version is created with options History, Cancel, SubmitAND WHEN the user tries to RollbackTHEN the rollback option is only available on sandboxes which are not cancelledGIVEN that the user clicks on simulation button in the risk category screen after simulation has been completedWHEN he opens the simulation modal for taking any action like Implement or Create New Version or RollbackTHEN the Reason textbox should be Editable and Mandatory before he clicks on Either Implement or Create New Version or Moves to a previous version and clicks on Rollback button after adding a Valid reasonGIVEN that the user clicks on simulation button in the risk category screen after he has clicked on Implement buttonWHEN he opens the simulation modal for taking any action like Pending approval 1THEN the Reason textbox should be Non Editable and should show the Message that was submitted by the User during Implementation.THEN when he clicks on accept, he should be able to add a reason to Accept / Reject the SandboxGIVEN that the user clicks on simulation button in the risk category screen after he has clicked on Implement buttonWHEN he opens the simulation modal for taking any action like Pending approval 2THEN the Reason textbox should be Non Editable and should show the Message that was submitted by the User during Pending Approval 1THEN when he clicks on accept, he should be able to add a reason to Accept / Reject the Sandbox ","Satvik Jain","E_SLPM_ST15_CRR Rule Configuration","07/21/2025 09:49 PM MST","08/04/2025 04:42 AM MST","","","False","","#21a2e0","","Satvik Jain","","","","CRR","","0 Submitted, 0 Open, 0 Fixed, 1 Closed, 0 Blocked","1","0","0","1","","","","False","","Accepted","False","","07/27/2025 09:09 PM MST","","","E1","08/03/2025 10:23 PM MST","10/16/2025 10:01 AM MST","","","","Feature F716853: CRR - Sandbox Simulation submission & Version-Rollback Process","False","AXP PI 25.3","","","","20.0","0 Defined, 0 In-Progress, 1 Completed, 0 Blocked","0 None Run, 0 Blocked, 0 Error, 0 Fail, 0 Inconclusive, 1 Pass","0.0","1",""
"US5949746","Integration Testing with E2 DB","","Feature F716868: CRR - User-friendly UI for CRR framework configuration","0","2.0","Accepted","AXP 25.3.14","AS A Compliance Analyst/Manager I WANT TO complete Integration Testing with E2 DB    ","Integration Testing ","Satvik Jain","E_SLPM_ST15_CRR Rule Configuration","07/21/2025 09:51 PM MST","08/04/2025 04:19 AM MST","","","False","","#21a2e0","","Satvik Jain","","","","CRR","","0 Submitted, 0 Open, 0 Fixed, 0 Closed, 0 Blocked","0","0","0","0","","","","False","","Accepted","False","","07/23/2025 09:51 PM MST","","","","","10/16/2025 10:01 AM MST","","","","Feature F716868: CRR - User-friendly UI for CRR framework configuration","False","AXP PI 25.3","","","","10.0","0 Defined, 0 In-Progress, 1 Completed, 0 Blocked","0 None Run, 0 Blocked, 0 Error, 0 Fail, 0 Inconclusive, 0 Pass","0.0","0",""
"US5821898","Enable Dynamic UI for Data Point Expansion","","Feature F716868: CRR - User-friendly UI for CRR framework configuration","2","1.0","Accepted","AXP 25.3.14","AS A Compliance Analyst/Manager I WANT TO design UI components to support future data point additions SO THAT new Risk configuration elements can be visualized without breaking layout Increase width of fields on risk rule datapoint operator value screen equally to avoid vertical layout shift in name of longer datapoints - Add/Edit risk rule see screenshot ","GIVEN a new data attribute is added to Risk Rules WHEN the UI loads THEN it renders without distortion or logic error","Satvik Jain","E_SLPM_ST15_CRR Rule Configuration","05/28/2025 12:41 PM MST","08/04/2025 04:42 AM MST","","","False","","#21a2e0","","Satvik Jain","","","","CRR","","0 Submitted, 0 Open, 0 Fixed, 0 Closed, 0 Blocked","0","0","0","1","","","","False","","Accepted","False","","07/27/2025 09:09 PM MST","","","E1","08/03/2025 10:23 PM MST","10/16/2025 10:01 AM MST","","","","Feature F716868: CRR - User-friendly UI for CRR framework configuration","False","AXP PI 25.3","","","","18.0","0 Defined, 0 In-Progress, 1 Completed, 0 Blocked","0 None Run, 0 Blocked, 0 Error, 0 Fail, 0 Inconclusive, 1 Pass","0.0","1",""
"US5929982","Perform sanity and retesting of defects","","Feature F716868: CRR - User-friendly UI for CRR framework configuration","0","2.0","Accepted","AXP 25.3.14","AS A Compliance Analyst/Manager I WANT TO design UI components to support future data point additions SO THAT new Risk configuration elements can be visualized without breaking layout Increase width of fields on risk rule datapoint operator value screen equally to avoid vertical layout shift in name of longer datapoints - Add/Edit risk rule see screenshot ","GIVEN a new data attribute is added to Risk Rules WHEN the UI loads THEN it renders without distortion or logic error","Satvik Jain","E_SLPM_ST15_CRR Rule Configuration","07/09/2025 10:37 PM MST","08/04/2025 09:50 PM MST","","","False","","#21a2e0","","Satvik Jain","","","","CRR","","0 Submitted, 0 Open, 0 Fixed, 0 Closed, 0 Blocked","0","0","0","0","","","","False","","Accepted","False","","07/22/2025 12:48 AM MST","","","","","10/16/2025 10:01 AM MST","","","","Feature F716868: CRR - User-friendly UI for CRR framework configuration","False","AXP PI 25.3","","","","36.0","0 Defined, 0 In-Progress, 3 Completed, 0 Blocked","0 None Run, 0 Blocked, 0 Error, 0 Fail, 0 Inconclusive, 0 Pass","0.0","0",""
"US5949697","API Automation implementation and framework optimisation","","Feature F716868: CRR - User-friendly UI for CRR framework configuration","0","3.0","Accepted","AXP 25.3.14","AS A Compliance Analyst/Manager I WANT TO design UI components to support future data point additions SO THAT new Risk configuration elements can be visualized without breaking layout Increase width of fields on risk rule datapoint operator value screen equally to avoid vertical layout shift in name of longer datapoints - Add/Edit risk rule see screenshot ","GIVEN a new data attribute is added to Risk Rules WHEN the UI loads THEN it renders without distortion or logic error","Satvik Jain","E_SLPM_ST15_CRR Rule Configuration","07/21/2025 09:33 PM MST","08/04/2025 04:19 AM MST","","","False","","#21a2e0","","Satvik Jain","","","","CRR","","0 Submitted, 0 Open, 0 Fixed, 0 Closed, 0 Blocked","0","0","0","0","","","","False","","Accepted","False","","07/22/2025 01:37 PM MST","","","","","10/16/2025 10:01 AM MST","","","","Feature F716868: CRR - User-friendly UI for CRR framework configuration","False","AXP PI 25.3","","","","48.0","0 Defined, 0 In-Progress, 2 Completed, 0 Blocked","0 None Run, 0 Blocked, 0 Error, 0 Fail, 0 Inconclusive, 0 Pass","0.0","0",""
"US5949701","Test Automation CRR features","","Feature F716868: CRR - User-friendly UI for CRR framework configuration","0","2.0","Accepted","AXP 25.3.14","AS A Compliance Analyst/Manager I WANT TO design UI components to support future data point additions SO THAT new Risk configuration elements can be visualized without breaking layout Increase width of fields on risk rule datapoint operator value screen equally to avoid vertical layout shift in name of longer datapoints - Add/Edit risk rule see screenshot ","GIVEN a new data attribute is added to Risk Rules WHEN the UI loads THEN it renders without distortion or logic error","Satvik Jain","E_SLPM_ST15_CRR Rule Configuration","07/21/2025 09:33 PM MST","08/04/2025 09:51 PM MST","","","False","","#21a2e0","","Satvik Jain","","","","CRR","","0 Submitted, 0 Open, 0 Fixed, 0 Closed, 0 Blocked","0","0","0","1","","","","False","","Accepted","False","","07/30/2025 09:24 PM MST","","","E2","08/01/2025 03:28 AM MST","10/16/2025 10:01 AM MST","","","","Feature F716868: CRR - User-friendly UI for CRR framework configuration","False","AXP PI 25.3","","","","24.0","0 Defined, 0 In-Progress, 2 Completed, 0 Blocked","0 None Run, 0 Blocked, 0 Error, 0 Fail, 0 Inconclusive, 1 Pass","0.0","1",""
"US5821897","Implement Error State Indicators in CRR UI","","Feature F716868: CRR - User-friendly UI for CRR framework configuration","1","1.0","Accepted","AXP 25.3.11","AS A Compliance Analyst/Manager I WANT TO receive clear, styled error prompts SO THAT I can quickly fix misconfigurationsValidation messages should be one below the other - Add new risk assessmentBackend Error messages should be consistent - See Figma link belowhttps://www.figma.com/design/ej5fTjN0D2CQJFWaZtwj3H/CRR-Option2?node-id=3873-50869&t=F4oIxdmK2foBhe0L-0  ","GIVEN a form field is incorrectly filled WHEN I attempt to save THEN a red-highlighted error is shown with specific guidance","Satvik Jain","E_SLPM_ST15_CRR Rule Configuration","05/28/2025 12:41 PM MST","06/23/2025 07:22 PM MST","","","False","","#21a2e0","","Satvik Jain","","","","CRR","","0 Submitted, 0 Open, 0 Fixed, 0 Closed, 0 Blocked","0","0","0","0","","","","False","","Accepted","False","","06/16/2025 09:18 PM MST","","","","","10/16/2025 10:01 AM MST","","","","Feature F716868: CRR - User-friendly UI for CRR framework configuration","False","AXP PI 25.3","","","","5.0","0 Defined, 0 In-Progress, 1 Completed, 0 Blocked","0 None Run, 0 Blocked, 0 Error, 0 Fail, 0 Inconclusive, 0 Pass","0.0","0",""
"US5821896","Display Clear Ghost States When No Data Is Available","","Feature F716868: CRR - User-friendly UI for CRR framework configuration","0","1.0","Accepted","AXP 25.3.11","AS A Compliance Analyst/Manager I WANT TO see a helpful ghost state message when configuration data is empty SO THAT I know why a table or module is blankAssessment Listing page in Sandbox & CRRCategory Listing Page in Sandbox & CRRElement Listing page in Sandbox & CRRRule Listing Page in Sandbox & CRRModification listing section inside Submit for simulation windowhttps://www.figma.com/proto/ej5fTjN0D2CQJFWaZtwj3H/CRR-Option2?page-id=3873%3A45442&node-id=3873-60525&viewport=184%2C-4825%2C0.18&t=9Tnu7aEeltT4OLPh-1&scaling=scale-down&content-scaling=fixed&starting-point-node-id=3873%3A48609 ","GIVEN a screen has no Risk Element or Risk Rule WHEN it renders THEN a styled ghost state message is shown","Satvik Jain","E_SLPM_ST15_CRR Rule Configuration","05/28/2025 12:41 PM MST","06/23/2025 06:53 PM MST","","","False","","#21a2e0","","Satvik Jain","","","","CRR","","0 Submitted, 0 Open, 0 Fixed, 0 Closed, 0 Blocked","0","0","0","0","","","","False","","Accepted","False","","06/16/2025 12:04 PM MST","","","","","10/16/2025 10:01 AM MST","","","","Feature F716868: CRR - User-friendly UI for CRR framework configuration","False","AXP PI 25.3","","","","15.0","0 Defined, 0 In-Progress, 1 Completed, 0 Blocked","0 None Run, 0 Blocked, 0 Error, 0 Fail, 0 Inconclusive, 0 Pass","0.0","0",""
"US5877530","History of Sandbox submissions - FE","","Feature F716853: CRR - Sandbox Simulation submission & Version-Rollback Process","0","2.0","Accepted","AXP 25.3.12","AS A Compliance Analyst/Manager, I WANT TO view a complete history of my sandbox submissions, cancellations, rollback and implementation including versionsSO THAT I can track changes over time during simulation and implementation processFigma Link : https://www.figma.com/design/ej5fTjN0D2CQJFWaZtwj3H/CRR-Option2?node-id=3873-45442&p=f&t=cGKjOaIFsVkSmMxd-0","GIVEN that the user is on the Simulation ModalWHEN he clicks on the History buttonTHEN a default record shows up in the History modal with details ECN, User name, Timestamp, Version, Status, Comments (Status - Sandbox, Comments - Default status, Version 1)GIVEN that the user is on the Simulation ModalWHEN he adds a Text message in the box and clicks on Submit buttonTHEN a record should be added in the History modal with details ECN, User name, Timestamp, Version, Status, Comments and the Note that he added in the text box should be captured in the comments(Status - In-Progress)GIVEN that the user is on the Simulation Modal WHEN he has typed in a note in the text box and clicks cancel simulationTHEN the note should be carried over to the text box in the cancellation modal and yes button should be enabledAND WHEN he has not typed in a note in the text box and clicks cancel simulationTHEN the note should be a mandatory field in the confirmation modal and the yes button should be disabled untill user adds a comment/note which should be taken into history after successful click of cancel simulation button GIVEN that the user is on the Simulation Modal and has typed in a note in the text box and clicks cancel simulationWHEN he clicks on the History buttonTHEN a new record shows up in the History modal with details ECN, User name, Timestamp, Version, Status, Comments (Status - Cancelled, Comments - <Whatever comment user has added while cancelling>)GIVEN that the user is on the Simulation Modal WHEN he has typed in a note in the text box and clicks implement buttonTHEN the note should be carried over as part of history in a new record AND WHEN he has not typed in a note in the text box and clicks implement, then a default note - """"Initial Implementation"""" should be addedTHEN a new record shows up in the History modal with details ECN, User name, Timestamp, Version, Status, Comments (Status - Implementing, Comments - <Whatever comment user has added while Implementing or Default """"Initial Implementation"""">)GIVEN that the user is on the Simulation Modal WHEN he has typed in a note in the text box and clicks create new version buttonTHEN the note should be carried over as a part of history in a new record and version should be updated to next versionAND WHEN he has not typed in a note in the text box and clicks create new version, then a default note - """"Version 2 created"""" should be addedTHEN a new record shows up in the History modal with details ECN, User name, Timestamp, Version, Status, Comments (Status - Sandbox, Comments - <Whatever comment user has added while Implementing or Default """"Version 2 created"""">)GIVEN that the user is on the Simulation Modal WHEN he has typed in a note in the text box and clicks rollback button on a previous versionTHEN the note should be carried over as a part of history in a new record and version should be updated to next versionAND WHEN he has not typed in a note in the text box and clicks create new version, then a default note - """"Version 3 created (Version 1 rolled back)"""" should be addedTHEN a new record shows up in the History modal with details ECN, User name, Timestamp, Version, Status, Comments (Status - Sandbox, Comments - <Whatever comment user has added while Implementing or Default """"Version 3 created (Version 1 rolled back)"""">)GIVEN that the user is on the Simulation Modal WHEN he has typed in a note in the text box and clicks Accept/Reject buttonTHEN the note should be carried over as part of history in a new record AND WHEN he has not typed in a note in the text box and clicks implement, then a default note - """"Pending Approval 1"""" should be addedTHEN a new record shows up in the History modal with details ECN, User name, Timestamp, Version, Status, Comments (Status - Pending approval - 1, Comments - <Whatever comment user has added while Implementing or Default """"Pending Approval 1"""">)GIVEN that the user is on the Simulation Modal WHEN he has typed in a note in the text box and clicks Accept/Reject buttonTHEN the note should be carried over as part of history in a new record AND WHEN he has not typed in a note in the text box and clicks implement, then a default note - """"Pending Approval 2"""" should be addedTHEN a new record shows up in the History modal with details ECN, User name, Timestamp, Version, Status, Comments (Status - Pending approval - 1, Comments - <Whatever comment user has added while Implementing or Default """"Pending Approval 2"""">)","Tahcin Ahmed","E_SLPM_ST15_CRR Rule Configuration","06/12/2025 08:54 AM MST","07/07/2025 07:16 AM MST","","","False","","#21a2e0","","Satvik Jain","","","","CRR","","0 Submitted, 0 Open, 0 Fixed, 0 Closed, 0 Blocked","0","0","0","0","","","","False","","Accepted","False","","06/26/2025 09:57 AM MST","","","","","10/16/2025 10:01 AM MST","","","","Feature F716853: CRR - Sandbox Simulation submission & Version-Rollback Process","False","AXP PI 25.3","","","","24.0","0 Defined, 0 In-Progress, 2 Completed, 0 Blocked","0 None Run, 0 Blocked, 0 Error, 0 Fail, 0 Inconclusive, 0 Pass","0.0","0",""
"US5838232","History of Sandbox submissions - BE","","Feature F716853: CRR - Sandbox Simulation submission & Version-Rollback Process","0","2.0","Accepted","AXP 25.3.12","AS A Compliance Analyst/Manager, I WANT TO view a complete history of my sandbox submissions, cancellations, rollback and implementation including versionsSO THAT I can track changes over time during simulation and implementation processFigma Link : https://www.figma.com/design/ej5fTjN0D2CQJFWaZtwj3H/CRR-Option2?node-id=3873-45442&p=f&t=cGKjOaIFsVkSmMxd-0   ","GIVEN that the user is on the Simulation ModalWHEN he clicks on the History buttonTHEN a default record shows up in the History modal with details ECN, User name, Timestamp, Version, Status, Comments (Status - Sandbox, Comments - Default status, Version 1)GIVEN that the user is on the Simulation ModalWHEN he adds a Text message in the box and clicks on Submit buttonTHEN a record should be added in the History modal with details ECN, User name, Timestamp, Version, Status, Comments and the Note that he added in the text box should be captured in the comments(Status - In-Progress)GIVEN that the user is on the Simulation Modal WHEN he has typed in a note in the text box and clicks cancel simulationTHEN the note should be carried over to the text box in the cancellation modal and yes button should be enabledAND WHEN he has not typed in a note in the text box and clicks cancel simulationTHEN the note should be a mandatory field in the confirmation modal and the yes button should be disabled untill user adds a comment/note which should be taken into history after successful click of cancel simulation button GIVEN that the user is on the Simulation Modal and has typed in a note in the text box and clicks cancel simulationWHEN he clicks on the History buttonTHEN a new record shows up in the History modal with details ECN, User name, Timestamp, Version, Status, Comments (Status - Cancelled, Comments - <Whatever comment user has added while cancelling>)GIVEN that the user is on the Simulation Modal WHEN he has typed in a note in the text box and clicks implement buttonTHEN the note should be carried over as part of history in a new record AND WHEN he has not typed in a note in the text box and clicks implement, then a default note - """"Initial Implementation"""" should be addedTHEN a new record shows up in the History modal with details ECN, User name, Timestamp, Version, Status, Comments (Status - Implementing, Comments - <Whatever comment user has added while Implementing or Default """"Initial Implementation"""">)GIVEN that the user is on the Simulation Modal WHEN he has typed in a note in the text box and clicks create new version buttonTHEN the note should be carried over as a part of history in a new record and version should be updated to next versionAND WHEN he has not typed in a note in the text box and clicks create new version, then a default note - """"Version 2 created"""" should be addedTHEN a new record shows up in the History modal with details ECN, User name, Timestamp, Version, Status, Comments (Status - Sandbox, Comments - <Whatever comment user has added while Implementing or Default """"Version 2 created"""">)GIVEN that the user is on the Simulation Modal WHEN he has typed in a note in the text box and clicks rollback button on a previous versionTHEN the note should be carried over as a part of history in a new record and version should be updated to next versionAND WHEN he has not typed in a note in the text box and clicks create new version, then a default note - """"Version 3 created (Version 1 rolled back)"""" should be addedTHEN a new record shows up in the History modal with details ECN, User name, Timestamp, Version, Status, Comments (Status - Sandbox, Comments - <Whatever comment user has added while Implementing or Default """"Version 3 created (Version 1 rolled back)"""">)GIVEN that the user is on the Simulation Modal WHEN he has typed in a note in the text box and clicks Accept/Reject buttonTHEN the note should be carried over as part of history in a new record AND WHEN he has not typed in a note in the text box and clicks implement, then a default note - """"Pending Approval 1"""" should be addedTHEN a new record shows up in the History modal with details ECN, User name, Timestamp, Version, Status, Comments (Status - Pending approval - 1, Comments - <Whatever comment user has added while Implementing or Default """"Pending Approval 1"""">)GIVEN that the user is on the Simulation Modal WHEN he has typed in a note in the text box and clicks Accept/Reject buttonTHEN the note should be carried over as part of history in a new record AND WHEN he has not typed in a note in the text box and clicks implement, then a default note - """"Pending Approval 2"""" should be addedTHEN a new record shows up in the History modal with details ECN, User name, Timestamp, Version, Status, Comments (Status - Pending approval - 1, Comments - <Whatever comment user has added while Implementing or Default """"Pending Approval 2"""">)","Tahcin Ahmed","E_SLPM_ST15_CRR Rule Configuration","06/02/2025 12:26 PM MST","07/07/2025 07:16 AM MST","","","False","","#21a2e0","","Satvik Jain","","","","CRR","","0 Submitted, 0 Open, 0 Fixed, 0 Closed, 0 Blocked","0","0","0","0","","","","False","","Accepted","False","","06/29/2025 09:28 PM MST","","","","","10/16/2025 10:01 AM MST","","","","Feature F716853: CRR - Sandbox Simulation submission & Version-Rollback Process","False","AXP PI 25.3","","","","20.0","0 Defined, 0 In-Progress, 1 Completed, 0 Blocked","0 None Run, 0 Blocked, 0 Error, 0 Fail, 0 Inconclusive, 0 Pass","0.0","0",""
"US5822147","Support Multi-User Concurrent Access and Updates to the CRR framework in the simulation screen real time","","Feature F761444: CRR - Displaying of modification in framework in Sandbox vs Production","1","3.0","Accepted","AXP 25.3.14","AS A Compliance Analyst/ManagerI WANT TO Not be able to Save/Modify/Delete any changes in the Risk Assessment when my teammate has already submitted the sandboxSO THAT updates are made only when the Sandbox is in the Editable stateAND I am able to refresh a sandbox when some changes are made by my teammate before I have submitted the sandbox.Non functional requirementsGIVEN the simulation screen is opened WHEN up to 100 changes exist THEN the load time does not exceed 3 seconds","GIVEN multiple users are working on the SandboxWHEN user 1 is on the simulation modal and user 2 is Saving/Modifying/Deleting the configuration and he has unsaved changesTHEN when user 2 is clicking the Save button after the simulation is submitted, then he is shown an error saying - """"Unable to save changes. Sandbox is in a non-editable state."""" GIVEN when user1 is on the simulation modalWHEN user 2 has finally saved/modified/deleted his changesTHEN user 1 is unable to submit the simulation with an error message - 'You have new changes in the assessment. Please refresh""""AND THEN a event is generated when a Risk Assessment is submitted for simulationAND THEN the modal opens with updated changes   ","Satvik Jain","E_SLPM_ST15_CRR Rule Configuration","05/28/2025 01:31 PM MST","08/04/2025 09:46 PM MST","","","False","","#21a2e0","","Satvik Jain","","","","CRR","","0 Submitted, 0 Open, 0 Fixed, 0 Closed, 0 Blocked","0","0","0","2","","","","False","","Accepted","False","","07/27/2025 09:19 PM MST","","","E1","08/04/2025 06:35 AM MST","10/16/2025 10:01 AM MST","","","","Feature F761444: CRR - Displaying of modification in framework in Sandbox vs Production","False","AXP PI 25.3","","","","60.0","0 Defined, 0 In-Progress, 2 Completed, 0 Blocked","0 None Run, 0 Blocked, 0 Error, 0 Fail, 0 Inconclusive, 2 Pass","0.0","2",""
"US5821899","Apply Formatting Rules to All Modal Dialog Prompts","","Feature F716868: CRR - User-friendly UI for CRR framework configuration","0","1.0","Accepted","AXP 25.3.11","AS A Compliance Analyst/ManagerI WANT TO see consistent language in modals SO THAT I can trust the system’s confirmations and warnings1. Modal size should be responsive but should not be stretched excessively2. Remove name of assessment from confirmation message after editing assessment - """"Risk Assessment was edited successfully.""""","GIVEN a modal is shown WHEN a destructive or confirmatory action is triggered THEN it follows message formatting rules","Satvik Jain","E_SLPM_ST15_CRR Rule Configuration","05/28/2025 12:41 PM MST","06/23/2025 06:54 PM MST","","","False","","#21a2e0","","Satvik Jain","","","","CRR","","0 Submitted, 0 Open, 0 Fixed, 0 Closed, 0 Blocked","0","0","0","0","","","","False","","Accepted","False","","06/16/2025 09:18 PM MST","","","","","10/16/2025 10:01 AM MST","","","","Feature F716868: CRR - User-friendly UI for CRR framework configuration","False","AXP PI 25.3","","","","8.0","0 Defined, 0 In-Progress, 1 Completed, 0 Blocked","0 None Run, 0 Blocked, 0 Error, 0 Fail, 0 Inconclusive, 0 Pass","0.0","0",""
"US5822142","Inform user of Changes getting lost while switching from Advanced to Basic view in rule editing window","","Feature F716868: CRR - User-friendly UI for CRR framework configuration","1","1.0","Accepted","AXP 25.3.14","AS A Compliance Analyst/ManagerI WANT TO be informed that my changes would be lost when I switch from Advanced View to Basic ViewSO THAT I can decide if I want to keep editing or I want to Discard custom rule condition and switch to basic viewFigma link - https://www.figma.com/design/ej5fTjN0D2CQJFWaZtwj3H/CRR-Option2?node-id=3873-106138&t=fVNwk86dIMepZxhI-0 ","GIVEN that the user has saved a rule in the Advanced viewWHEN he opens the rule by clicking edit rule and is switching to the basic viewTHEN he is shown a modal which asks him""""Discard custom rule condition? Switching to basic view will revert to default rule conditions""""""""Keep Editing"""", """"Switch & Discard""""GIVEN that user has switched into the Basic viewWHEN he clicks on the advanced view again before clicking the save buttonTHEN he sees all the conditions that were added during custom rule condition creationTHEN he is able to see the default interpreted logic """"1 AND 2 AND 3 AND 4""""GIVEN that the user has added some condition using the +/- buttonWHEN he types in the custom rule condition in the advanced viewTHEN the conditions used in the custom rule should exactly be the same in number as the conditions below.AND he should be shown an error otherwise - """"All rule conditions have not been used""""GIVEN that the user makes a change to the conditions added below using +/- button at any pointWHEN he switches to the Advanced viewTHEN he is able to see the interpreted logic query in the advanced viewGIVEN that user has decided to stay in advanced viewWHEN he clicks on the Keep Editing buttonTHEN he is taken back to advanced view rule editing screen ","Satvik Jain","E_SLPM_ST15_CRR Rule Configuration","05/28/2025 01:31 PM MST","08/04/2025 09:54 PM MST","","","False","","#21a2e0","","Satvik Jain","","","","CRR","","0 Submitted, 0 Open, 0 Fixed, 1 Closed, 0 Blocked","1","0","0","0","","","","False","","Accepted","False","","07/24/2025 02:01 PM MST","","","","","10/16/2025 10:01 AM MST","","","","Feature F716868: CRR - User-friendly UI for CRR framework configuration","False","AXP PI 25.3","","","","20.0","0 Defined, 0 In-Progress, 1 Completed, 0 Blocked","1 None Run, 0 Blocked, 0 Error, 0 Fail, 0 Inconclusive, 0 Pass","0.0","1",""
"US5838233","Cancel running Simulation","","Feature F716853: CRR - Sandbox Simulation submission & Version-Rollback Process","1","2.0","Accepted","AXP 25.3.11","AS A Compliance Analyst/ManagerI WANT TO cancel a running simulationSO THAT I can stop incorrect or unnecessary processing in time.Confirmation Modal - https://www.figma.com/design/ej5fTjN0D2CQJFWaZtwj3H/CRR-Option2?node-id=3873-52896&t=Ur5oVhzqXEUEpneI-0 Cancellation screen - https://www.figma.com/design/ej5fTjN0D2CQJFWaZtwj3H/CRR-Option2?node-id=3873-52703&t=Ur5oVhzqXEUEpneI-0   ","GIVEN a simulation is in 'Sandbox Testing In-Progress"""" status WHEN the user clicks """"Cancel simulation' THEN a confirmation message pops up - """"Are you sure you want to cancel this simulation?""""AND user has to provide a justification why he wants to cancel in a text boxAND user selects from two options - Yes, NoAND WHEN user selects YesTHEN the simulation is terminated and marked as 'Cancelled'  GIVEN a cancelled simulation WHEN the user views History THEN the cancelled entry is shown with timestamp and status","Tahcin Ahmed","E_SLPM_ST15_CRR Rule Configuration","06/02/2025 12:26 PM MST","06/23/2025 09:34 PM MST","","","False","","#21a2e0","","Satvik Jain","","","","CRR","","0 Submitted, 0 Open, 0 Fixed, 0 Closed, 0 Blocked","0","0","0","0","","","","False","","Accepted","False","","06/11/2025 09:29 PM MST","","","","","10/16/2025 10:01 AM MST","","","","Feature F716853: CRR - Sandbox Simulation submission & Version-Rollback Process","False","AXP PI 25.3","","","","30.0","0 Defined, 0 In-Progress, 2 Completed, 0 Blocked","0 None Run, 0 Blocked, 0 Error, 0 Fail, 0 Inconclusive, 0 Pass","0.0","0",""
"US5929953","Connecting Hydra Service to Memory Store","","Feature F716869: CRR - Enabler - Asset Manager for List Management (POC)","0","2.0","Accepted","AXP 25.3.14","AS A Compliance Analyst/ManagerI WANT TO connect Hydra service to memory storeSO that I am able to use it for Asset manager ","Connect Hydra Service to Memory Store","Satvik Jain","E_SLPM_ST15_CRR Rule Configuration","07/09/2025 10:07 PM MST","08/04/2025 04:18 AM MST","","","False","","#21a2e0","","Satvik Jain","","","","CRR","","0 Submitted, 0 Open, 0 Fixed, 0 Closed, 0 Blocked","0","0","0","0","","","","False","","Accepted","False","","07/27/2025 09:32 PM MST","","","","","10/16/2025 10:01 AM MST","","","","Feature F716869: CRR - Enabler - Asset Manager for List Management (POC)","False","AXP PI 25.3","","","","40.0","0 Defined, 0 In-Progress, 2 Completed, 0 Blocked","0 None Run, 0 Blocked, 0 Error, 0 Fail, 0 Inconclusive, 0 Pass","0.0","0",""
"US5821750","Create Database schema for asset manager","","Feature F716868: CRR - User-friendly UI for CRR framework configuration","0","1.0","Accepted","AXP 25.3.15 IP","AS A Compliance Analyst/ManagerI WANT TO create a scalable, normalized database schema for storing Centralized ListsSO THAT assets and their changes can be safely stored, versioned if needed, and audited effectivelyAND SO THAT assets can be updated across multiple assessments, multiple rules from a centralized locationAND SO THAT a change in an asset can be identified as a change in the rules and hence change in Risk scoring. ","GIVEN the asset type is Centralized listsWHEN the DB schema is createdTHEN it must include tables for asset metadata, sandbox vs production states, and audit historyAND support tagging and classification of Centralized ListsAND support linkage to CRR rule dependenciesAND support identification of markets and rules affected by Asset manager changeAND support Sandbox and simulation run when updates happen on Centralized listsAnd support merging to production in all possible scenariosAND be reviewed with the architecture and platform team to ensure compliance with data models","Satvik Jain","E_SLPM_ST15_CRR Rule Configuration","05/28/2025 12:12 PM MST","08/18/2025 08:33 PM MST","","","False","","#21a2e0","","Satvik Jain","","","","CRR","","0 Submitted, 0 Open, 0 Fixed, 0 Closed, 0 Blocked","0","0","0","0","","","","False","","Accepted","False","","08/06/2025 04:34 AM MST","","","","","10/16/2025 10:01 AM MST","","","","Feature F716868: CRR - User-friendly UI for CRR framework configuration","False","AXP PI 25.3","","","","10.0","0 Defined, 0 In-Progress, 1 Completed, 0 Blocked","0 None Run, 0 Blocked, 0 Error, 0 Fail, 0 Inconclusive, 0 Pass","0.0","0",""
"US5929962","Connecting Hydra Service to BigQuery","","Feature F716869: CRR - Enabler - Asset Manager for List Management (POC)","0","2.0","Accepted","AXP 25.3.14","AS A Compliance Analyst/ManagerI WANT TO explore use cases for Memory storySO that I am able to build CRR efficiently ","Explore use cases for Memory Store","Satvik Jain","E_SLPM_ST15_CRR Rule Configuration","07/09/2025 10:10 PM MST","08/04/2025 04:18 AM MST","","","False","","#21a2e0","","Satvik Jain","","","","CRR","","0 Submitted, 0 Open, 0 Fixed, 0 Closed, 0 Blocked","0","0","0","0","","","","False","","Accepted","False","","07/27/2025 09:32 PM MST","","","","","10/16/2025 10:01 AM MST","","","","Feature F716869: CRR - Enabler - Asset Manager for List Management (POC)","False","AXP PI 25.3","","","","20.0","0 Defined, 0 In-Progress, 1 Completed, 0 Blocked","0 None Run, 0 Blocked, 0 Error, 0 Fail, 0 Inconclusive, 0 Pass","0.0","0",""
"US5939446","Explore use cases for Memory Store","","Feature F716869: CRR - Enabler - Asset Manager for List Management (POC)","1","3.0","Accepted","AXP 25.3.14","AS A Compliance Analyst/ManagerI WANT TO explore use cases for Memory storySO that I am able to build CRR efficiently ","Explore use cases for Memory Store","Satvik Jain","E_SLPM_ST15_CRR Rule Configuration","07/17/2025 12:17 AM MST","08/04/2025 09:54 PM MST","","","False","","#21a2e0","","Satvik Jain","","","","CRR","","0 Submitted, 0 Open, 0 Fixed, 0 Closed, 0 Blocked","0","0","0","0","","","","False","","Accepted","False","","07/29/2025 02:52 PM MST","","","","","10/16/2025 10:01 AM MST","","","","Feature F716869: CRR - Enabler - Asset Manager for List Management (POC)","False","AXP PI 25.3","","","","10.0","0 Defined, 0 In-Progress, 1 Completed, 0 Blocked","0 None Run, 0 Blocked, 0 Error, 0 Fail, 0 Inconclusive, 0 Pass","0.0","0",""
"US5838230","Roll-back of sandbox to a previous version","","Feature F716853: CRR - Sandbox Simulation submission & Version-Rollback Process","1","2.0","Accepted","AXP 25.3.11","AS A Compliance Analyst/ManagerI WANT TO restore a previously submitted versionSO THAT I can revert risk configuration to a previous state submitted before. Figma Link - https://www.figma.com/design/ej5fTjN0D2CQJFWaZtwj3H/CRR-Option2?node-id=3873-52967&t=Ur5oVhzqXEUEpneI-0 Rollback - https://www.figma.com/design/ej5fTjN0D2CQJFWaZtwj3H/CRR-Option2?node-id=3558-242659&t=aDnUyuTCO1OBKbJq-0Modal for confirmation - https://www.figma.com/design/ej5fTjN0D2CQJFWaZtwj3H/CRR-Option2?node-id=3650-43668&t=aDnUyuTCO1OBKbJq-0 Modal for success message - https://www.figma.com/design/ej5fTjN0D2CQJFWaZtwj3H/CRR-Option2?node-id=3650-44371&t=aDnUyuTCO1OBKbJq-0  Out of ScopeRisk Thresholds are out of scope for this featureShowing modifications made compared to production is part of a separate featureHistory button UI is out of scope, but need preparation for future integration with frontend","GIVEN that the sandbox simulation is completed, and Status has changed to """"SANDBOX TESTING COMPLETED"""" in the backendWHEN the simulation modal opens after the sandbox simulation completionTHEN user should have an option to see the HistoryAND the user should have an option to Create New VersionAND the user should have an option to View ResultsAND the user should have an option to ImplementAND they should be able to see the Name of the Risk AssessmentAND they should be able to see the Status of the Sandbox (Sandbox in UI after completion)AND the sandbox status should be properly color codedAND they should be able to see the Last Updated DateAND they should be able to see the full timestamp (mm/dd/yyyy hh:mm:ss) in the tooltip of this Last Updated Date GIVEN that the user has observed the results by clicking on the View results optionWHEN he is not satisfied with the result and wants to create a new version and start from the current state (say Version 2 is current state)THEN he should be able to click on Create New VersionAND he should be able to see a confirmation message - """"Are you sure you want to create a new version?"""" Options - Create New Version, CancelAND he should be able to get a success message - """"New Version was created successfully. Return to Sandbox""""AND he should be able to enable editing of Sandbox again from a new version - Version 3 with same configuration as version 2 GIVEN that the user has observed the results by clicking on the View results optionWHEN he is not satisfied with the result and wants to roll-back to a previous state of a version he submitted earlierTHEN he should be able to click on arrow buttons to navigate to the previous versionsAND he should be able to see the option to check History, View Results for the previous versions and Rollback to the previous versionAND he should be able to see a confirmation message - """"Are you sure you want to rollback to this version?"""" Options - Rollback, CancelAND he should be able to get a success message - """"New Version was created successfully. Return to Sandbox""""AND he should be able to enable editing of Sandbox again from a new version - Version 3 with same configuration as version 1 GIVEN that the user has now successfully rolled back/created a new version of the sandboxWHEN he goes to the simulation screenTHEN he should be able to see the New version with the updated configurationTHEN he should be able to see the previous two versions along with the current version as version 3GIVEN that user has already created 10 versionsWHEN user is on version 10THEN Create New Version and Rollback CTA should be disabled with tooltip - """"Maximum version allowed is 10, please delete this Risk Assessment and create a new one""""GIVEN that the user creates a new version by clicking create new versionWHEN they decide to rollback to a previous versionTHEN the existing draft version should be replaced with the Rolled back configuration ","Tahcin Ahmed","E_SLPM_ST15_CRR Rule Configuration","06/02/2025 12:26 PM MST","06/23/2025 09:34 PM MST","","","False","","#21a2e0","","Satvik Jain","","","","CRR","","0 Submitted, 0 Open, 0 Fixed, 0 Closed, 0 Blocked","0","0","0","0","","","","False","","Accepted","False","","06/11/2025 09:29 PM MST","","","","","10/16/2025 10:01 AM MST","","","","Feature F716853: CRR - Sandbox Simulation submission & Version-Rollback Process","False","AXP PI 25.3","","","","30.0","0 Defined, 0 In-Progress, 2 Completed, 0 Blocked","0 None Run, 0 Blocked, 0 Error, 0 Fail, 0 Inconclusive, 0 Pass","0.0","0",""
"US5838229","Versioning of Sandbox and saving of configuration","","Feature F716853: CRR - Sandbox Simulation submission & Version-Rollback Process","1","3.0","Accepted","AXP 25.3.11","AS A Compliance Analyst/ManagerI WANT TO save my assessment configuration as a version upon submissionSO THAT I can track and reuse simulation results later.Figma linkBlank Placeholder link  - https://www.figma.com/design/ej5fTjN0D2CQJFWaZtwj3H/CRR-Option2?node-id=3873-60525&t=nXUM0pCnuayRaqtt-0Colour coding for Status - https://www.figma.com/design/ej5fTjN0D2CQJFWaZtwj3H/CRR-Option2?node-id=3866-45194&t=aDnUyuTCO1OBKbJq-4Out of ScopeRisk Thresholds are out of scope for this featureShowing modifications made compared to production is part of a separate featureHistory button UI is out of scope, but need preparation for future integration with frontend ","GIVEN that the user goes to the Risk category listing page and clicks on simulation buttonWHEN the simulation modal opensTHEN user should have an option to submit the simulationAND they should be able to see the Name of the risk assessmentAND they should be able to see the Status of the Sandbox (Sandbox by default)AND the sandbox status should be properly color codedAND they should be able to see the Last Updated DateAND they should be able to see the full timestamp (mm/dd/yyyy hh:mm:ss) in the tooltip of this Last Updated DateAND they should be able to see a History button, a Cancel button and a Submit button.AND they should be able to see a textbox to Add a comment for the sandbox changes GIVEN that the user has not made any changes into the SandboxWHEN he lands on the simulation screenTHEN he should be able to see a blank placeholder with message - """"No change was made to the Risk configuration"""" THEN the submit button is disabled for meAND the cancel button takes him back to the category listing screenAND the History button shows him a modal with only one default record (Default comment - Default Status)GIVEN that the user has made some changes compared to productionWHEN he opens the simulation modal by clicking on the simulation buttonTHEN he is able to submit a simulation by clicking on the submit buttonAND he is asked for a confirmation - """"Are you sure you want to submit this Risk Assessment for simulation?""""AND he is able to confirm by clicking """"Submit"""" and go back to the previous modal by clicking """"Cancel""""AND he is able to then receive a success message - """"Risk Assessment was submitted for simulation. Return to the Sandbox"""" with a linkAND he is able to successfully submit a sandbox, with change in status of the sandbox to In-Progress in the BackendAND the configuration of the sandbox at the time of submission is saved in a new version (Version 1 on first time submission) with details - ECN, User Name, Timestamp, Status, CommentsAND the editing of configuration is restricted/disabled till the sandbox simulation is completed.GIVEN that the user has decided to resubmit a new version of the SandboxWHEN the user clicks on the submit button again on a new versionTHEN the configuration of the sandbox at the time of submission is saved in the new version (Version 2 this time on re-submission) with details - ECN, User Name, Timestamp, Status, CommentsAND the current version after the sandbox resubmission completion should be changed to Version 2AND the editing of configuration is restricted/disabled till the sandbox simulation is completed. GIVEN that the user now wants to check the status of the sandbox after submissionWHEN he clicks on the simulation button after submissionTHEN he is able to see a screen where the Status of the sandbox has changed to In-ProgressAND the view results button is disabled till the time the simulation results are completedAND the cancel simulation button is present to trigger the simulation cancellation workflowAND the History button shows a newly added record with details ECN, User Name, Timestamp, Comments and status - """"Submitted Version 1""""AND the editing of configuration is restricted/disabled till the sandbox simulation is completed.","Tahcin Ahmed","E_SLPM_ST15_CRR Rule Configuration","06/02/2025 12:26 PM MST","06/23/2025 09:34 PM MST","","","False","","#21a2e0","","Satvik Jain","","","","CRR","","0 Submitted, 0 Open, 0 Fixed, 0 Closed, 0 Blocked","0","0","0","0","","","","False","","Accepted","False","","06/09/2025 09:33 PM MST","","","","","10/16/2025 10:01 AM MST","","","","Feature F716853: CRR - Sandbox Simulation submission & Version-Rollback Process","False","AXP PI 25.3","","","","30.0","0 Defined, 0 In-Progress, 2 Completed, 0 Blocked","0 None Run, 0 Blocked, 0 Error, 0 Fail, 0 Inconclusive, 0 Pass","0.0","0",""
"US5838231","Updating the status of the sandbox","","Feature F716853: CRR - Sandbox Simulation submission & Version-Rollback Process","0","2.0","Accepted","AXP 25.3.11","AS A Compliance Analyst/ManagerI WANT TO see the simulation progress status (e.g., Sandbox, In-Progress, Pending Approval 1, Pending Approval 2, Production, Rejected etc.)SO THAT I know the exact state of the Risk Assessment in both Frontend and Backend Sandbox Colour Coding - https://www.figma.com/design/ej5fTjN0D2CQJFWaZtwj3H/CRR-Option2?node-id=3866-45194&t=aDnUyuTCO1OBKbJq-0  ","GIVEN that the user has not yet submitted the Risk AssessmentWHEN the backend shows the status as """"Sandbox Draft""""THEN the UI should show the status """"Sandbox""""GIVEN that the user has submitted a simulation WHEN the backend marks it as """"Testing In-Progress""""THEN the UI should show a status change to """"In-Progress"""" GIVEN the simulation finishes WHEN the backend marks it as """"Sandbox Testing Completed""""THEN the UI should update the status to """"Sandbox"""" GIVEN the simulation is cancelledWHEN the backend marks it as """"Sandbox Testing Cancelled""""THEN the UI should update the status to """"Sandbox"""" GIVEN that the sandbox / risk assessment is deletedWHEN the backend shows the status as """"Sandbox Deleted""""THEN the record should be removed from the UI  ","Tahcin Ahmed","E_SLPM_ST15_CRR Rule Configuration","06/02/2025 12:26 PM MST","06/23/2025 09:34 PM MST","","","False","","#21a2e0","","Satvik Jain","","","","CRR","","0 Submitted, 0 Open, 0 Fixed, 0 Closed, 0 Blocked","0","0","0","0","","","","False","","Accepted","False","","06/13/2025 05:38 AM MST","","","","","10/16/2025 10:01 AM MST","","","","Feature F716853: CRR - Sandbox Simulation submission & Version-Rollback Process","False","AXP PI 25.3","","","","30.0","0 Defined, 0 In-Progress, 2 Completed, 0 Blocked","0 None Run, 0 Blocked, 0 Error, 0 Fail, 0 Inconclusive, 0 Pass","0.0","0",""
"US5819058","Integration with backend API","Acceptance Criteria to be refined","Feature F717289: CRR - Approval Process for CRR configuration Changes","0","1.0","Accepted","AXP 25.3.14","AS A Compliance Manager/Analyst, I WANT TO integrate the two-step approval workflow with the backend API so that it tracks a two-step approval process and the sandbox assessment changes can only be finalized after validation by the approvers. https://www.figma.com/design/ej5fTjN0D2CQJFWaZtwj3H/CRR-Option2?node-id=3873-52596&t=qVLm7WdYLaTmNU9J-0 ","GIVEN a sandbox configuration marked for production implementationWHEN the initiator submits the request for approvalTHEN the system must create a pending approval entry and log the initiator as either first or second approver (based on future action) GIVEN an approval request is pendingWHEN a second, distinct user approves the requestTHEN the backend must record both approvals and promote the sandbox configuration to production state, retaining audit trail of changes, approvers, and timestamps GIVEN an approval request has only one approverWHEN the same user attempts to approve again as the second approverTHEN the system must reject the action and return an error indicating a second unique approver is required GIVEN a pending approval requestWHEN either approver requests detailsTHEN the API must return simulation deltas, rule differences, and prior reviewer notes for visibility GIVEN the sandbox promotion has occurredWHEN an audit log is queriedTHEN the system must show full trace of submission, approvals, timestamps, user IDs, and final state","Tahcin Ahmed","E_SLPM_ST15_CRR Rule Configuration","05/28/2025 05:06 AM MST","08/04/2025 04:18 AM MST","","","False","","#21a2e0","","Tahcin Ahmed","","","","CRR","","0 Submitted, 0 Open, 0 Fixed, 0 Closed, 0 Blocked","0","0","0","1","","","","False","","Accepted","False","","07/29/2025 09:32 PM MST","","","E1","08/03/2025 10:22 PM MST","10/16/2025 10:01 AM MST","","","","Feature F717289: CRR - Approval Process for CRR configuration Changes","False","AXP PI 25.3","","","","5.0","0 Defined, 0 In-Progress, 1 Completed, 0 Blocked","0 None Run, 0 Blocked, 0 Error, 0 Fail, 0 Inconclusive, 1 Pass","0.0","1",""
"US5822146","Debugging and fixing slowness in APIs due to authentication","","Feature F716868: CRR - User-friendly UI for CRR framework configuration","0","2.0","Accepted","AXP 25.3.13","AS A Compliance analyst/ManagerI WANT TO ensure that the CRR framework UI loads quicklySO THAT my experience while using the CRR platform is smooth","GIVEN that the CRR configuration is usedWHEN the user visits and loads different screensTHEN there is no slowness or reduction in performance due to authentication","Satvik Jain","E_SLPM_ST15_CRR Rule Configuration","05/28/2025 01:31 PM MST","07/21/2025 08:29 AM MST","","","False","","#21a2e0","","Satvik Jain","","","","CRR","","0 Submitted, 0 Open, 0 Fixed, 0 Closed, 0 Blocked","0","0","0","0","","","","False","","Accepted","False","","07/06/2025 06:53 PM MST","","","","","10/16/2025 10:01 AM MST","","","","Feature F716868: CRR - User-friendly UI for CRR framework configuration","False","AXP PI 25.3","","","","60.0","0 Defined, 0 In-Progress, 2 Completed, 0 Blocked","0 None Run, 0 Blocked, 0 Error, 0 Fail, 0 Inconclusive, 0 Pass","0.0","0",""
"US5819198","Simulation Modal Submit button disablement","","Feature F717284: CRR - Ability to Modify Rules and Merge to production","1","3.0","Accepted","AXP 25.3.13","AS A Compliance analyst/ManagerI WANT the CRR System to onlu allow me to submit a simulation if there is no dangling configurationsSO THAT no incomplete changes are pushed into productionNote: Scenarios covered - Category without an Element and RuleElement without a Rule  Figma linkhttps://www.figma.com/design/ej5fTjN0D2CQJFWaZtwj3H/CRR-Option2?node-id=3873-52352&t=fVNwk86dIMepZxhI-0 ","GIVEN that the user tries to submit a sandbox by clicking the Simulation button which has a dangling configurationWHEN the user tries to click on the simulation buttonTHEN the submit button inside simulation screen is disabled with Tooltip message -Case 1 - No Risk Element Tooltip message - """"Missing Risk Element on Risk Category: Customer"""" Case 2 - No Risk RuleTooltip message - """"Missing Risk Rule on Risk Element: Actual Spend vs Income""""Case 3 - No Risk Category Tooltip message - """"No configuration exists"""" ","Satvik Jain","E_SLPM_ST15_CRR Rule Configuration","05/28/2025 05:50 AM MST","07/21/2025 02:51 AM MST","","","False","","#21a2e0","","Satvik Jain","","","","CRR","","0 Submitted, 0 Open, 0 Fixed, 0 Closed, 0 Blocked","0","0","0","0","","","","False","","Accepted","False","","07/15/2025 12:36 AM MST","","","","","10/16/2025 10:01 AM MST","","","","Feature F717284: CRR - Ability to Modify Rules and Merge to production","False","AXP PI 25.3","","","","30.0","0 Defined, 0 In-Progress, 2 Completed, 0 Blocked","0 None Run, 0 Blocked, 0 Error, 0 Fail, 0 Inconclusive, 0 Pass","0.0","0",""
"US5921770","UI changes as per new data model for Merge to Production","","Feature F717284: CRR - Ability to Modify Rules and Merge to production","0","2.0","Accepted","AXP 25.3.13","AS A Compliance analyst/ManagerI WANT the CRR System to onlu allow me to submit a simulation if there is no dangling configurationsSO THAT no incomplete changes are pushed into productionNote: Scenarios covered - Category without an Element and RuleElement without a Rule  Figma linkhttps://www.figma.com/design/ej5fTjN0D2CQJFWaZtwj3H/CRR-Option2?node-id=3873-52352&t=fVNwk86dIMepZxhI-0 ","GIVEN that the user tries to submit a sandbox by clicking the Simulation button which has a dangling configurationWHEN the user tries to click on the simulation buttonTHEN the submit button inside simulation screen is disabled with Tooltip message -Case 1 - No Risk Element Tooltip message - """"Missing Risk Element on Risk Category: Customer"""" Case 2 - No Risk RuleTooltip message - """"Missing Risk Rule on Risk Element: Actual Spend vs Income""""Case 3 - No Risk Category Tooltip message - """"No configuration exists"""" ","Satvik Jain","E_SLPM_ST15_CRR Rule Configuration","07/07/2025 09:27 PM MST","07/21/2025 09:36 PM MST","","","False","","#21a2e0","","Satvik Jain","","","","CRR","","0 Submitted, 0 Open, 0 Fixed, 0 Closed, 0 Blocked","0","0","0","0","","","","False","","Accepted","False","","07/16/2025 09:31 PM MST","","","","","10/16/2025 10:01 AM MST","","","","Feature F717284: CRR - Ability to Modify Rules and Merge to production","False","AXP PI 25.3","","","","20.0","0 Defined, 0 In-Progress, 1 Completed, 0 Blocked","1 None Run, 0 Blocked, 0 Error, 0 Fail, 0 Inconclusive, 0 Pass","0.0","1",""
"US5821749","Design System design flow for asset manager & sandbox for asset manager","","Feature F716869: CRR - Enabler - Asset Manager for List Management (POC)","0","3.0","Accepted","AXP 25.3.12","AS A Compliance analyst/managerI WANT TO design the system flow for the Asset Manager POCSO THAT all components including UI, backend services, validations, and sandbox-to-production pathways are logically defined and traceable ","GIVEN the need to manage Centralized Lists as assetsWHEN the system architecture is proposedTHEN it must outline each step from asset creation/edit to implementation into productionAND clearly define the sandbox lifecycle, validation points, audit triggers, and role-based accessAND include interaction flows between UI, middleware, and DB layersAND be reviewed with the CRR business and tech team for completeness and alignment","Satvik Jain","E_SLPM_ST15_CRR Rule Configuration","05/28/2025 12:12 PM MST","07/07/2025 07:16 AM MST","","","False","","#21a2e0","","Satvik Jain","","","","CRR","","0 Submitted, 0 Open, 0 Fixed, 0 Closed, 0 Blocked","0","0","0","0","","","","False","","Accepted","False","","06/29/2025 09:35 PM MST","","","","","10/16/2025 10:01 AM MST","","","","Feature F716869: CRR - Enabler - Asset Manager for List Management (POC)","False","AXP PI 25.3","","","","40.0","0 Defined, 0 In-Progress, 2 Completed, 0 Blocked","0 None Run, 0 Blocked, 0 Error, 0 Fail, 0 Inconclusive, 0 Pass","0.0","0",""
"US5821894","Standardize Confirmation and Success Messages","","Feature F716868: CRR - User-friendly UI for CRR framework configuration","0","1.0","Accepted","AXP 25.3.11","AS A Developer I WANT TO implement success and confirmation messages following defined formatting rules SO THAT messages are consistent and easy to understandUse Names - Risk Assessment, Risk Category, Risk Element, Risk Rule with Prefix Risk AlwaysR, A, C, E in Risk Assessment, Risk Category, Risk Element, Risk Rule in uppercaseUse """"was"""" instead of has been everywhere.Use words was added, was edited, was deletedQuestions followed by a question mark (?) and statements followed by a full stop (.)For example - Risk Assessment was added successfully.Risk Assessment was edited successfully.Risk Assessment was deleted successfully. Risk Category was added successfully.Risk Category was edited successfully.Risk Category was deleted successfully. Risk Element was added successfully.Risk Element was edited successfully.Risk Element was deleted successfully. Risk Rule was added successfully.Risk Rule was edited successfully.Risk Rule was deleted successfully. Discard changes? Closing this window will cancel any unsaved changes.Keep Editing, Close & DiscardAre you sure you want to delete this Risk Assessment?All related configuration would be lost. Are you sure you want to delete this Risk Category?All related configuration would be lost. Are you sure you want to delete this Risk Element?All related configuration would be lost. Are you sure you want to delete this Risk Rule?All related configuration would be lost. Are you sure you want to submit this Risk Assessment for simulation? User clicks """"Submit""""Risk Assessment was submitted for simulation. Standard backend error message - """"Unable to load changes. Please contact support.""""","GIVEN an action like add/edit/delete is completed WHEN a message appears THEN it follows the format: uses Risk prefix, capitalizes R/A/C/E, uses 'was', and correct punctuation","Satvik Jain","E_SLPM_ST15_CRR Rule Configuration","05/28/2025 12:41 PM MST","06/23/2025 06:52 PM MST","","","False","","#21a2e0","","Satvik Jain","","","","CRR","","0 Submitted, 0 Open, 0 Fixed, 0 Closed, 0 Blocked","0","0","0","0","","","","False","","Accepted","False","","06/09/2025 01:45 PM MST","","","","","10/16/2025 10:01 AM MST","","","","Feature F716868: CRR - User-friendly UI for CRR framework configuration","False","AXP PI 25.3","","","","10.0","0 Defined, 0 In-Progress, 1 Completed, 0 Blocked","0 None Run, 0 Blocked, 0 Error, 0 Fail, 0 Inconclusive, 0 Pass","0.0","0",""
"US5821902","Ensure Formatting Compliance for Tooltip Messages","","Feature F716868: CRR - User-friendly UI for CRR framework configuration","0","1.0","Accepted","AXP 25.3.11","AS A Developer I WANT TO implement tooltips that match formatting rules SO THAT users receive consistent inline help Tooltip timing should be optimized to not have more than 5 sec wait time for tooltip to appear, usual time 2 seconds - https://www.figma.com/design/ej5fTjN0D2CQJFWaZtwj3H/CRR-Option2?node-id=3873-46089&t=3nvqkeRHS51lk6y2-0https://www.figma.com/design/ej5fTjN0D2CQJFWaZtwj3H/CRR-Option2?node-id=3873-51625&t=3nvqkeRHS51lk6y2-0Tooltip on Description fields to be added - https://www.figma.com/design/ej5fTjN0D2CQJFWaZtwj3H/CRR-Option2?node-id=3873-52352&t=3nvqkeRHS51lk6y2-0","GIVEN a tooltip is displayed WHEN a user hovers on info icon THEN it follows Risk naming and sentence rules","Satvik Jain","E_SLPM_ST15_CRR Rule Configuration","05/28/2025 12:41 PM MST","06/23/2025 06:54 PM MST","","","False","","#21a2e0","","Satvik Jain","","","","CRR","","0 Submitted, 0 Open, 0 Fixed, 0 Closed, 0 Blocked","0","0","0","0","","","","False","","Accepted","False","","06/16/2025 09:15 PM MST","","","","","10/16/2025 10:01 AM MST","","","","Feature F716868: CRR - User-friendly UI for CRR framework configuration","False","AXP PI 25.3","","","","5.0","0 Defined, 0 In-Progress, 1 Completed, 0 Blocked","0 None Run, 0 Blocked, 0 Error, 0 Fail, 0 Inconclusive, 0 Pass","0.0","0",""
"US5819776","Render View-Only Screen for MCO Role","","Feature F717288: CRR - View only screen for MCO","0","1.0","Accepted","AXP 25.3.12","AS A Market Compliance Officer I WANT TO access the CRR module in GCIP in a view-only mode SO THAT I can review finalized risk configurations without the ability to make changesSO THAT I can view Risk thresholds configured for mapping of risk rating to risk score  Link - https://www.figma.com/design/ej5fTjN0D2CQJFWaZtwj3H/CRR-Option2?node-id=3873-54583&t=CVHb5Id5Si8iBeXF-0 Link - https://www.figma.com/design/ej5fTjN0D2CQJFWaZtwj3H/CRR-Option2?node-id=3873-60297&t=CVHb5Id5Si8iBeXF-0 Blank placeholders - https://www.figma.com/design/ej5fTjN0D2CQJFWaZtwj3H/CRR-Option2?node-id=3873-60525&t=CVHb5Id5Si8iBeXF-0 Out of ScopeAuthourization of screen to MCO user is out of scope","GIVEN the user is assigned the MCO role WHEN they access the CRR module THEN a view-only interface is renderedAND WHEN user clicks on Risk thresholdTHEN the user is able to view the thresholds configured GIVEN that no market configuration existsWHEN the MCO access the CRR moduleTHEN a blank screen placeholder is shown (For first time only when no configuration exists)Note: As per recent discussion with Tech, a sandbox should atleast have 1 category, 1 element and 1 rule to push a sandbox to production","Satvik Jain","E_SLPM_ST15_CRR Rule Configuration","05/28/2025 07:38 AM MST","07/07/2025 07:16 AM MST","","","False","","#21a2e0","","Satvik Jain","","","","CRR","","0 Submitted, 0 Open, 0 Fixed, 0 Closed, 0 Blocked","0","0","0","0","","","","False","","Accepted","False","","06/23/2025 07:50 PM MST","","","","","10/16/2025 10:01 AM MST","","","","Feature F717288: CRR - View only screen for MCO","False","AXP PI 25.3","","","","10.0","0 Defined, 0 In-Progress, 1 Completed, 0 Blocked","0 None Run, 0 Blocked, 0 Error, 0 Fail, 0 Inconclusive, 0 Pass","0.0","0",""
"US5819780","Enable Market-Based Filtering","","Feature F717288: CRR - View only screen for MCO","1","1.0","Accepted","AXP 25.3.12","AS A Market Compliance Officer I WANT TO filter CRR configurations by my assigned market SO THAT I only see relevant data for my scope Link - https://www.figma.com/design/ej5fTjN0D2CQJFWaZtwj3H/CRR-Option2?node-id=3873-54583&t=CVHb5Id5Si8iBeXF-0 Link - https://www.figma.com/design/ej5fTjN0D2CQJFWaZtwj3H/CRR-Option2?node-id=3873-60525&t=CVHb5Id5Si8iBeXF-0 OUT OF SCOPENote - Authorization of specific markets is not in scope for this feature right now","GIVEN multiple market configurations exist WHEN MCO selects a market from dropdown THEN only that market’s configurations are shown GIVEN no market configurations exist WHEN MCO selects a market from dropdown THEN blank screen placeholders are shown","Satvik Jain","E_SLPM_ST15_CRR Rule Configuration","05/28/2025 07:38 AM MST","07/07/2025 07:16 AM MST","","","False","","#21a2e0","","Satvik Jain","","","","CRR","","0 Submitted, 0 Open, 0 Fixed, 0 Closed, 0 Blocked","0","0","0","0","","","","False","","Accepted","False","","06/24/2025 12:42 PM MST","","","","","10/16/2025 10:01 AM MST","","","","Feature F717288: CRR - View only screen for MCO","False","AXP PI 25.3","","","","10.0","0 Defined, 0 In-Progress, 1 Completed, 0 Blocked","0 None Run, 0 Blocked, 0 Error, 0 Fail, 0 Inconclusive, 0 Pass","0.0","0",""
"US5819782","Filter Out Enterprise Rules When Toggle Is OFF","","Feature F717288: CRR - View only screen for MCO","0","1.0","Accepted","AXP 25.3.12","AS A Market Compliance Officer I WANT TO hide enterprise-wide rules when I disable the Enterprise toggle SO THAT I can focus on market-specific configurations Link - https://www.figma.com/design/ej5fTjN0D2CQJFWaZtwj3H/CRR-Option2?node-id=3873-54583&t=CVHb5Id5Si8iBeXF-0 Link - https://www.figma.com/design/ej5fTjN0D2CQJFWaZtwj3H/CRR-Option2?node-id=3873-60525&t=CVHb5Id5Si8iBeXF-0(Take reference from above component for blank screen placeholder) ","GIVEN the toggle is OFF WHEN rules are rendered THEN only market-specific rules and their components are shown GIVEN that there is no configuration that existsWHEN rules are renderedTHEN user should see a blank placeholder screen. ","Satvik Jain","E_SLPM_ST15_CRR Rule Configuration","05/28/2025 07:38 AM MST","07/07/2025 07:16 AM MST","","","False","","#21a2e0","","Satvik Jain","","","","CRR","","0 Submitted, 0 Open, 0 Fixed, 0 Closed, 0 Blocked","0","0","0","0","","","","False","","Accepted","False","","06/30/2025 03:49 PM MST","","","","","10/16/2025 10:01 AM MST","","","","Feature F717288: CRR - View only screen for MCO","False","AXP PI 25.3","","","","10.0","0 Defined, 0 In-Progress, 1 Completed, 0 Blocked","0 None Run, 0 Blocked, 0 Error, 0 Fail, 0 Inconclusive, 0 Pass","0.0","0",""
"US5819778","Display Finalized Risk Categories and Risk Elements to MCOs","","Feature F717288: CRR - View only screen for MCO","2","5.0","Accepted","AXP 25.3.11","AS A Market Compliance Officer I WANT TO see all production risk elements and categoriesSO THAT I can assess how risk factors are defined for my market Link - https://www.figma.com/design/ej5fTjN0D2CQJFWaZtwj3H/CRR-Option2?node-id=3873-54583&t=CVHb5Id5Si8iBeXF-0Link - https://www.figma.com/design/ej5fTjN0D2CQJFWaZtwj3H/CRR-Option2?node-id=3873-54639&t=CVHb5Id5Si8iBeXF-0 Link - https://www.figma.com/design/ej5fTjN0D2CQJFWaZtwj3H/CRR-Option2?node-id=3873-54709&t=CVHb5Id5Si8iBeXF-0 Link - https://www.figma.com/design/ej5fTjN0D2CQJFWaZtwj3H/CRR-Option2?node-id=3873-54768&t=CVHb5Id5Si8iBeXF-0   ","GIVEN finalized configurations exist in production WHEN the MCO views the screenTHEN all risk categories are visible in read-only mode THEN all risk elements are visible when user opens any category in read-only modeWHEN the MCO opens the info on risk categoryTHEN they are able to see the info in read only modeWHEN the MCO opens the info on risk elementTHEN they are able to see the info on risk element","Satvik Jain","E_SLPM_ST15_CRR Rule Configuration","05/28/2025 07:38 AM MST","06/23/2025 06:52 PM MST","","","False","","#21a2e0","","Satvik Jain","","","","CRR","","0 Submitted, 0 Open, 0 Fixed, 0 Closed, 0 Blocked","0","0","0","0","","","","False","","Accepted","False","","06/19/2025 05:10 AM MST","","","","","10/16/2025 10:01 AM MST","","","","Feature F717288: CRR - View only screen for MCO","False","AXP PI 25.3","","","","50.0","0 Defined, 0 In-Progress, 2 Completed, 0 Blocked","0 None Run, 0 Blocked, 0 Error, 0 Fail, 0 Inconclusive, 0 Pass","0.0","0",""
"US5819786","Display Metadata Fields in Read-Only","","Feature F717288: CRR - View only screen for MCO","1","1.0","Accepted","AXP 25.3.12","AS A Market Compliance Officer I WANT TO see associated metadata (e.g. Default multiplier, weighting, applicability) for rules and (Time-Based, Min/Max, Prohibited) for risk elements SO THAT I can assess detailed configuration values without editing them Figma for associated properties/metadata -https://www.figma.com/design/ej5fTjN0D2CQJFWaZtwj3H/CRR-Option2?node-id=3873-54253&t=t3b6mct2cFnRbtkl-0Columns for Risk Element Listing Screen - Name, Description, Prohibited, Min/Max, Time-Based, ActionsColumns for Rule Listing screen - Name, Description, Applicability, Default Multiplier, Weighting, ActionsNote: Default values for Applicability (All), Default Multiplier(0) and Weighting(0) should automatically be applied when first rule is created inside the risk element, later user will be able to update it through sandbox rule listing page settings button [TBD with Tech]Note: No settings button will be shown in CRR View only mode in the Rule listing page Figma screen for rule details - Basic Viewhttps://www.figma.com/design/ej5fTjN0D2CQJFWaZtwj3H/CRR-Option2?node-id=4198-90355&t=t3b6mct2cFnRbtkl-0 Advanced Viewhttps://www.figma.com/design/ej5fTjN0D2CQJFWaZtwj3H/CRR-Option2?node-id=4214-45658&t=t3b6mct2cFnRbtkl-0There should be lazy loading below Rule Details in Basic view and Custom rule condition in Advanced view","GIVEN the user is in CRR View-only modeWHEN they access the Risk Element Listing screenTHEN the system must display associated metadata (Prohibited, Min/Max Time-Based) in a non-editable formatGIVEN the user is in CRR View-only modeWHEN they access the Rule Listing screenTHEN the system must display associated metadata (Applicability, Default Multiplier, Weighting) in a non-editable format GIVEN a user creates a new rule in the sandboxWHEN the rule is saved for the first timeTHEN the system must automatically assign Default Multiplier as 0, Weighting as 0, and Applicability as “All” GIVEN the user opens the rule in Basic ViewWHEN the UI rendersTHEN only basic metadata and default rule conditions including rule multiplier must be visible with no edit controls GIVEN the user opens a rule in Advanced ViewWHEN the UI rendersTHEN the system must show full metadata including rule multiplier, custom rule conditions in a read-only format GIVEN the user scrolls or expands a rule in Basic or Advanced ViewWHEN additional data needs to loadTHEN the system must implement lazy loading to fetch and render content without blocking the interface GIVEN the user faces some loading time in rendering componentsWHEN additional data needs to loadTHEN the system shows a standard circular waiting screen for CRR","Satvik Jain","E_SLPM_ST15_CRR Rule Configuration","05/28/2025 07:38 AM MST","07/07/2025 07:16 AM MST","","","False","","#21a2e0","","Satvik Jain","","","","CRR","","0 Submitted, 0 Open, 0 Fixed, 0 Closed, 0 Blocked","0","0","0","0","","","","False","","Accepted","False","","07/03/2025 07:39 AM MST","","","","","10/16/2025 10:01 AM MST","","","","Feature F717288: CRR - View only screen for MCO","False","AXP PI 25.3","","","","10.0","0 Defined, 0 In-Progress, 1 Completed, 0 Blocked","0 None Run, 0 Blocked, 0 Error, 0 Fail, 0 Inconclusive, 0 Pass","0.0","0",""
"US5819779","Display Rules and Rule Sets in Read-Only Mode","","Feature F717288: CRR - View only screen for MCO","0","1.0","Accepted","AXP 25.3.12","AS A Market Compliance Officer I WANT TO see the rules and rule sets applied to my market SO THAT I can verify the risk scoring logic being enforced Figma - https://www.figma.com/design/ej5fTjN0D2CQJFWaZtwj3H/CRR-Option2?node-id=3873-55142&t=CVHb5Id5Si8iBeXF-0Figma link for column reference https://www.figma.com/design/ej5fTjN0D2CQJFWaZtwj3H/CRR-Option2?node-id=3873-54253&t=lBdsoEPDjbF42QEb-0   ","GIVEN production rules exist WHEN MCO accesses the CRR rule/ruleset listing screen THEN the rules and their settings are displayed without edit access   ","Satvik Jain","E_SLPM_ST15_CRR Rule Configuration","05/28/2025 07:38 AM MST","07/07/2025 07:16 AM MST","","","False","","#21a2e0","","Satvik Jain","","","","CRR","","0 Submitted, 0 Open, 0 Fixed, 0 Closed, 0 Blocked","0","0","0","0","","","","False","","Accepted","False","","06/30/2025 03:16 PM MST","","","","","10/16/2025 10:01 AM MST","","","","Feature F717288: CRR - View only screen for MCO","False","AXP PI 25.3","","","","10.0","0 Defined, 0 In-Progress, 1 Completed, 0 Blocked","0 None Run, 0 Blocked, 0 Error, 0 Fail, 0 Inconclusive, 0 Pass","0.0","0",""
"US5921747","Modification & changes of secondary dropdown in CRR View only page","","Feature F717288: CRR - View only screen for MCO","0","2.0","Accepted","AXP 25.3.13","AS A Market Compliance Officer I WANT TO see the rules and rule sets applied to my market SO THAT I can verify the risk scoring logic being enforced Figma - https://www.figma.com/design/ej5fTjN0D2CQJFWaZtwj3H/CRR-Option2?node-id=3873-55142&t=CVHb5Id5Si8iBeXF-0Figma link for column reference https://www.figma.com/design/ej5fTjN0D2CQJFWaZtwj3H/CRR-Option2?node-id=3873-54253&t=lBdsoEPDjbF42QEb-0   ","GIVEN production rules exist WHEN MCO accesses the CRR rule/ruleset listing screen THEN the rules and their settings are displayed without edit access   ","Satvik Jain","E_SLPM_ST15_CRR Rule Configuration","07/07/2025 09:23 PM MST","07/21/2025 09:36 PM MST","","","False","","#21a2e0","","Satvik Jain","","","","CRR","","0 Submitted, 0 Open, 0 Fixed, 0 Closed, 0 Blocked","0","0","0","0","","","","False","","Accepted","False","","07/08/2025 07:34 AM MST","","","","","10/16/2025 10:01 AM MST","","","","Feature F717288: CRR - View only screen for MCO","False","AXP PI 25.3","","","","20.0","0 Defined, 0 In-Progress, 1 Completed, 0 Blocked","0 None Run, 0 Blocked, 0 Error, 0 Fail, 0 Inconclusive, 0 Pass","0.0","0",""
"US5865127","Automate inline error messages for Risk Assessment","","Feature F716868: CRR - User-friendly UI for CRR framework configuration","0","2.0","Accepted","AXP 25.3.11","AS A QA, I want to Automate inline error messages for Risk Assessment","Automate inline error messages for Risk Assessment","Satvik Jain","E_SLPM_ST15_CRR Rule Configuration","06/09/2025 12:28 PM MST","06/23/2025 09:35 PM MST","","","False","","#21a2e0","","Satvik Jain","","","","CRR","","0 Submitted, 0 Open, 0 Fixed, 0 Closed, 0 Blocked","0","0","0","2","","","","False","","Accepted","False","","06/18/2025 02:51 AM MST","","","E2","10/26/2025 01:30 AM MST","10/26/2025 01:30 AM MST","","","","Feature F716868: CRR - User-friendly UI for CRR framework configuration","False","AXP PI 25.3","","","","12.0","0 Defined, 0 In-Progress, 1 Completed, 0 Blocked","0 None Run, 0 Blocked, 0 Error, 0 Fail, 0 Inconclusive, 2 Pass","0.0","2",""
"US5865087","Test and Automate Setting window","","Feature F716868: CRR - User-friendly UI for CRR framework configuration","0","2.0","Accepted","AXP 25.3.11","AS A QA, I want to Test and Automate Setting window","Test and Automate Setting window","Satvik Jain","E_SLPM_ST15_CRR Rule Configuration","06/09/2025 12:19 PM MST","06/23/2025 06:54 PM MST","","","False","","#21a2e0","","Satvik Jain","","","","CRR","","0 Submitted, 0 Open, 0 Fixed, 1 Closed, 0 Blocked","1","0","0","1","","","","False","","Accepted","False","","06/15/2025 09:03 PM MST","","","E2","09/11/2025 02:00 PM MST","10/16/2025 10:01 AM MST","","","","Feature F716868: CRR - User-friendly UI for CRR framework configuration","False","AXP PI 25.3","","","","18.0","0 Defined, 0 In-Progress, 1 Completed, 0 Blocked","0 None Run, 0 Blocked, 0 Error, 0 Fail, 0 Inconclusive, 1 Pass","0.0","1",""
"US5895744","Automate Duplication Inline Error Message for RA, RC, RE,","","Feature F716868: CRR - User-friendly UI for CRR framework configuration","0","3.0","Accepted","AXP 25.3.12","AS A QAI WANT TO Automate Duplication Inline Error Message for RA, RC, RESO THAT all issues related to this functionality are resolved"," Automate Duplication Inline Error Message for RA, RC, RE","Satvik Jain","E_SLPM_ST15_CRR Rule Configuration","06/23/2025 10:14 PM MST","07/07/2025 07:16 AM MST","","","False","","#21a2e0","","Satvik Jain","","","","CRR","","0 Submitted, 0 Open, 0 Fixed, 0 Closed, 0 Blocked","0","0","0","6","","","","False","","Accepted","False","","06/23/2025 11:28 PM MST","","","E2","08/11/2025 10:23 AM MST","10/16/2025 10:01 AM MST","","","","Feature F716868: CRR - User-friendly UI for CRR framework configuration","False","AXP PI 25.3","","","","36.0","0 Defined, 0 In-Progress, 3 Completed, 0 Blocked","0 None Run, 0 Blocked, 0 Error, 0 Fail, 0 Inconclusive, 6 Pass","0.0","6",""
"US5895746","Automation framework maintenance and optimisation","","Feature F716868: CRR - User-friendly UI for CRR framework configuration","0","2.0","Accepted","AXP 25.3.12","AS A QAI WANT TO Automation framework maintenance and optimisationSO THAT all issues related to this functionality are resolved","Automation framework maintenance and optimisation","Satvik Jain","E_SLPM_ST15_CRR Rule Configuration","06/23/2025 10:15 PM MST","07/07/2025 07:16 AM MST","","","False","","#21a2e0","","Satvik Jain","","","","CRR","","0 Submitted, 0 Open, 0 Fixed, 0 Closed, 0 Blocked","0","0","0","0","","","","False","","Accepted","False","","06/25/2025 09:31 PM MST","","","","","10/16/2025 10:01 AM MST","","","","Feature F716868: CRR - User-friendly UI for CRR framework configuration","False","AXP PI 25.3","","","","18.0","0 Defined, 0 In-Progress, 2 Completed, 0 Blocked","0 None Run, 0 Blocked, 0 Error, 0 Fail, 0 Inconclusive, 0 Pass","0.0","0",""
"US5895752","Test CRR RA-RR end to end functionalities","","Feature F716868: CRR - User-friendly UI for CRR framework configuration","0","3.0","Accepted","AXP 25.3.12","AS A QAI WANT TO Test Miscellaneous CRR functionalities and test end to end functionality for RA-RRSO THAT I can make sure code is bug free ","Test Miscellaneous CRR functionalities","Satvik Jain","E_SLPM_ST15_CRR Rule Configuration","06/23/2025 10:16 PM MST","07/07/2025 07:16 AM MST","","","False","","#21a2e0","","Satvik Jain","","","","CRR","","0 Submitted, 0 Open, 0 Fixed, 7 Closed, 0 Blocked","7","0","0","0","","","","False","","Accepted","False","","06/25/2025 09:31 PM MST","","","","","10/16/2025 10:01 AM MST","","","","Feature F716868: CRR - User-friendly UI for CRR framework configuration","False","AXP PI 25.3","","","","24.0","0 Defined, 0 In-Progress, 1 Completed, 0 Blocked","0 None Run, 0 Blocked, 0 Error, 0 Fail, 0 Inconclusive, 0 Pass","0.0","0",""
"US5895747","GHA Workflow Optimisation","","Feature F716868: CRR - User-friendly UI for CRR framework configuration","0","2.0","Accepted","AXP 25.3.12","AS A QAI WANT TO complete GHA Workflow OptimisationSO THAT GHA workflow helps us in future testing.","GHA Workflow Optimisation","Satvik Jain","E_SLPM_ST15_CRR Rule Configuration","06/23/2025 10:15 PM MST","07/07/2025 07:16 AM MST","","","False","","#21a2e0","","Satvik Jain","","","","CRR","","0 Submitted, 0 Open, 0 Fixed, 0 Closed, 0 Blocked","0","0","0","0","","","","False","","Accepted","False","","06/29/2025 08:57 PM MST","","","","","10/16/2025 10:01 AM MST","","","","Feature F716868: CRR - User-friendly UI for CRR framework configuration","False","AXP PI 25.3","","","","12.0","0 Defined, 0 In-Progress, 1 Completed, 0 Blocked","0 None Run, 0 Blocked, 0 Error, 0 Fail, 0 Inconclusive, 0 Pass","0.0","0",""
"US5895750","Perform sanity and retesting of defects","","Feature F716868: CRR - User-friendly UI for CRR framework configuration","0","2.0","Accepted","AXP 25.3.12","AS A QAI WANT TO do Perform sanity and retesting of defectsSO THAT defects once fixed are stablilised","Perform sanity and retesting of defects","Satvik Jain","E_SLPM_ST15_CRR Rule Configuration","06/23/2025 10:15 PM MST","07/07/2025 09:38 PM MST","","","False","","#21a2e0","","Satvik Jain","","","","CRR","","0 Submitted, 0 Open, 0 Fixed, 0 Closed, 0 Blocked","0","0","0","0","","","","False","","Accepted","False","","06/23/2025 10:46 PM MST","","","","","10/16/2025 10:01 AM MST","","","","Feature F716868: CRR - User-friendly UI for CRR framework configuration","False","AXP PI 25.3","","","","30.0","0 Defined, 0 In-Progress, 2 Completed, 0 Blocked","0 None Run, 0 Blocked, 0 Error, 0 Fail, 0 Inconclusive, 0 Pass","0.0","0",""
"US5819783","Hide Parent Components of Hidden Rules","","Feature F717288: CRR - View only screen for MCO","0","1.0","Accepted","AXP 25.3.12","AS A System I WANT TO automatically hide risk elements and categories associated only with enterprise rules SO THAT the interface only shows relevant market-specific components https://www.figma.com/design/ej5fTjN0D2CQJFWaZtwj3H/CRR-Option2?node-id=3873-54583&t=CVHb5Id5Si8iBeXF-0https://www.figma.com/design/ej5fTjN0D2CQJFWaZtwj3H/CRR-Option2?node-id=3873-60525&t=CVHb5Id5Si8iBeXF-0 ","GIVEN a rule belongs only to the enterprise scope WHEN the toggle is OFF THEN associated risk elements and categories are also hidden","Satvik Jain","E_SLPM_ST15_CRR Rule Configuration","05/28/2025 07:38 AM MST","07/07/2025 07:16 AM MST","","","False","","#21a2e0","","Satvik Jain","","","","CRR","","0 Submitted, 0 Open, 0 Fixed, 0 Closed, 0 Blocked","0","0","0","0","","","","False","","Accepted","False","","07/03/2025 07:39 AM MST","","","","","10/16/2025 10:01 AM MST","","","","Feature F717288: CRR - View only screen for MCO","False","AXP PI 25.3","","","","10.0","0 Defined, 0 In-Progress, 1 Completed, 0 Blocked","0 None Run, 0 Blocked, 0 Error, 0 Fail, 0 Inconclusive, 0 Pass","0.0","0",""
"US5819781","Default Enterprise Toggle to ON","","Feature F717288: CRR - View only screen for MCO","1","3.0","Accepted","AXP 25.3.11","AS A System I WANT TO default the Enterprise toggle to ON for MCOs SO THAT they can view both enterprise and market-specific rules by default https://www.figma.com/design/ej5fTjN0D2CQJFWaZtwj3H/CRR-Option2?node-id=3873-54583&t=CVHb5Id5Si8iBeXF-0 ","GIVEN the screen loads for MCO WHEN no action is taken THEN the Enterprise toggle is set to ON by defaultAND both Enterprise and Market Specific rules are visible by default  ","Satvik Jain","E_SLPM_ST15_CRR Rule Configuration","05/28/2025 07:38 AM MST","06/23/2025 06:52 PM MST","","","False","","#21a2e0","","Satvik Jain","","","","CRR","","0 Submitted, 0 Open, 0 Fixed, 0 Closed, 0 Blocked","0","0","0","0","","","","False","","Accepted","False","","06/10/2025 07:30 PM MST","","","","","10/16/2025 10:01 AM MST","","","","Feature F717288: CRR - View only screen for MCO","False","AXP PI 25.3","","","","40.0","0 Defined, 0 In-Progress, 3 Completed, 0 Blocked","0 None Run, 0 Blocked, 0 Error, 0 Fail, 0 Inconclusive, 0 Pass","0.0","0",""
"US5951518","Tech Architecture for CRR","eBnC Analysis an onboarding - https://enterprise-confluence.aexp.com/confluence/display/ARMC/eBnC+Onboarding+for+Balance+and+Control+on+DAM+Delta+events+processingDR Exception - EX-20250722-6860.V00: Inability to perform Diaster Recovery ExerciseCross Project Bigquery Access - https://jira.aexp.com/jira/browse/BDCM-95379Cloud SQL discussions on folder structure - Lumi team granted access to NGDM team to support our cloud sql instances basis their long engagement with CADENCE and CRR data modelingGCIP Test Automation Strategy - https://spaces.aexp.com/:w:/r/teams/SLPM/_layouts/15/Doc.aspx?sourcedoc=%7B7A6ECC5D-373E-4EC2-889F-15C6937D8EB1%7D&file=GCIP%20-%20Tech%20Test%20Strategy%202025.docx&wdLOR=c0E152CB9-AE4A-E844-98FF-8B82DC1A8E4C&action=default&mobileredirect=true  ","Feature F716868: CRR - User-friendly UI for CRR framework configuration","0","2.0","Accepted","AXP 25.3.14","AS A Tech Lead, I WANT TO provide guidance on Tech Architecture SO THAT the architecture is scalable & efficient    ","GIVEN that the team need to develop CRRWHEN they require guidance on architectureTHEN they are able to get support on the architecture.to make CRR more scalable and efficient.","Satvik Jain","E_SLPM_ST15_CRR Rule Configuration","07/22/2025 04:53 AM MST","08/04/2025 09:51 PM MST","","","False","","#21a2e0","","Satvik Jain","","","","CRR","","0 Submitted, 0 Open, 0 Fixed, 0 Closed, 0 Blocked","0","0","0","0","","","","False","","Accepted","False","","07/22/2025 11:27 PM MST","","","","","10/16/2025 10:01 AM MST","","","","Feature F716868: CRR - User-friendly UI for CRR framework configuration","False","AXP PI 25.3","","","","54.0","0 Defined, 0 In-Progress, 5 Completed, 0 Blocked","0 None Run, 0 Blocked, 0 Error, 0 Fail, 0 Inconclusive, 0 Pass","0.0","0",""
"US5873274","Tech Architecture for CRR","","Feature F716868: CRR - User-friendly UI for CRR framework configuration","0","3.0","Accepted","AXP 25.3.11","AS A Tech Lead, I want to support the team with guidance on Tech architecture","Support the team with guidance on Tech architecture","Satvik Jain","E_SLPM_ST15_CRR Rule Configuration","06/10/2025 09:37 PM MST","06/23/2025 09:37 PM MST","","","False","","#21a2e0","","Satvik Jain","","","","CRR","","0 Submitted, 0 Open, 0 Fixed, 0 Closed, 0 Blocked","0","0","0","0","","","","False","","Accepted","False","","06/22/2025 11:03 PM MST","","","","","10/16/2025 10:01 AM MST","","","","Feature F716868: CRR - User-friendly UI for CRR framework configuration","False","AXP PI 25.3","","","","45.0","0 Defined, 0 In-Progress, 3 Completed, 0 Blocked","0 None Run, 0 Blocked, 0 Error, 0 Fail, 0 Inconclusive, 0 Pass","0.0","0",""
"US5822149","Scroll above partition in the simulation screen","","Feature F761444: CRR - Displaying of modification in framework in Sandbox vs Production","0","3.0","Accepted","AXP 25.3.14","AS A User I WANT TO Scroll above the Partition (Above Reason Text Box) to always keep the buttons on the Simulation screen in the view","Given that user wants to scroll above the Partition, When they scroll, Then they always keep the buttons on the Simulation screen in the view","Satvik Jain","E_SLPM_ST15_CRR Rule Configuration","05/28/2025 01:31 PM MST","08/04/2025 04:18 AM MST","","","False","","#21a2e0","","Satvik Jain","","","","CRR","","0 Submitted, 0 Open, 0 Fixed, 1 Closed, 0 Blocked","1","0","0","1","","","","False","","Accepted","False","","07/25/2025 01:04 AM MST","","","E1","08/04/2025 06:38 AM MST","10/16/2025 10:01 AM MST","","","","Feature F761444: CRR - Displaying of modification in framework in Sandbox vs Production","False","AXP PI 25.3","","","","20.0","0 Defined, 0 In-Progress, 1 Completed, 0 Blocked","0 None Run, 0 Blocked, 0 Error, 0 Fail, 0 Inconclusive, 1 Pass","0.0","1",""
"US5821900","Standardize Header Texts Across CRR UI Modules","","Feature F716868: CRR - User-friendly UI for CRR framework configuration","0","1.0","Accepted","AXP 25.3.11","AS A User I WANT TO see uniform header text styles and labels across all CRR pages SO THAT the UI feels cohesive Add actions header on CRR Landing Page - https://www.figma.com/design/ej5fTjN0D2CQJFWaZtwj3H/CRR-Option2?node-id=3873-54583&t=D0dKh8wprbXAxS7V-0Actions Header on Category page - https://www.figma.com/design/ej5fTjN0D2CQJFWaZtwj3H/CRR-Option2?node-id=3873-51980&t=3nvqkeRHS51lk6y2-0Add actions Header for Risk Element listing Page - https://www.figma.com/design/ej5fTjN0D2CQJFWaZtwj3H/CRR-Option2?node-id=3873-54253&t=3nvqkeRHS51lk6y2-0 Actions header on risk rule page -  https://www.figma.com/design/ej5fTjN0D2CQJFWaZtwj3H/CRR-Option2?node-id=3873-54377&t=3nvqkeRHS51lk6y2-0","GIVEN I visit multiple configuration screens WHEN I check headers on Assessment, Category, Element, Rule listing pagesTHEN text formatting, font, and content are consistent and Actions header is consistentGIVEN I need to see the details of risk elementWHEN I visit risk element listing pageTHEN I should be able to see Prohibited, Min/Max, Time-Based Rules columnsGIVEN I need to see the details of rulesWHEN I visit rule listing pageTHEN I should be able to see Applicability, Default multiplier, Weighting columns","Satvik Jain","E_SLPM_ST15_CRR Rule Configuration","05/28/2025 12:41 PM MST","06/23/2025 06:54 PM MST","","","False","","#21a2e0","","Satvik Jain","","","","CRR","","0 Submitted, 0 Open, 0 Fixed, 0 Closed, 0 Blocked","0","0","0","0","","","","False","","Accepted","False","","06/11/2025 09:49 PM MST","","","","","10/16/2025 10:01 AM MST","","","","Feature F716868: CRR - User-friendly UI for CRR framework configuration","False","AXP PI 25.3","","","","10.0","0 Defined, 0 In-Progress, 1 Completed, 0 Blocked","0 None Run, 0 Blocked, 0 Error, 0 Fail, 0 Inconclusive, 0 Pass","0.0","0",""
"US5949998","Cancellation in Progress Screen","","Feature F716853: CRR - Sandbox Simulation submission & Version-Rollback Process","0","3.0","Accepted","AXP 25.3.14","AS A User I should be able to see the cancellation in Progress Window so that when cancellation is done, user is informed till the time cancellation is completed.Figma - https://www.figma.com/design/ej5fTjN0D2CQJFWaZtwj3H/CRR-Option2?node-id=3873-50869&t=yyGCEWNisGinaItD-0 ","GIVEN that the user has cancelled a simulation WHEN the cancellation is in progress THEN they should be informed in a Modal that Cancellation is in progressAND THEN they should not have any access to edit/delete a configuration till cancellation is completedAND THEN they should only be able to edit/delete the configuration once the cancellation is completed.","Satvik Jain","E_SLPM_ST15_CRR Rule Configuration","07/21/2025 10:55 PM MST","08/04/2025 04:42 AM MST","","","False","","#21a2e0","","Satvik Jain","","","","CRR","","0 Submitted, 0 Open, 0 Fixed, 0 Closed, 0 Blocked","0","0","0","1","","","","False","","Accepted","False","","07/23/2025 07:57 PM MST","","","E1","08/03/2025 10:19 PM MST","10/16/2025 10:01 AM MST","","","","Feature F716853: CRR - Sandbox Simulation submission & Version-Rollback Process","False","AXP PI 25.3","","","","17.0","0 Defined, 0 In-Progress, 1 Completed, 0 Blocked","0 None Run, 0 Blocked, 0 Error, 0 Fail, 0 Inconclusive, 1 Pass","0.0","1",""
"US6085626","CRR - Authorization -- Creation of Entitlements & attributes","By @Richa Gupta To @Satvik Jain @Suprana Sengupta Entitlement Matrix given in the userstory description is not well defined. Looks like some draft.I am creating separate entitlement for each tab so that access is not tightly coupled with role. User can be granted screenwise access and within screen access can be restricted at attribute levels - like Market, Edit, Download etc. AttributesAttribute DescriptionAttribute ValuesActionAction a user can takeEdit, Approve, ExportMarketMarket/CountryUS, CA etc. (complete list of market) ScreenEntitlement E1Entitlement E2Entitlement E3AttributesCRRGG-CRR-CRR-Rules-E1GG-CRR-CRR-Rules-E2GG-CRR-CRR-Rules-E3MarketSanbox GG-CRR-Sandbox-E1GG-CRR-Sandbox-E2GG-CRR-Sandbox-E3ActionAssetsGG-CRR-Assets-E1GG-CRR-Assets-E2GG-CRR-Assets-E3ActionFundamental AssessmentGG-CRR-Assets-E1GG-CRR-Assets-E2GG-CRR-Assets-E3ActionReportsGG-CRR-Reports-E1GG-CRR-Reports-E2GG-CRR-Reports-E3Market, ActionAlertsGG-CRR-Alerts-E1GG-CRR-Alerts-E2GG-CRR-Alerts-E3 NotificationsGG-CRR-Notifications-E1GG-CRR-Notifications-E2GG-CRR-Notifications-E3 ","Feature F717286: CRR - Authourization of CRR Capabilities - Analysis","0","3.0","Accepted","AXP 25.5.21","AS A User, I want to be able to create any entitlements followed by attributes, so that I can assign these to specific user personas to control access of CRR ScreenEntAttributes CRRCRR EntMktDefaultSanbox Sandbox EntEdit Assets Edit FA Edit Reports Mkt, download AlertCRR Ent  NotificationSandbox Ent  ApprovalApprovalEdit ","GIVEN that the user creates a persona WHEN the persona is for User Profile Manager, THEN the entitlements should be - To provide access to different users and also for creating entitlements and attributes WHEN the persona is for People Leader,THEN the entitlements should be on market level as below- 1. Access CRR Production2.    Centralized List (Production) - VIEW only access3.    Risk Distribution dashboard4.    CRR Change Request5.    CRR Reporting WHEN the persona is MLROs/MCOs, THEN the entitlements should be on market level as below:1. Access CRR Production2.    Centralized List (Production) - VIEW only access 3.    Sandbox - Configurations and Centralized Lists (View)4.    Risk Distribution dashboard5.    CRR Change Request6.    CRR Reporting7.    Downloading CRR Reports WHEN the persona is Visitor RoleTHEN the entitements should be on market level as below:View only Access to -- 1.    Access CRR Production2.    Centralized List (Production)3.    Sandbox - Configurations and Centralized Lists (View)4.    Sandbox - Configurations and Centralized Lists (Update)5.    Risk Distribution dashboard6.    CRR Change Request7.    CRR Reporting8.    Approve Sandbox WHEN the persona is Approver roleTHEN the entitlements should be as below:View only Access to -- 1.    Access CRR Production2.    Centralized List (Production)3.    Sandbox - Configurations and Centralized Lists (View)5.    Risk Distribution dashboard6.    CRR Change Request7.    CRR ReportingEdit Access to8.    Approve Sandbox4.    Sandbox - Configurations and Centralized Lists (Update) WHEN the persona is GFCC RMO,THEN entitlements should be at global level as below:1.    Access CRR Production2.    Centralized List (Production)3.    Sandbox - Configurations and Centralized Lists (View)4.    Sandbox - Configurations and Centralized Lists (Update)5.    Risk Distribution dashboard6.    CRR Change Request7.    CRR Reporting8.    Downloading CRR Reports The entitlements and attributes should be created as below: EntitlementsDetailsAttributesDefault entitlement (view can be default)CRR ProductionMarket Centralized listView/Edit Risk distribution dashboard  CRR Reporting Change Request EntitlementCRR Change RequestView/EditDownload CRR Report EntitlementsCRR Report downloadsMarketSandbox EntitlementSandboxMarket  View/Edit/ApproveFundamental AssessmentFundamental Assessment + OverridesView/Edit/Approve ","Suprana Sengupta","E_SLPM_ST15_CRR Rule Configuration","09/10/2025 03:50 AM MST","11/10/2025 07:39 AM MST","","","False","","#df1a7b","","Suprana Sengupta","","","","","","0 Submitted, 0 Open, 0 Fixed, 0 Closed, 0 Blocked","0","0","0","0","","","","False","","Accepted","False","","11/09/2025 09:41 PM MST","","","","","11/10/2025 07:39 AM MST","","","","Feature F717286: CRR - Authourization of CRR Capabilities - Analysis","False","AXP PI 25.5","","","","30.0","0 Defined, 0 In-Progress, 1 Completed, 0 Blocked","0 None Run, 0 Blocked, 0 Error, 0 Fail, 0 Inconclusive, 0 Pass","0.0","0",""
"US6088037","CRR- Fundamental Assessment Testing","Rule execution team needs to pick New scores in FA while running a sandboxSubmit/Implement flow for FA (Submit is E2E flow in future scope) ","Feature F774977: CRR - Sandbox Integration for Fundamental Assessment in E1/ E2","1","2.0","Defined","AXP 25.5.24","AS a Compliance Manager, I WANT to create Sandbox post changes to Fundamental Assessment scores to any risk attributeSO THAT I can evaluate the impact it has on my risk scoring ","GIVEN that the User has calculated a new FA score for one or more attributes at a risk categoryWHEN he goes to Sandbox environment and create a sandbox (enterprise or specific market level)THEN it should automatically pull any changes in FA scores (new score only) applicable to that sandbox that have been calculated but not implemented to productionOR if no FA score has been calculated but sandbox is created, pick the last updated score for the attributeAND THEN run the sandbox where the rules using the FA scores should reflect the new score (not implemented yet)AND THEN display the impact changes for the same ","Suprana Sengupta","E_SLPM_ST15_CRR Rule Configuration","09/11/2025 05:56 AM MST","","","","False","","#df1a7b","","Suprana Sengupta","","","","CRR","","0 Submitted, 0 Open, 0 Fixed, 0 Closed, 0 Blocked","0","0","0","0","","","","False","","Defined","False","","","","","","","10/26/2025 11:27 PM MST","","","","Feature F774977: CRR - Sandbox Integration for Fundamental Assessment in E1/ E2","False","AXP PI 25.5","","","","0.0","0 Defined, 0 In-Progress, 0 Completed, 0 Blocked","0 None Run, 0 Blocked, 0 Error, 0 Fail, 0 Inconclusive, 0 Pass","0.0","0",""
"US6088360","CRR - Centralized list -- Testing","","Feature F716838: CRR - Sandbox integration for Centralized Lists in E1/E2","1","1.0","In-Progress","AXP 25.5.23","AS a Compliance Manager, I WANT to create Sandbox post changes to any Assets used in rules and then push the changes to productionSO THAT I can evaluate the impact it has on my risk scoring before pushing to production","GIVEN that the User has created a new Asset WHEN he goes to the sandbox environmentTHEN he modifies the rule to use the new assetAND THEN he runs the sandbox with new asset/deleted assetAND THEN displays the impact changes for the sameAND THEN he can use submit button in sandbox to submit the changes to productionAND THEN in production the new asset version will be available for the applicable rule ","Suprana Sengupta","E_SLPM_ST15_CRR Rule Configuration","09/11/2025 07:44 AM MST","","","","False","","#df1a7b","","Suprana Sengupta","","","","","","0 Submitted, 0 Open, 0 Fixed, 0 Closed, 0 Blocked","0","0","0","0","","","","False","","In-Progress","False","","11/25/2025 09:19 PM MST","","","","","11/25/2025 09:19 PM MST","","","","Feature F716838: CRR - Sandbox integration for Centralized Lists in E1/E2","False","AXP PI 25.5","","","","18.0","0 Defined, 1 In-Progress, 0 Completed, 0 Blocked","0 None Run, 0 Blocked, 0 Error, 0 Fail, 0 Inconclusive, 0 Pass","18.0","0",""
"US6127532","CRR- Centralized List- Asset sandbox modify screen","","","0","5.0","Being Groomed","","AS a Compliance Manager/Analyst, I WANT to implement Asset Sandbox changes SO THAT my new Assets using which sandbox was run for impact assessment, can be pushed to productionhttps://www.figma.com/design/ej5fTjN0D2CQJFWaZtwj3H/CRR-Option2?node-id=3873-53697&t=JC0ibGYrFvllXiWL-4 ","GIVEN THAT the user goes to create a sandboxWHEN they have used the new Asset changes in the required rulesetsAND WHEN he arrives at the modify screen before pushing sandboxTHEN user should be able to see a tag """"Asset Change"""" beside the ruleset which is using the new asset so that user can identify that the sandbox change is due to change in asset","Suprana Sengupta","E_SLPM_ST15_CRR Rule Configuration","09/29/2025 07:23 AM MST","","","","False","","#df1a7b","","Suprana Sengupta","","","","","","0 Submitted, 0 Open, 0 Fixed, 0 Closed, 0 Blocked","0","0","0","0","","","","False","","Being Groomed","False","","","","","","","11/20/2025 02:12 AM MST","","","","","False","","","","","0.0","0 Defined, 0 In-Progress, 0 Completed, 0 Blocked","0 None Run, 0 Blocked, 0 Error, 0 Fail, 0 Inconclusive, 0 Pass","0.0","0",""
"US6088040","CRR- FA Sandbox Modify Screen","","Feature F774977: CRR - Sandbox Integration for Fundamental Assessment in E1/ E2","1","5.0","Accepted","AXP 25.5.22","AS a Compliance Manager/Analyst, I WANT to implement FA Sandbox changes and see a tag FA for modificationsSO THAT my new FA scores using which sandbox was run for impact assessment, can be pushed to productionhttps://www.figma.com/design/ej5fTjN0D2CQJFWaZtwj3H/CRR-Option2?node-id=3873-53697&t=JC0ibGYrFvllXiWL-4 ","GIVEN THAT the user goes to sandbox to create a sandboxWHEN they have used the FA changes in the required rulesetsAND WHEN he arrives at the modify screen before pushing sandboxTHEN user should be able to see a tag """"FA Score"""" beside the ruleset which is using the FA score so that user can identify that the sandbox change is due to FA","Suprana Sengupta","E_SLPM_ST15_CRR Rule Configuration","09/11/2025 05:56 AM MST","11/24/2025 01:19 AM MST","","","False","","#df1a7b","","Suprana Sengupta","","","","CRR","","0 Submitted, 0 Open, 0 Fixed, 0 Closed, 0 Blocked","0","0","0","1","","","","False","","Accepted","False","","11/11/2025 09:19 PM MST","","","Test cases for Modify Screen","11/23/2025 09:29 PM MST","11/24/2025 01:19 AM MST","","","","Feature F774977: CRR - Sandbox Integration for Fundamental Assessment in E1/ E2","False","AXP PI 25.5","","","","36.0","0 Defined, 0 In-Progress, 2 Completed, 0 Blocked","0 None Run, 0 Blocked, 0 Error, 0 Fail, 0 Inconclusive, 1 Pass","0.0","1",""
"US6085629","CRR - Authorization -- Creation of Ace rules","ACE Onboarding Request ID - ACE-11-14-25-1763119067583https://enterprise-confluence.aexp.com/confluence/spaces/ARMC/pages/1691122157/Access+Management+CRR+UI","Feature F717286: CRR - Authourization of CRR Capabilities - Analysis","2","3.0","Accepted","AXP 25.5.22","AS a User, I WANT to create business rulesSO that I can enable UI elements and other attributes accordinly","GIVEN that a user with correct entitlements for updating CRR rules/risk elements/ risk attributesWHEN User tries to update with right permissionTHEN user should be allowedWHEN user with incorrect permission/entitlement access tries to update rules/risk elements/attributesTHEN user should be blocked and logs maintained GIVEN user who has entitlement to run and view sandboxWHEN the user tries to run and view sandbox resultsTHEN he should be allowed the sameWHEN user with no entitlements to run or view sandbox tries the sameTHEN he should be blocked This should be applicable as per all entitlements and attributes created to manage access for the personas defined   ","Suprana Sengupta","E_SLPM_ST15_CRR Rule Configuration","09/10/2025 03:51 AM MST","11/24/2025 12:52 AM MST","","","False","","#df1a7b","","Suprana Sengupta","","","","","","0 Submitted, 0 Open, 0 Fixed, 0 Closed, 0 Blocked","0","0","0","0","","","","False","","Accepted","False","","11/14/2025 04:36 AM MST","","","","","11/24/2025 12:52 AM MST","","","","Feature F717286: CRR - Authourization of CRR Capabilities - Analysis","False","AXP PI 25.5","","","","56.0","0 Defined, 0 In-Progress, 4 Completed, 0 Blocked","0 None Run, 0 Blocked, 0 Error, 0 Fail, 0 Inconclusive, 0 Pass","0.0","0",""
"US6085630","CRR - Authorization -- POC","","Feature F717286: CRR - Authourization of CRR Capabilities - Analysis","0","5.0","Defined","AXP 25.5.25","AS a UserI WANT to create a POC using Ace Business tulesSO THAT I can manage access to various UI elements and attributes for my users","GIVEN that user is setup with access using entitlements and attributesWHEN the user tries accessing various capabilities of CRR, the user should be able to access only as per the entitlements/attributes defined and the business rules defined for the various UI elements ","Suprana Sengupta","E_SLPM_ST15_CRR Rule Configuration","09/10/2025 03:51 AM MST","","","","False","","#df1a7b","","Suprana Sengupta","","","","","","0 Submitted, 0 Open, 0 Fixed, 0 Closed, 0 Blocked","0","0","0","0","","","","False","","Defined","False","","","","","","","11/19/2025 09:55 PM MST","","","","Feature F717286: CRR - Authourization of CRR Capabilities - Analysis","False","AXP PI 25.5","","","","60.0","2 Defined, 0 In-Progress, 0 Completed, 0 Blocked","0 None Run, 0 Blocked, 0 Error, 0 Fail, 0 Inconclusive, 0 Pass","60.0","0",""
"US5805119","Add Dependency Enforcement Action via GHA","","Feature F741328: CRR - Risk Thresholds new layout & Other miscellaneous efforts","0","2.0","Accepted","AXP 25.2.10 IP","Add Dependency Enforcement Action via GHA to enforce compliance and raise awareness about dependencies in your project by providing real-time feedback on pull requests (PRs) to guide both developers and reviewershttps://github.aexp.com/pages/amex-eng/amexway/docs/quadrants/architecture/dependency-management ","Add Dependency Enforcement Action via GHA to enforce compliance and raise awareness about dependencies in your project by providing real-time feedback on pull requests (PRs) to guide both developers and reviewershttps://github.aexp.com/pages/amex-eng/amexway/docs/quadrants/architecture/dependency-management ","Satvik Jain","E_SLPM_ST15_CRR Rule Configuration","05/26/2025 12:35 AM MST","06/09/2025 01:59 AM MST","","","False","","#21a2e0","","Satvik Jain","","","","","","0 Submitted, 0 Open, 0 Fixed, 0 Closed, 0 Blocked","0","0","0","0","","","","False","","Accepted","False","","06/02/2025 08:48 PM MST","","","","","06/09/2025 01:59 AM MST","","","","Feature F741328: CRR - Risk Thresholds new layout & Other miscellaneous efforts","False","AXP PI 25.2","","","","24.0","0 Defined, 0 In-Progress, 2 Completed, 0 Blocked","0 None Run, 0 Blocked, 0 Error, 0 Fail, 0 Inconclusive, 0 Pass","0.0","0",""
"US5945030","Analysis & Documentation of Events needed for Reporting","Analysis Document - https://enterprise-confluence.aexp.com/confluence/spaces/ARMC/pages/1652493937/Analysis+of+Events+Required+for+Reporting+BRD","Feature F778272: CRR - UI Improvements & modification PI 25.4","0","3.0","Accepted","AXP 25.4.19","Analysis & Documentation of Events needed for Reporting Link - CRR Metric List needed for reporting.xlsx","Analysis & Documentation of Events needed for Reporting","Satvik Jain","E_SLPM_ST15_CRR Rule Configuration","07/21/2025 03:22 AM MST","10/13/2025 04:49 AM MST","","","False","","#21a2e0","","Satvik Jain","","","","CRR","","0 Submitted, 0 Open, 0 Fixed, 0 Closed, 0 Blocked","0","0","0","0","","","","False","","Accepted","False","","10/07/2025 09:49 PM MST","","","","","10/16/2025 10:01 AM MST","","","","Feature F778272: CRR - UI Improvements & modification PI 25.4","False","AXP PI 25.4","","","","25.0","0 Defined, 0 In-Progress, 1 Completed, 0 Blocked","0 None Run, 0 Blocked, 0 Error, 0 Fail, 0 Inconclusive, 0 Pass","0.0","0",""
"US6088038","CRR - FA Sandbox Implement vs Submit","Add Description for this ","Feature F774977: CRR - Sandbox Integration for Fundamental Assessment in E1/ E2","2","5.0","Accepted","AXP 25.5.21","As a Compliance Manager, I WANT TO change FA scores and Implement it directly to production without running sandbox or run a sandbox and then push to productionSO THAT the changes will reflect in production according to the urgency","GIVEN that the User has calculated a new FA score for one or more attributes at a risk category and SUBMITs for SandboxWHEN he goes to Sandbox environment and create a sandbox (enterprise or specific market level) and runs the sandbox to see resultsTHEN he should go back to FA and again click implement to push the changes to productionALSO WHEN the user has changed scores in FA but wants to implement changes directly to productionTHEN he should directly click """"Implement"""" and the latest FA new scores will be pushed to production","Suprana Sengupta","E_SLPM_ST15_CRR Rule Configuration","09/11/2025 05:56 AM MST","11/10/2025 03:04 AM MST","","","False","","#df1a7b","","Suprana Sengupta","","","","","","0 Submitted, 0 Open, 0 Fixed, 0 Closed, 0 Blocked","0","0","0","0","","","","False","","Accepted","False","","10/28/2025 05:39 AM MST","","","","","11/10/2025 03:04 AM MST","","","","Feature F774977: CRR - Sandbox Integration for Fundamental Assessment in E1/ E2","False","AXP PI 25.5","","","","48.0","0 Defined, 0 In-Progress, 2 Completed, 0 Blocked","0 None Run, 0 Blocked, 0 Error, 0 Fail, 0 Inconclusive, 0 Pass","0.0","0",""
"US6088367","CRR - Centralized list - Asset pushed to production without Sandbox","","Feature F716838: CRR - Sandbox integration for Centralized Lists in E1/E2","0","5.0","Accepted","AXP 25.5.21","As a Compliance Manager, I WANT TO create or delete assets and Implement it directly to production without running sandbox or run a sandbox and then push to productionSO THAT the changes will reflect in production according to the urgency","GIVEN that the User has created new asset or deletes an existing and wants to implement the changes directly to production without running sandboxTHEN he should directly click """"Implement"""" and the latest asset version should be pushed to production","Suprana Sengupta","E_SLPM_ST15_CRR Rule Configuration","09/11/2025 07:45 AM MST","11/10/2025 09:35 PM MST","","","False","","#df1a7b","","Suprana Sengupta","","","","","","0 Submitted, 0 Open, 0 Fixed, 0 Closed, 0 Blocked","0","0","0","0","","","","False","","Accepted","False","","10/28/2025 08:50 PM MST","","","","","11/10/2025 09:35 PM MST","","","","Feature F716838: CRR - Sandbox integration for Centralized Lists in E1/E2","False","AXP PI 25.5","","","","60.0","0 Defined, 0 In-Progress, 3 Completed, 0 Blocked","0 None Run, 0 Blocked, 0 Error, 0 Fail, 0 Inconclusive, 0 Pass","0.0","0",""
"US5805195","Risk Rule data inputs are getting reset on switching tabs","","Feature F736465: CRR - Create Rule Logic Setup in Basic Mode","0","2.0","Accepted","AXP 25.2.10 IP","As a Compliance analyst/manager, whenever I click outside the Add/Edit Risk Rule tab, I should be able to see a warning message popup if I try to switch tabs while I am on the Add/Edit Risk rule tab, informing me that my changes would be lost on closing this tab, without saving. If I confirm that I want to keep editing, then close popup. If I say close and discard, then close the risk rule tab and redirect me to the sandbox tab. Figma LinkConfirmation message - """"Discard changes? Closing this window will cancel any unsaved changes.""""Options - """"Keep Editing""""""""Close & Discard"""" Example - Slack profile edit ","Whenever I click outside the Add/Edit Risk Rule tab, I should be able to see a warning message popup if I try to switch tabs while I am on the Add/Edit Risk rule tab, informing me that my changes would be lost on closing this tab, without saving. If I confirm that I want to keep editing, then close popup. If I say close and discard, then close the risk rule tab and redirect me to the sandbox tab.","Satvik Jain","E_SLPM_ST15_CRR Rule Configuration","05/26/2025 01:04 AM MST","06/09/2025 08:43 AM MST","","","False","","#21a2e0","","Satvik Jain","","","","","","0 Submitted, 0 Open, 0 Fixed, 3 Closed, 0 Blocked","3","0","0","0","","","","False","","Accepted","False","","06/02/2025 02:05 AM MST","","","","","06/09/2025 08:43 AM MST","","","","Feature F736465: CRR - Create Rule Logic Setup in Basic Mode","False","AXP PI 25.2","","","","36.0","0 Defined, 0 In-Progress, 2 Completed, 0 Blocked","0 None Run, 0 Blocked, 0 Error, 0 Fail, 0 Inconclusive, 0 Pass","0.0","0",""
"US5865088","Test flow for Risk Rule Tab switching feature","","Feature F716868: CRR - User-friendly UI for CRR framework configuration","0","2.0","Accepted","AXP 25.3.11","As a QA, I want to Test flow for Risk Rule Tab switching feature","Test flow for Risk Rule Tab switching feature","Satvik Jain","E_SLPM_ST15_CRR Rule Configuration","06/09/2025 12:19 PM MST","06/23/2025 06:54 PM MST","","","False","","#21a2e0","","Satvik Jain","","","","CRR","","0 Submitted, 0 Open, 0 Fixed, 3 Closed, 0 Blocked","3","0","0","1","","","","False","","Accepted","False","","06/10/2025 06:25 AM MST","","","E2","10/26/2025 01:29 AM MST","10/26/2025 01:29 AM MST","","","","Feature F716868: CRR - User-friendly UI for CRR framework configuration","False","AXP PI 25.3","","","","18.0","0 Defined, 0 In-Progress, 1 Completed, 0 Blocked","0 None Run, 0 Blocked, 0 Error, 0 Fail, 0 Inconclusive, 1 Pass","0.0","1",""
"US5627306","Automate Risk category","","Feature F739019: CRR - Setup Risk Category and Risk Element Screen","0","2.0","Accepted","AXP 25.1.5 IP","As a QA, I want to automate Add risk category feature","Automation scripting for Add risk category","Satvik Jain","E_SLPM_ST15_CRR Rule Configuration","03/17/2025 04:26 AM MST","03/31/2025 01:56 AM MST","","","False","","#21a2e0","","Satvik Jain","","","","","","0 Submitted, 0 Open, 0 Fixed, 1 Closed, 0 Blocked","1","0","0","0","","","","False","","Accepted","False","","03/19/2025 07:35 AM MST","","","","","03/31/2025 01:56 AM MST","","","","Feature F739019: CRR - Setup Risk Category and Risk Element Screen","False","AXP PI 25.1","","","","12.0","0 Defined, 0 In-Progress, 1 Completed, 0 Blocked","0 None Run, 0 Blocked, 0 Error, 0 Fail, 0 Inconclusive, 0 Pass","0.0","0",""
"US5627319","Automate Risk Element","","Feature F739019: CRR - Setup Risk Category and Risk Element Screen","0","2.0","Accepted","AXP 25.1.5 IP","As a QA, I want to automate testing for add category","Automated testing for add category","Satvik Jain","E_SLPM_ST15_CRR Rule Configuration","03/17/2025 04:27 AM MST","03/31/2025 07:56 AM MST","","","False","","#21a2e0","","Satvik Jain","","","","","","0 Submitted, 0 Open, 0 Fixed, 2 Closed, 0 Blocked","2","0","0","0","","","","False","","Accepted","False","","03/24/2025 09:09 PM MST","","","","","04/23/2025 10:39 AM MST","","","","Feature F739019: CRR - Setup Risk Category and Risk Element Screen","False","AXP PI 25.1","","","","12.0","0 Defined, 0 In-Progress, 1 Completed, 0 Blocked","0 None Run, 0 Blocked, 0 Error, 0 Fail, 0 Inconclusive, 0 Pass","0.0","0",""
"US5567661","Automation test flows for Sandbox RA Functionality","","Feature F739019: CRR - Setup Risk Category and Risk Element Screen","0","3.0","Accepted","AXP 25.1.3","As a QA, I want to build Automation end to end and integration test flows for Sandbox Functionality","Given that rigorous testing is required, when we need to do testing for sandbox, then we should have Automation test flows for Sandbox Functionality","Satvik Jain","E_SLPM_ST15_CRR Rule Configuration","02/17/2025 11:27 AM MST","03/03/2025 09:35 PM MST","","","False","","#21a2e0","","Satvik Jain","","","","","","0 Submitted, 0 Open, 0 Fixed, 7 Closed, 0 Blocked","7","0","0","1","","","","False","","Accepted","False","","02/17/2025 10:42 PM MST","","","E2","09/11/2025 01:27 PM MST","09/11/2025 01:28 PM MST","","","","Feature F739019: CRR - Setup Risk Category and Risk Element Screen","False","AXP PI 25.1","","","","18.0","0 Defined, 0 In-Progress, 1 Completed, 0 Blocked","0 None Run, 0 Blocked, 0 Error, 0 Fail, 0 Inconclusive, 1 Pass","0.0","1",""
"US5742582","Test Scenarios Documentation Part-A","","Feature F713389: CRR - Deletion of an Assessment, Category, Element, or Rule","0","2.0","Accepted","AXP 25.2.8","As a QA, I want to create Test Scenarios Documentation excel sheet to include both Positive and Negative Test CasesPart-A ","Test Scenarios Documentation Part-A","Satvik Jain","E_SLPM_ST15_CRR Rule Configuration","04/28/2025 12:43 AM MST","05/12/2025 02:46 AM MST","","","False","","#21a2e0","","Satvik Jain","","","","","","0 Submitted, 0 Open, 0 Fixed, 0 Closed, 0 Blocked","0","0","0","0","","","","False","","Accepted","False","","04/28/2025 10:54 PM MST","","","","","05/12/2025 02:46 AM MST","","","","Feature F713389: CRR - Deletion of an Assessment, Category, Element, or Rule","False","AXP PI 25.2","","","","18.0","0 Defined, 0 In-Progress, 1 Completed, 0 Blocked","0 None Run, 0 Blocked, 0 Error, 0 Fail, 0 Inconclusive, 0 Pass","0.0","0",""
"US5569298","Optimisation of GitHub Action Workflow","","Feature F739019: CRR - Setup Risk Category and Risk Element Screen","0","3.0","Accepted","AXP 25.1.3","As a QA, I want to do Optimisation of GitHub Action Workflow","Given that we need Github Action workflow, when it is configured, we have it running in the most optimum state","Satvik Jain","E_SLPM_ST15_CRR Rule Configuration","02/17/2025 09:55 PM MST","03/03/2025 12:56 AM MST","","","False","","#21a2e0","","Satvik Jain","","","","","","0 Submitted, 0 Open, 0 Fixed, 0 Closed, 0 Blocked","0","0","0","0","","","","False","","Accepted","False","","02/19/2025 10:35 PM MST","","","","","03/17/2025 03:33 AM MST","","","","Feature F739019: CRR - Setup Risk Category and Risk Element Screen","False","AXP PI 25.1","","","","18.0","0 Defined, 0 In-Progress, 1 Completed, 0 Blocked","0 None Run, 0 Blocked, 0 Error, 0 Fail, 0 Inconclusive, 0 Pass","0.0","0",""
"US5865102","Retesting of CRR Defects","","Feature F716868: CRR - User-friendly UI for CRR framework configuration","0","2.0","Accepted","AXP 25.3.11","As a QA, I want to do Retesting of CRR Defects","Retesting of CRR Defects","Satvik Jain","E_SLPM_ST15_CRR Rule Configuration","06/09/2025 12:24 PM MST","06/23/2025 06:54 PM MST","","","False","","#21a2e0","","Satvik Jain","","","","CRR","","0 Submitted, 0 Open, 0 Fixed, 1 Closed, 0 Blocked","1","0","0","0","","","","False","","Accepted","False","","06/10/2025 06:25 AM MST","","","","","10/16/2025 10:01 AM MST","","","","Feature F716868: CRR - User-friendly UI for CRR framework configuration","False","AXP PI 25.3","","","","12.0","0 Defined, 0 In-Progress, 1 Completed, 0 Blocked","0 None Run, 0 Blocked, 0 Error, 0 Fail, 0 Inconclusive, 0 Pass","0.0","0",""
"US5685804","Automate Risk Element Listing Page","","Feature F713386: CRR - Establish Core Risk Elements","0","2.0","Accepted","AXP 25.2.6","As a QA, I want to do automation testing for Risk Element listing page"," Automation testing for Risk Element listing page","Satvik Jain","E_SLPM_ST15_CRR Rule Configuration","03/31/2025 08:01 AM MST","04/14/2025 09:36 PM MST","","","False","","#21a2e0","","Satvik Jain","","","","","","0 Submitted, 0 Open, 0 Fixed, 0 Closed, 0 Blocked","0","0","0","3","","","","False","","Accepted","False","","04/01/2025 09:20 AM MST","","","E2","08/11/2025 11:10 AM MST","08/11/2025 11:10 AM MST","","","","Feature F713386: CRR - Establish Core Risk Elements","False","AXP PI 25.2","","","","18.0","0 Defined, 0 In-Progress, 1 Completed, 0 Blocked","0 None Run, 0 Blocked, 0 Error, 0 Fail, 0 Inconclusive, 3 Pass","0.0","3",""
"US5685892","Automate Risk Element","","Feature F713386: CRR - Establish Core Risk Elements","0","5.0","Accepted","AXP 25.2.6","As a QA, I want to do automation testing for Risk Element"," Automation testing for Risk Element","Satvik Jain","E_SLPM_ST15_CRR Rule Configuration","03/31/2025 08:15 AM MST","04/14/2025 09:36 PM MST","","","False","","#21a2e0","","Satvik Jain","","","","","","0 Submitted, 0 Open, 0 Fixed, 4 Closed, 0 Blocked","4","0","0","3","","","","False","","Accepted","False","","03/31/2025 09:21 PM MST","","","E2","10/26/2025 01:26 AM MST","10/26/2025 01:26 AM MST","","","","Feature F713386: CRR - Establish Core Risk Elements","False","AXP PI 25.2","","","","56.0","0 Defined, 0 In-Progress, 4 Completed, 0 Blocked","0 None Run, 0 Blocked, 0 Error, 0 Fail, 0 Inconclusive, 3 Pass","0.0","3",""
"US5627323","CRR and Sandbox Retesting","","Feature F739019: CRR - Setup Risk Category and Risk Element Screen","0","2.0","Accepted","AXP 25.1.5 IP","As a QA, I want to do retesting for CRR and Sandbox functionality","Automated testing for add category","Satvik Jain","E_SLPM_ST15_CRR Rule Configuration","03/17/2025 04:29 AM MST","03/31/2025 07:56 AM MST","","","False","","#21a2e0","","Satvik Jain","","","","","","0 Submitted, 0 Open, 0 Fixed, 3 Closed, 0 Blocked","3","0","0","0","","","","False","","Accepted","False","","03/19/2025 07:35 AM MST","","","","","03/31/2025 07:56 AM MST","","","","Feature F739019: CRR - Setup Risk Category and Risk Element Screen","False","AXP PI 25.1","","","","12.0","0 Defined, 0 In-Progress, 1 Completed, 0 Blocked","0 None Run, 0 Blocked, 0 Error, 0 Fail, 0 Inconclusive, 0 Pass","0.0","0",""
"US5950004","Testing and Fixing of Previous Defects for CRR UI","","Feature F716868: CRR - User-friendly UI for CRR framework configuration","0","2.0","Accepted","AXP 25.3.14","As a QA, I want to have the previous defects fixed and addressed, SO THAT the CRR code is bug freeFixing these defects -1. Risk Assessment Tooltip Discrepancy in Alignment2. RR: Getting incorrect rule name in rule dropdown on giving spaces in Rule Name3. RR: Spacing discrepancy between lookback field and - button4. SS: Incorrect text message on cancelled dialog box5. Incorrect 'View documentation' tooltip for simulation button6.  CRR - RA, RC, RE, RR features - bold fonts for dialog box7. Discrepancy on risk rule edit page and risk rule listing page spinner message  ","GIVEN that we need to develop CRRWHEN there are defects encounteredTHEN tech team is able to fix these defects on time so that retesting can happen and defects can be closed","Satvik Jain","E_SLPM_ST15_CRR Rule Configuration","07/21/2025 10:56 PM MST","08/04/2025 10:00 PM MST","","","False","","#21a2e0","","Satvik Jain","","","","CRR","","0 Submitted, 0 Open, 0 Fixed, 11 Closed, 0 Blocked","11","0","0","0","","","","False","","Accepted","False","","08/04/2025 10:00 PM MST","","","","","10/16/2025 10:01 AM MST","","","","Feature F716868: CRR - User-friendly UI for CRR framework configuration","False","AXP PI 25.3","","","","1.0","0 Defined, 0 In-Progress, 1 Completed, 0 Blocked","0 None Run, 0 Blocked, 0 Error, 0 Fail, 0 Inconclusive, 0 Pass","0.0","0",""
"US5742584","Github Actions Workflow Optimisation","Please add figma link","Feature F713389: CRR - Deletion of an Assessment, Category, Element, or Rule","0","2.0","Accepted","AXP 25.2.8","As a QA, I want to setup Github Actions Workflow Optimisation ","Github Actions Workflow Optimisation","Satvik Jain","E_SLPM_ST15_CRR Rule Configuration","04/28/2025 12:44 AM MST","05/12/2025 02:46 AM MST","","","False","","#21a2e0","","Satvik Jain","","","","","","0 Submitted, 0 Open, 0 Fixed, 0 Closed, 0 Blocked","0","0","0","0","","","","False","","Accepted","False","","04/28/2025 10:54 PM MST","","","","","05/12/2025 02:46 AM MST","","","","Feature F713389: CRR - Deletion of an Assessment, Category, Element, or Rule","False","AXP PI 25.2","","","","12.0","0 Defined, 0 In-Progress, 1 Completed, 0 Blocked","0 None Run, 0 Blocked, 0 Error, 0 Fail, 0 Inconclusive, 0 Pass","0.0","0",""
"US5538651","CRR UI Automation pipeline creation in GitHub Action","","Feature F712450: CRR - Creating a New Risk Assessment","0","2.0","Accepted","AXP 25.1.2","As a QA, I want to setup an automation pipeline in Github action for CRR UI","Given that we need to do automation testingWhen the testing happensThen there is an automation pipeline setup in Github action","Satvik Jain","E_SLPM_ST15_CRR Rule Configuration","02/03/2025 10:47 PM MST","02/17/2025 07:51 AM MST","","","False","","#21a2e0","","Satvik Jain","","config","","","","0 Submitted, 0 Open, 0 Fixed, 0 Closed, 0 Blocked","0","0","0","0","","","","False","","Accepted","False","","02/04/2025 10:57 AM MST","","","","","02/17/2025 07:51 AM MST","","","","Feature F712450: CRR - Creating a New Risk Assessment","False","AXP PI 25.1","","","","12.0","0 Defined, 0 In-Progress, 1 Completed, 0 Blocked","0 None Run, 0 Blocked, 0 Error, 0 Fail, 0 Inconclusive, 0 Pass","0.0","0",""
"US5809439","API Automation strategy implementation","","Feature F741328: CRR - Risk Thresholds new layout & Other miscellaneous efforts","0","3.0","Accepted","AXP 25.2.10 IP","As a QA, I want to setup automation tests for API Automation strategy implementation","Automation tests for API Automation strategy implementation","Satvik Jain","E_SLPM_ST15_CRR Rule Configuration","05/26/2025 09:43 PM MST","06/09/2025 02:46 AM MST","","","False","","#21a2e0","","Satvik Jain","","","","","","0 Submitted, 0 Open, 0 Fixed, 0 Closed, 0 Blocked","0","0","0","0","","","","False","","Accepted","False","","06/03/2025 11:42 AM MST","","","","","06/09/2025 02:46 AM MST","","","","Feature F741328: CRR - Risk Thresholds new layout & Other miscellaneous efforts","False","AXP PI 25.2","","","","12.0","0 Defined, 0 In-Progress, 1 Completed, 0 Blocked","0 None Run, 0 Blocked, 0 Error, 0 Fail, 0 Inconclusive, 0 Pass","0.0","0",""
"US5809426","Automate Risk Rule Advanced View","","Feature F741328: CRR - Risk Thresholds new layout & Other miscellaneous efforts","0","5.0","Accepted","AXP 25.2.10 IP","As a QA, I want to setup automation tests for Automate Risk Rule Advanced View","Automation tests for Automate Risk Rule Advanced View","Satvik Jain","E_SLPM_ST15_CRR Rule Configuration","05/26/2025 09:41 PM MST","06/09/2025 08:42 AM MST","","","False","","#21a2e0","","Satvik Jain","","","","","","0 Submitted, 0 Open, 0 Fixed, 1 Closed, 0 Blocked","1","0","0","1","","","","False","","Accepted","False","","05/28/2025 03:52 AM MST","","","E2","08/11/2025 12:42 AM MST","08/11/2025 12:42 AM MST","","","","Feature F741328: CRR - Risk Thresholds new layout & Other miscellaneous efforts","False","AXP PI 25.2","","","","76.0","0 Defined, 0 In-Progress, 4 Completed, 0 Blocked","0 None Run, 0 Blocked, 0 Error, 0 Fail, 0 Inconclusive, 1 Pass","0.0","1",""
"US5809433","Retesting of CRR defects","","Feature F741328: CRR - Risk Thresholds new layout & Other miscellaneous efforts","0","2.0","Accepted","AXP 25.2.10 IP","As a QA, I want to setup automation tests for Retesting of CRR defects","Automation tests for Retesting of CRR defects","Satvik Jain","E_SLPM_ST15_CRR Rule Configuration","05/26/2025 09:42 PM MST","06/09/2025 08:42 AM MST","","","False","","#21a2e0","","Satvik Jain","","","","","","0 Submitted, 0 Open, 0 Fixed, 5 Closed, 0 Blocked","5","0","0","0","","","","False","","Accepted","False","","06/01/2025 09:20 PM MST","","","","","07/22/2025 10:57 AM MST","","","","Feature F741328: CRR - Risk Thresholds new layout & Other miscellaneous efforts","False","AXP PI 25.2","","","","12.0","0 Defined, 0 In-Progress, 1 Completed, 0 Blocked","0 None Run, 0 Blocked, 0 Error, 0 Fail, 0 Inconclusive, 0 Pass","0.0","0",""
"US5696683","ELF Dashboard and Tracing","","Feature F741328: CRR - Risk Thresholds new layout & Other miscellaneous efforts","0","5.0","Accepted","AXP 25.2.7","As a QA, I want to setup automation tests for Risk thresholds ","Automation tests for risk thresholds","Satvik Jain","E_SLPM_ST15_CRR Rule Configuration","04/02/2025 03:35 AM MST","04/28/2025 02:44 AM MST","","","False","","#21a2e0","","Satvik Jain","","","","","","0 Submitted, 0 Open, 0 Fixed, 0 Closed, 0 Blocked","0","0","0","0","","","","False","","Accepted","False","","04/15/2025 09:01 PM MST","","","","","04/28/2025 02:44 AM MST","","","","Feature F741328: CRR - Risk Thresholds new layout & Other miscellaneous efforts","False","AXP PI 25.2","","","","54.0","0 Defined, 0 In-Progress, 6 Completed, 0 Blocked","0 None Run, 0 Blocked, 0 Error, 0 Fail, 0 Inconclusive, 0 Pass","0.0","0",""
"US5809417","Test flow for Deletion of Risk Rule","","Feature F741328: CRR - Risk Thresholds new layout & Other miscellaneous efforts","0","2.0","Accepted","AXP 25.2.10 IP","As a QA, I want to setup automation tests for Test flow for Deletion of Risk Rule","Automation tests for Test flow for Deletion of Risk Rule","Satvik Jain","E_SLPM_ST15_CRR Rule Configuration","05/26/2025 09:38 PM MST","06/09/2025 02:46 AM MST","","","False","","#21a2e0","","Satvik Jain","","","","","","0 Submitted, 0 Open, 0 Fixed, 0 Closed, 0 Blocked","0","0","0","1","","","","False","","Accepted","False","","06/01/2025 09:20 PM MST","","","E2","08/11/2025 11:10 PM MST","08/11/2025 11:10 PM MST","","","","Feature F741328: CRR - Risk Thresholds new layout & Other miscellaneous efforts","False","AXP PI 25.2","","","","12.0","0 Defined, 0 In-Progress, 1 Completed, 0 Blocked","0 None Run, 0 Blocked, 0 Error, 0 Fail, 0 Inconclusive, 1 Pass","0.0","1",""
"US5809421","Test flow for Edit risk rule","","Feature F741328: CRR - Risk Thresholds new layout & Other miscellaneous efforts","0","3.0","Accepted","AXP 25.2.10 IP","As a QA, I want to setup automation tests for Test flow for Edit risk rule","Automation tests for Test flow for Edit risk rule","Satvik Jain","E_SLPM_ST15_CRR Rule Configuration","05/26/2025 09:40 PM MST","06/09/2025 12:18 PM MST","","","False","","#21a2e0","","Satvik Jain","","","","","","0 Submitted, 0 Open, 0 Fixed, 2 Closed, 0 Blocked","2","0","0","1","","","","False","","Accepted","False","","06/01/2025 09:20 PM MST","","","E2","08/11/2025 10:57 PM MST","08/11/2025 10:57 PM MST","","","","Feature F741328: CRR - Risk Thresholds new layout & Other miscellaneous efforts","False","AXP PI 25.2","","","","12.0","0 Defined, 0 In-Progress, 1 Completed, 0 Blocked","0 None Run, 0 Blocked, 0 Error, 0 Fail, 0 Inconclusive, 1 Pass","0.0","1",""
"US5949699","Test flows for sandbox simulation and cancellation in progress screen","","Feature F716868: CRR - User-friendly UI for CRR framework configuration","0","2.0","Accepted","AXP 25.3.14","As a QA, I want to test simulation flow and cancellation in progress screen","GIVEN a new data attribute is added to Risk Rules WHEN the UI loads THEN it renders without distortion or logic error","Satvik Jain","E_SLPM_ST15_CRR Rule Configuration","07/21/2025 09:33 PM MST","08/04/2025 09:50 PM MST","","","False","","#21a2e0","","Satvik Jain","","","","CRR","","0 Submitted, 0 Open, 0 Fixed, 0 Closed, 0 Blocked","0","0","0","1","","","","False","","Accepted","False","","07/23/2025 09:26 PM MST","","","E2","09/17/2025 12:29 AM MST","10/16/2025 10:01 AM MST","","","","Feature F716868: CRR - User-friendly UI for CRR framework configuration","False","AXP PI 25.3","","","","18.0","0 Defined, 0 In-Progress, 1 Completed, 0 Blocked","0 None Run, 0 Blocked, 0 Error, 0 Fail, 0 Inconclusive, 1 Pass","0.0","1",""
"US5594466","New RA Sandbox creation retesting","","Feature F716185: CRR - Editing an Existing Risk Assessment","0","3.0","Accepted","AXP 25.1.4","As a QA, i want to do end to end retesting for sandbox functionality","Confirmation on end to end retesting for sandbox functionality","Satvik Jain","E_SLPM_ST15_CRR Rule Configuration","03/03/2025 07:42 AM MST","03/31/2025 07:57 AM MST","","","False","","#21a2e0","","Satvik Jain","","","","","","0 Submitted, 0 Open, 0 Fixed, 3 Closed, 0 Blocked","3","0","0","0","","","","False","","Accepted","False","","03/04/2025 12:21 AM MST","","","","","09/11/2025 01:33 PM MST","","","","Feature F716185: CRR - Editing an Existing Risk Assessment","False","AXP PI 25.1","","","","24.0","0 Defined, 0 In-Progress, 2 Completed, 0 Blocked","0 None Run, 0 Blocked, 0 Error, 0 Fail, 0 Inconclusive, 0 Pass","0.0","0",""
"US5427663","Sandbox screen homepage UI setup","","Feature F712450: CRR - Creating a New Risk Assessment","0","5.0","Accepted","AXP 25.1.2","As a compliance analyst/compliance manager, I should be able to see the Sandbox screen homepage UI with details on Name, Description, Scope, Status, Sandbox testing with Add new, Copy, edit and delete button so that I can configure a risk assessment for risk scoring of customers.","Given that the user wants to setup a new risk assessment/sandboxWhen the user comes to the Sandbox pageThen he is able to see the UI with details like Name, description, scope, status, sandbox testing with copy, edit and delete buttonsThen he is able to see a button to add a new sandbox","Satvik Jain","E_SLPM_ST15_CRR Rule Configuration","12/15/2024 10:45 PM MST","02/17/2025 07:51 AM MST","","","False","","#21a2e0","","Satvik Jain","","config","","","","0 Submitted, 0 Open, 0 Fixed, 0 Closed, 0 Blocked","0","0","0","1","","","","False","","Accepted","False","","02/03/2025 10:59 PM MST","","","E2","09/08/2025 02:01 AM MST","09/08/2025 02:01 AM MST","","","","Feature F712450: CRR - Creating a New Risk Assessment","False","AXP PI 25.1","","","","96.0","0 Defined, 0 In-Progress, 6 Completed, 0 Blocked","0 None Run, 0 Blocked, 0 Error, 0 Fail, 0 Inconclusive, 1 Pass","0.0","1",""
"US5464597","CRR Landing page UI setup","","","0","5.0","Defined","","As a compliance analyst/compliance manager, I should be able to see the frontend for CRR Risk Categories and Risk thresholds so that I can configure the risk rating framework for risk scoring of customers.","Given that the user wants to setup a new risk assessment/sandboxWhen the user comes to the Sandbox pageThen he is able to see the UI with details like Name, description, scope, status, sandbox testing with copy, edit and delete buttonsThen he is able to see a button to add a new sandbox","Satvik Jain","E_SLPM_ST15_CRR Rule Configuration","01/09/2025 07:18 AM MST","","","","False","","#21a2e0","","Satvik Jain","","config","","","","0 Submitted, 0 Open, 0 Fixed, 0 Closed, 0 Blocked","0","0","0","0","","","","False","","Defined","False","","","","","","","03/05/2025 10:40 PM MST","","","","","False","","","","","0.0","0 Defined, 0 In-Progress, 0 Completed, 0 Blocked","0 None Run, 0 Blocked, 0 Error, 0 Fail, 0 Inconclusive, 0 Pass","0.0","0",""
"US5588657","Category page UI setup","","Feature F739019: CRR - Setup Risk Category and Risk Element Screen","0","5.0","Accepted","AXP 25.1.4","As a compliance analyst/compliance manager, I should be able to see the frontend for CRR Risk Categories and Risk thresholds so that I can configure the risk rating framework for risk scoring of customers.Figma - https://www.figma.com/design/ej5fTjN0D2CQJFWaZtwj3H/CRR-Option2?node-id=964-18465&t=2SQTdRmwjPnXsPAK-0","Given that the user wants to setup risk categoriesWhen the user comes the category screen by clicking into an assessment (for example enterprise)Then he is able to see the UI with risk categories and add category buttonThen he is able to see the risk assessment name correctly in the breadcrumb through which he can navigate to the risk assessment screen (sandbox homepage)Then he is able to edit risk thresholds by clicking edit threshold button and changing the threshold values (Only for enterprise assessment) ","Satvik Jain","E_SLPM_ST15_CRR Rule Configuration","02/27/2025 08:01 AM MST","03/13/2025 08:21 AM MST","","","False","","#21a2e0","","Satvik Jain","","config","","","","0 Submitted, 0 Open, 0 Fixed, 0 Closed, 0 Blocked","0","0","0","0","","","","False","","Accepted","False","","03/09/2025 09:32 PM MST","","","","","03/13/2025 08:21 AM MST","","","","Feature F739019: CRR - Setup Risk Category and Risk Element Screen","False","AXP PI 25.1","","","","48.0","0 Defined, 0 In-Progress, 2 Completed, 0 Blocked","0 None Run, 0 Blocked, 0 Error, 0 Fail, 0 Inconclusive, 0 Pass","0.0","0",""
"US5593176","Risk Element listing page","","Feature F739019: CRR - Setup Risk Category and Risk Element Screen","0","5.0","Accepted","AXP 25.1.5 IP","As a compliance analyst/compliance manager, I should be able to see the frontend for CRR Risk Elements with Add element button so that I can configure the risk rating framework for risk scoring of customers.Figma ","Given that the user wants to setup risk elementsWhen the user comes to the element listing page by clicking into a category (for example - Customer)Then he is able to see the UI with risk elements and add element buttonThen he is able to see the Category name correctly in the breadcrumb through which he can navigate to the Category screen ","Satvik Jain","E_SLPM_ST15_CRR Rule Configuration","03/03/2025 01:59 AM MST","03/31/2025 01:56 AM MST","","","False","","#21a2e0","","Satvik Jain","","config","","","","0 Submitted, 0 Open, 0 Fixed, 0 Closed, 0 Blocked","0","0","0","0","","","","False","","Accepted","False","","03/23/2025 02:40 PM MST","","","","","03/31/2025 01:56 AM MST","","","","Feature F739019: CRR - Setup Risk Category and Risk Element Screen","False","AXP PI 25.1","","","","54.0","0 Defined, 0 In-Progress, 4 Completed, 0 Blocked","0 None Run, 0 Blocked, 0 Error, 0 Fail, 0 Inconclusive, 0 Pass","0.0","0",""
"US5427664","Add a New Risk Assessment","","Feature F712450: CRR - Creating a New Risk Assessment","0","5.0","Accepted","AXP 25.1.2","As a compliance analyst/compliance manager, I should be able to setup a new risk assessment by clicking add new button for effective risk scoring of customers.Link","Given that the user wants to setup a new risk assessmentWhen the user clicks on the Add new buttonThen he should be able to start the new sandbox creation process and prompted to start filling in the sandbox details including Name, Description and ScopeThen he should be able to see all mandatory fields marked with an asterisk symbol, indicating that they are compulsory to be filledThen he should be able to see the Add button greyed out initially","Satvik Jain","E_SLPM_ST15_CRR Rule Configuration","12/15/2024 10:46 PM MST","02/17/2025 07:51 AM MST","","","False","","#21a2e0","","Satvik Jain","","config","","","","0 Submitted, 0 Open, 0 Fixed, 0 Closed, 0 Blocked","0","0","0","1","","","","False","","Accepted","False","","02/04/2025 09:47 PM MST","","","E2","09/11/2025 12:17 PM MST","09/11/2025 12:19 PM MST","","","","Feature F712450: CRR - Creating a New Risk Assessment","False","AXP PI 25.1","","","","18.0","0 Defined, 0 In-Progress, 2 Completed, 0 Blocked","0 None Run, 0 Blocked, 0 Error, 0 Fail, 0 Inconclusive, 1 Pass","0.0","1",""
"US5427665","Setup Risk Assessment Name and Description","Given that the user wants to define sandbox detailsWhen he clicks the Name and Description fieldsThen he is able to type in a valid name of his choice. Given that the user wants to create a new risk assessmentWhen he is redirected to add new risk assessment form pageThen the add button should be greyed out unless the user fills up all the details correctly ( Name, Description) Given that the user wants to setup the Name of the risk assessmentWhen the user enters an Invalid character including any of these - < > ! & % + ; { }Then he should be shown an Error - """"Name is invalid. The following characters are not allowed: < > ! & % + ; { }""""Given that the user wants to setup the Name of the risk assessmentWhen the user enters a space while setting up the nameThen he should be shown an Error - """"Space is not allowed in Name, please use _ or -""""","Feature F712450: CRR - Creating a New Risk Assessment","1","1.0","Accepted","AXP 25.1.2","As a compliance analyst/compliance manager, I should be able to setup the risk assessment/sandbox name and description.Link ","Given that the user wants to input the risk assessment nameWhen user clicks on the Name optionThen he should be able to enter a name for the risk assessmentGiven that the user wants to input the risk assessment DescriptionWhen user clicks on the Description optionThen he should be able to enter a Description for the risk assessmentThen he should be able to resize the Description box if needed","Satvik Jain","E_SLPM_ST15_CRR Rule Configuration","12/15/2024 10:47 PM MST","02/17/2025 07:51 AM MST","","","False","","#21a2e0","","Satvik Jain","","config","","","","0 Submitted, 0 Open, 0 Fixed, 0 Closed, 0 Blocked","0","0","0","1","","","","False","","Accepted","False","","02/10/2025 09:07 PM MST","","","E2","09/11/2025 12:29 PM MST","09/11/2025 12:29 PM MST","","","","Feature F712450: CRR - Creating a New Risk Assessment","False","AXP PI 25.1","","","","18.0","0 Defined, 0 In-Progress, 2 Completed, 0 Blocked","0 None Run, 0 Blocked, 0 Error, 0 Fail, 0 Inconclusive, 1 Pass","0.0","1",""
"US5428197","Add Category","Then he is shown an error if he is trying to add a category which already exists with message - """"Category already exists""""","Feature F739019: CRR - Setup Risk Category and Risk Element Screen","4","5.0","Accepted","AXP 25.1.4","As a compliance analyst/manager, I should be able to add a new risk category using add category button and define Name and Description of category as detailshttps://www.figma.com/design/ej5fTjN0D2CQJFWaZtwj3H/CRR-Option2?node-id=1219-217738&t=HtI9ngBGMwjnoQJ0-0","Given that the user wants to structure his risk frameworkWhen he clicks on add category buttonThen he is able to add the name of the categoryThen he is able to add the description of the categoryThen Add button is disabled till all mandatory fields are filled  ","Satvik Jain","E_SLPM_ST15_CRR Rule Configuration","12/16/2024 08:25 AM MST","03/17/2025 07:55 AM MST","","","False","","#21a2e0","","Satvik Jain","","","","","","0 Submitted, 0 Open, 0 Fixed, 0 Closed, 0 Blocked","0","0","0","2","","","","False","","Accepted","False","","03/03/2025 11:07 PM MST","","","E2","08/10/2025 11:56 PM MST","08/10/2025 11:57 PM MST","","","","Feature F739019: CRR - Setup Risk Category and Risk Element Screen","False","AXP PI 25.1","","","","66.0","0 Defined, 0 In-Progress, 3 Completed, 0 Blocked","0 None Run, 0 Blocked, 0 Error, 0 Fail, 0 Inconclusive, 2 Pass","0.0","2",""
"US5428196","Add Risk Element","Then he is shown an error if he is trying to add a risk element which already exists with message - """"Element already exists""""","Feature F739019: CRR - Setup Risk Category and Risk Element Screen","0","5.0","Accepted","AXP 25.1.4","As a compliance analyst/manager, I should be able to add a new risk element when using add element button on the element listing  pagehttps://www.figma.com/design/ej5fTjN0D2CQJFWaZtwj3H/CRR-Option2?node-id=964-18562&t=HtI9ngBGMwjnoQJ0-0","Given that the user wants to structure his risk frameworkWhen he clicks on add risk element buttonThen he is able to add the name of the elementThen he is able to add the description of the elementThen he is able to define prohibited, min/max, time based values from dropdownThen Add button is disabled till all mandatory fields are filled ","Satvik Jain","E_SLPM_ST15_CRR Rule Configuration","12/16/2024 08:24 AM MST","03/17/2025 07:55 AM MST","","","False","","#21a2e0","","Satvik Jain","","","","","","0 Submitted, 0 Open, 0 Fixed, 0 Closed, 0 Blocked","0","0","0","2","","","","False","","Accepted","False","","03/09/2025 09:40 PM MST","","","E2","08/11/2025 12:09 AM MST","08/11/2025 12:09 AM MST","","","","Feature F739019: CRR - Setup Risk Category and Risk Element Screen","False","AXP PI 25.1","","","","72.0","0 Defined, 0 In-Progress, 3 Completed, 0 Blocked","0 None Run, 0 Blocked, 0 Error, 0 Fail, 0 Inconclusive, 2 Pass","0.0","2",""
"US5427666","Setup Risk Assessment Scope","","Feature F712450: CRR - Creating a New Risk Assessment","0","5.0","Accepted","AXP 25.1.2","As a compliance analyst/manager, I should be able to define the scope of the Risk assessment from the list of valid values excluding all the markets for which an active sandbox is already present to avoid duplicity in sandbox setup so that I am able to setup risk scoring correctly for a customer. Active sandboxes include all sandbox/assessment except those in status - production","Given that the user wants to setup the risk assessment scopeWhen he clicks on the scope fieldThen he is able to see a list of countries/marketsThen he is only able to see those countries which do not have an existing active risk assessmentThen he is able to select a value from the list as the scope of the new risk assessment Given that the user wants to create a new risk assessmentWhen he is redirected to add new risk assessment form pageThen the add button should be greyed out unless the user fills up all the details correctly (Scope)","Satvik Jain","E_SLPM_ST15_CRR Rule Configuration","12/15/2024 10:47 PM MST","02/17/2025 07:51 AM MST","","","False","","#21a2e0","","Satvik Jain","","config","","","","0 Submitted, 0 Open, 0 Fixed, 0 Closed, 0 Blocked","0","0","0","1","","","","False","","Accepted","False","","02/04/2025 08:45 PM MST","","","E2","09/11/2025 12:39 PM MST","09/11/2025 12:40 PM MST","","","","Feature F712450: CRR - Creating a New Risk Assessment","False","AXP PI 25.1","","","","69.0","0 Defined, 0 In-Progress, 5 Completed, 0 Blocked","0 None Run, 0 Blocked, 0 Error, 0 Fail, 0 Inconclusive, 1 Pass","0.0","1",""
"US5427818","Integration of ISP Card to CRR Landing Page","","Feature F712450: CRR - Creating a New Risk Assessment","0","2.0","Accepted","AXP 25.1.1","As a compliance analyst/manager, I should be able to reach the Customer Risk Scoring engine by clicking on the """"Customer Risk Rating"""" card on the ISP portal Figma Prototype LinkFigma Design Link","Given that the user wants to open the customer risk rating platformWhen the user hovers on the card in the ISP portalThen the card is highlightedGiven that the user wants to open the customer risk rating platformWhen the user clicks on the card in the ISP portalThen the user is redirected to the Sandbox Homepage screen  ","Satvik Jain","E_SLPM_ST15_CRR Rule Configuration","12/16/2024 02:13 AM MST","02/03/2025 10:12 PM MST","","","False","","#21a2e0","","Satvik Jain","","config","","","","0 Submitted, 0 Open, 0 Fixed, 0 Closed, 0 Blocked","0","0","0","0","","","","False","","Accepted","False","","01/21/2025 09:24 PM MST","","","","","02/03/2025 10:12 PM MST","","","","Feature F712450: CRR - Creating a New Risk Assessment","False","AXP PI 25.1","","","","12.0","0 Defined, 0 In-Progress, 1 Completed, 0 Blocked","0 None Run, 0 Blocked, 0 Error, 0 Fail, 0 Inconclusive, 0 Pass","0.0","0",""
"US5428200","Save updated changes after making edits to a Risk Assessment","","Feature F716185: CRR - Editing an Existing Risk Assessment","0","3.0","Accepted","AXP 25.1.3","As a compliance analyst/manager, I should be able to save the edited details of a sandbox by clicking on the save button","Given that the user has finalized all modifications to an assessment detailsWhen user clicks the save buttonThen all modified details should be saved in the database and the updated record should be shown in the sandbox pageThen a confirmation message should be shown """"Risk assessment was updated successfully""""When an error occurs during the save processThen an error message show show up """"Unable to save the changes, please contact support""""Then the confirmation message should auto disappear in 3 secondsUser should be able to  click the x button to close the notification. ","Satvik Jain","E_SLPM_ST15_CRR Rule Configuration","12/16/2024 08:25 AM MST","03/03/2025 09:46 PM MST","","","False","","#21a2e0","","Satvik Jain","","","","","","0 Submitted, 0 Open, 0 Fixed, 0 Closed, 0 Blocked","0","0","0","0","","","","False","","Accepted","False","","02/17/2025 11:53 PM MST","","","","","03/03/2025 09:46 PM MST","","","","Feature F716185: CRR - Editing an Existing Risk Assessment","False","AXP PI 25.1","","","","30.0","0 Defined, 0 In-Progress, 2 Completed, 0 Blocked","0 None Run, 0 Blocked, 0 Error, 0 Fail, 0 Inconclusive, 0 Pass","0.0","0",""
"US5427672","Show confirmation to user for New Assessment creation and Update Sandbox homepage UI with new Risk Assessment Entry","UI message for error case is missing in AC.","Feature F712450: CRR - Creating a New Risk Assessment","1","2.0","Accepted","AXP 25.1.2","As a compliance analyst/manager, I should be able to see a confirmation message after clicking on the add assessment button to see the updated record with the newly created risk assessment entry for my CRR framework setup - Link","Given that the user has filled all details correctlyWhen user clicks on the Add buttonThen he should be redirected back to the Sandbox home screenThen he should be able to see a confirmation message - """"Risk Assessment was created successfully""""Then the confirmation message should automatically disappear in 3 secondsThen the newly created project record should be updated in the Sandbox home screen","Satvik Jain","E_SLPM_ST15_CRR Rule Configuration","12/15/2024 10:51 PM MST","02/17/2025 07:51 AM MST","","","False","","#21a2e0","","Satvik Jain","","config","","","","0 Submitted, 0 Open, 0 Fixed, 0 Closed, 0 Blocked","0","0","0","1","","","","False","","Accepted","False","","02/13/2025 09:17 PM MST","","","E2","09/11/2025 12:47 PM MST","09/11/2025 12:47 PM MST","","","","Feature F712450: CRR - Creating a New Risk Assessment","False","AXP PI 25.1","","","","24.0","0 Defined, 0 In-Progress, 3 Completed, 0 Blocked","0 None Run, 0 Blocked, 0 Error, 0 Fail, 0 Inconclusive, 1 Pass","0.0","1",""
"US5427671","Save Risk Assessment details in the Backend","","Feature F712450: CRR - Creating a New Risk Assessment","0","5.0","Accepted","AXP 25.1.2","As a compliance analyst/manager, I should be able to see the Add button getting enabled after I have filled all the sandbox details correctly so that I can create a new risk assessment/sandbox for effective risk scoring of the customer","Given that the user wants to add a new risk assessmentWhen he has filled out all the risk assessment details correctlyThen he should be able to see the Add button getting enabled and highlighted in a different colorThen he should be able to save the details by clicking the add button (Name, description, scope, default status sandbox) ","Satvik Jain","E_SLPM_ST15_CRR Rule Configuration","12/15/2024 10:50 PM MST","02/17/2025 09:45 AM MST","","","False","","#21a2e0","","Satvik Jain","","config","","","","0 Submitted, 0 Open, 0 Fixed, 0 Closed, 0 Blocked","0","0","0","0","","","","False","","Accepted","False","","02/04/2025 11:22 PM MST","","","","","02/17/2025 09:45 AM MST","","","","Feature F712450: CRR - Creating a New Risk Assessment","False","AXP PI 25.1","","","","40.0","0 Defined, 0 In-Progress, 2 Completed, 0 Blocked","0 None Run, 0 Blocked, 0 Error, 0 Fail, 0 Inconclusive, 0 Pass","0.0","0",""
"US5428193","Sandbox Screen Homepage UI Setup Edit Button","add tooltip messagefetch assessment details Api will also be there","Feature F716185: CRR - Editing an Existing Risk Assessment","0","5.0","Accepted","AXP 25.1.3","As a compliance analyst/manager, I should be able to see the Edit button on the Sandbox homepage screen and should be informed when I hover over the Icon","Given that the user wants to edit the sandbox details,When the user clicks on the edit button in sandbox pageThen a form should open up allowing the user to edit the Sandbox/assessment details","Satvik Jain","E_SLPM_ST15_CRR Rule Configuration","12/16/2024 08:23 AM MST","02/27/2025 08:03 AM MST","","","False","","#21a2e0","","Satvik Jain","","","","","","0 Submitted, 0 Open, 0 Fixed, 0 Closed, 0 Blocked","0","0","0","1","","","","False","","Accepted","False","","02/25/2025 01:49 AM MST","","","E2","09/11/2025 01:04 PM MST","09/11/2025 01:04 PM MST","","","","Feature F716185: CRR - Editing an Existing Risk Assessment","False","AXP PI 25.1","","","","60.0","0 Defined, 0 In-Progress, 3 Completed, 0 Blocked","0 None Run, 0 Blocked, 0 Error, 0 Fail, 0 Inconclusive, 1 Pass","0.0","1",""
"US5609996","Validation for Duplicate Name on Risk Assessment","","Feature F713385: CRR - Establish Core Risk Categories","4","3.0","Accepted","AXP 25.2.6","As a compliance analyst/manager, I want to make sure that user is unable to create/edit the name of an assessment to a value which already exists, if he tries to do that, he should be shown an error message """"Assessment already exists""""LinkError message reference link","Given that the user enters a duplicate assessment name that already existsWhen he types in the incorrect valueThen the system shows him an error """"Assessment already exists""""","Satvik Jain","E_SLPM_ST15_CRR Rule Configuration","03/07/2025 06:15 AM MST","04/14/2025 09:32 PM MST","","","False","","#21a2e0","","Satvik Jain","","","","","","0 Submitted, 0 Open, 0 Fixed, 0 Closed, 0 Blocked","0","0","0","1","","","","False","","Accepted","False","","03/31/2025 11:19 PM MST","","","E2","09/10/2025 09:20 PM MST","09/10/2025 09:20 PM MST","","","","Feature F713385: CRR - Establish Core Risk Categories","False","AXP PI 25.2","","","","42.0","0 Defined, 0 In-Progress, 3 Completed, 0 Blocked","0 None Run, 0 Blocked, 0 Error, 0 Fail, 0 Inconclusive, 1 Pass","0.0","1",""
"US5429197","Creation of Tables and other database objects Scripts in liquibase","","Feature F716188: CRR - Data Modeling","0","5.0","Accepted","AXP 25.1.1","As a developer I want to create database tables ","Given that the Business wants to move to a Bottom-up approach for risk framework configurationWhen the tech team starts development on data modelThen they should be able to create the database tables","Satvik Jain","E_SLPM_ST15_CRR Rule Configuration","12/17/2024 01:45 AM MST","02/03/2025 10:12 PM MST","","","False","","#21a2e0","","Satvik Jain","","","","","","0 Submitted, 0 Open, 0 Fixed, 0 Closed, 0 Blocked","0","0","0","0","","","","False","","Accepted","False","","01/26/2025 10:27 PM MST","","","","","02/03/2025 10:12 PM MST","","","","Feature F716188: CRR - Data Modeling","False","AXP PI 25.1","","","","40.0","0 Defined, 0 In-Progress, 3 Completed, 0 Blocked","0 None Run, 0 Blocked, 0 Error, 0 Fail, 0 Inconclusive, 0 Pass","0.0","0",""
"US5429193","Designing of DB Schema","","Feature F716188: CRR - Data Modeling","0","3.0","Accepted","AXP 25.1.1","As a developer I want to start the designing of the Database schema","Given that the Business wants to move to a Bottom-up approach for risk framework configurationWhen the tech team starts development on data modelThen they should be able to design the DB Schema","Satvik Jain","E_SLPM_ST15_CRR Rule Configuration","12/17/2024 01:44 AM MST","02/03/2025 10:12 PM MST","","","False","","#21a2e0","","Satvik Jain","","","","","","0 Submitted, 0 Open, 0 Fixed, 0 Closed, 0 Blocked","0","0","0","0","","","","False","","Accepted","False","","01/20/2025 10:34 PM MST","","","","","02/03/2025 10:12 PM MST","","","","Feature F716188: CRR - Data Modeling","False","AXP PI 25.1","","","","20.0","0 Defined, 0 In-Progress, 2 Completed, 0 Blocked","0 None Run, 0 Blocked, 0 Error, 0 Fail, 0 Inconclusive, 0 Pass","0.0","0",""
"US5593052","Incorporate existing functionality changes as per new data model","","Feature F716185: CRR - Editing an Existing Risk Assessment","0","5.0","Accepted","AXP 25.1.4","As a developer, I should be able to incorporate existing functionality changes as per the new data model","1. All assessment apis should have all necessary changes in scripts, model and code logic as per new data model2. All category apis should have all necessary changes in scripts, model and code logic as per new data model3. Test cases should be up and running after all changes.4. Apply all validations at backend apis also","Satvik Jain","E_SLPM_ST15_CRR Rule Configuration","03/03/2025 01:01 AM MST","03/17/2025 03:29 AM MST","","","False","","#21a2e0","","Satvik Jain","","","","","","0 Submitted, 0 Open, 0 Fixed, 0 Closed, 0 Blocked","0","0","0","0","","","","False","","Accepted","False","","03/04/2025 09:16 PM MST","","","","","03/17/2025 03:29 AM MST","","","","Feature F716185: CRR - Editing an Existing Risk Assessment","False","AXP PI 25.1","","","","48.0","0 Defined, 0 In-Progress, 2 Completed, 0 Blocked","0 None Run, 0 Blocked, 0 Error, 0 Fail, 0 Inconclusive, 0 Pass","0.0","0",""
"US5617561","Create backend api to put validation on duplicate name","","Feature F739019: CRR - Setup Risk Category and Risk Element Screen","0","3.0","Accepted","AXP 25.1.5 IP","As a developer, I want to Create backend api to put validation on duplicate name","Create backend api to put validation on duplicate name","Satvik Jain","E_SLPM_ST15_CRR Rule Configuration","03/12/2025 06:06 AM MST","03/28/2025 09:06 AM MST","","","False","","#21a2e0","","Satvik Jain","","","","","","0 Submitted, 0 Open, 0 Fixed, 0 Closed, 0 Blocked","0","0","0","0","","","","False","","Accepted","False","","03/18/2025 09:30 PM MST","","","","","03/28/2025 09:06 AM MST","","","","Feature F739019: CRR - Setup Risk Category and Risk Element Screen","False","AXP PI 25.1","","","","36.0","0 Defined, 0 In-Progress, 4 Completed, 0 Blocked","0 None Run, 0 Blocked, 0 Error, 0 Fail, 0 Inconclusive, 0 Pass","0.0","0",""
"US5805159","Create swagger schema and add it in hydra service","","Feature F741328: CRR - Risk Thresholds new layout & Other miscellaneous efforts","0","2.0","Accepted","AXP 25.2.10 IP","As a developer, I want to Create swagger schema and add it in hydra service","Create swagger schema and add it in hydra service","Satvik Jain","E_SLPM_ST15_CRR Rule Configuration","05/26/2025 12:54 AM MST","06/09/2025 01:56 AM MST","","","False","","#21a2e0","","Satvik Jain","","","","","","0 Submitted, 0 Open, 0 Fixed, 0 Closed, 0 Blocked","0","0","0","0","","","","False","","Accepted","False","","06/03/2025 09:34 PM MST","","","","","06/09/2025 01:56 AM MST","","","","Feature F741328: CRR - Risk Thresholds new layout & Other miscellaneous efforts","False","AXP PI 25.2","","","","48.0","0 Defined, 0 In-Progress, 2 Completed, 0 Blocked","0 None Run, 0 Blocked, 0 Error, 0 Fail, 0 Inconclusive, 0 Pass","0.0","0",""
"US5538666","Change scope api to the one from DAM","","","0","2.0","Being Groomed","","As a developer, I want to change scope api to the one from DAM and use caching to store data and implement pull mechanism to periodically refresh data","Change scope api to the one from DAM and use caching to store data and implement pull mechanism to periodically refresh data","Satvik Jain","E_SLPM_ST15_CRR Rule Configuration","02/03/2025 10:54 PM MST","","","","False","","#21a2e0","","Satvik Jain","","config","","","","0 Submitted, 0 Open, 0 Fixed, 0 Closed, 0 Blocked","0","0","0","0","","","","False","","Being Groomed","False","","","","","","","03/05/2025 10:39 PM MST","","","","","False","","","","","0.0","0 Defined, 0 In-Progress, 0 Completed, 0 Blocked","0 None Run, 0 Blocked, 0 Error, 0 Fail, 0 Inconclusive, 0 Pass","0.0","0",""
"US5632677","Creation of Backend API for Risk rules","Please add figma link","Feature F736465: CRR - Create Rule Logic Setup in Basic Mode","0","5.0","Accepted","AXP 25.2.7","As a developer, I want to create backend API for risk rules","Given that user is trying to setup rulesWhen he visits the rule configuration screenThen he is able to correctly configure the rules using Backend API's","Satvik Jain","E_SLPM_ST15_CRR Rule Configuration","03/17/2025 08:38 PM MST","04/28/2025 01:03 AM MST","","","False","","#21a2e0","","Satvik Jain","","","","","","0 Submitted, 0 Open, 0 Fixed, 0 Closed, 0 Blocked","0","0","0","0","","","","False","","Accepted","False","","04/15/2025 09:03 PM MST","","","","","04/28/2025 01:03 AM MST","","","","Feature F736465: CRR - Create Rule Logic Setup in Basic Mode","False","AXP PI 25.2","","","","84.0","0 Defined, 0 In-Progress, 10 Completed, 0 Blocked","0 None Run, 0 Blocked, 0 Error, 0 Fail, 0 Inconclusive, 0 Pass","0.0","0",""
"US5588658","Create backend logic to list risk element","","Feature F739019: CRR - Setup Risk Category and Risk Element Screen","0","4.0","Accepted","AXP 25.1.4","As a developer, I want to define and code the backend logic to list a risk element","Given that the user wants to setup risk elementsWhen the risk elements are createdThen we are able to list them using backend API's ","Satvik Jain","E_SLPM_ST15_CRR Rule Configuration","02/27/2025 08:01 AM MST","03/13/2025 08:21 AM MST","","","False","","#21a2e0","","Satvik Jain","","config","","","","0 Submitted, 0 Open, 0 Fixed, 0 Closed, 0 Blocked","0","0","0","0","","","","False","","Accepted","False","","03/03/2025 10:39 PM MST","","","","","03/13/2025 08:21 AM MST","","","","Feature F739019: CRR - Setup Risk Category and Risk Element Screen","False","AXP PI 25.1","","","","48.0","0 Defined, 0 In-Progress, 2 Completed, 0 Blocked","0 None Run, 0 Blocked, 0 Error, 0 Fail, 0 Inconclusive, 0 Pass","0.0","0",""
"US5593045","Create backend logic to save risk element","","Feature F739019: CRR - Setup Risk Category and Risk Element Screen","0","5.0","Accepted","AXP 25.1.4","As a developer, I want to define and code the backend logic to save a risk element","1. database objects should be in place as per new data model2. liquibase script should be in place2. save api should be in place to handle save ","Satvik Jain","E_SLPM_ST15_CRR Rule Configuration","03/03/2025 01:00 AM MST","03/17/2025 03:29 AM MST","","","False","","#21a2e0","","Satvik Jain","","","","","","0 Submitted, 0 Open, 0 Fixed, 0 Closed, 0 Blocked","0","0","0","0","","","","False","","Accepted","False","","03/04/2025 09:25 PM MST","","","","","03/17/2025 03:31 AM MST","","","","Feature F739019: CRR - Setup Risk Category and Risk Element Screen","False","AXP PI 25.1","","","","54.0","0 Defined, 0 In-Progress, 1 Completed, 0 Blocked","0 None Run, 0 Blocked, 0 Error, 0 Fail, 0 Inconclusive, 0 Pass","0.0","0",""
"US5632686","Automation of Delete Functionality for Risk Assessment","Please add figma link","Feature F713389: CRR - Deletion of an Assessment, Category, Element, or Rule","0","2.0","Accepted","AXP 25.2.8","As a developer, I want to do Automation of Delete Functionality for Risk AssessmentLink ","Automation of Delete Functionality for Risk Assessment","Satvik Jain","E_SLPM_ST15_CRR Rule Configuration","03/17/2025 08:45 PM MST","05/12/2025 02:46 AM MST","","","False","","#21a2e0","","Satvik Jain","","","","","","0 Submitted, 0 Open, 0 Fixed, 5 Closed, 0 Blocked","5","0","0","1","","","","False","","Accepted","False","","05/04/2025 09:14 PM MST","","","E2","08/09/2025 03:22 PM MST","08/09/2025 03:23 PM MST","","","","Feature F713389: CRR - Deletion of an Assessment, Category, Element, or Rule","False","AXP PI 25.2","","","","18.0","0 Defined, 0 In-Progress, 1 Completed, 0 Blocked","0 None Run, 0 Blocked, 0 Error, 0 Fail, 0 Inconclusive, 1 Pass","0.0","1",""
"US5742573","Automation of Delete Functionality for Risk Category","Please add figma link","Feature F713389: CRR - Deletion of an Assessment, Category, Element, or Rule","0","2.0","Accepted","AXP 25.2.8","As a developer, I want to do Automation of Delete Functionality for Risk CategoryLink ","Automation of Delete Functionality for Risk Category","Satvik Jain","E_SLPM_ST15_CRR Rule Configuration","04/28/2025 12:39 AM MST","05/12/2025 02:45 AM MST","","","False","","#21a2e0","","Satvik Jain","","","","","","0 Submitted, 0 Open, 0 Fixed, 3 Closed, 0 Blocked","3","0","0","1","","","","False","","Accepted","False","","05/04/2025 09:14 PM MST","","","E2","08/09/2025 03:27 PM MST","08/09/2025 03:27 PM MST","","","","Feature F713389: CRR - Deletion of an Assessment, Category, Element, or Rule","False","AXP PI 25.2","","","","12.0","0 Defined, 0 In-Progress, 1 Completed, 0 Blocked","0 None Run, 0 Blocked, 0 Error, 0 Fail, 0 Inconclusive, 1 Pass","0.0","1",""
"US5742575","Automation of Delete Functionality for Risk Element","Please add figma link","Feature F713389: CRR - Deletion of an Assessment, Category, Element, or Rule","0","3.0","Accepted","AXP 25.2.8","As a developer, I want to do Automation of Delete Functionality for Risk Element ","Automation of Delete Functionality for Risk Element","Satvik Jain","E_SLPM_ST15_CRR Rule Configuration","04/28/2025 12:40 AM MST","05/09/2025 03:22 AM MST","","","False","","#21a2e0","","Satvik Jain","","","","","","0 Submitted, 0 Open, 0 Fixed, 0 Closed, 0 Blocked","0","0","0","1","","","","False","","Accepted","False","","04/29/2025 08:32 PM MST","","","E2","08/11/2025 08:53 PM MST","08/11/2025 08:53 PM MST","","","","Feature F713389: CRR - Deletion of an Assessment, Category, Element, or Rule","False","AXP PI 25.2","","","","54.0","0 Defined, 0 In-Progress, 2 Completed, 0 Blocked","0 None Run, 0 Blocked, 0 Error, 0 Fail, 0 Inconclusive, 1 Pass","0.0","1",""
"US5805184","Validation of connection and existing queries","","Feature F741328: CRR - Risk Thresholds new layout & Other miscellaneous efforts","0","1.0","Accepted","AXP 25.2.10 IP","As a developer, I want to do Validation of connection and existing queries","Validation of connection and existing queries","Satvik Jain","E_SLPM_ST15_CRR Rule Configuration","05/26/2025 01:00 AM MST","06/09/2025 02:24 AM MST","","","False","","#21a2e0","","Satvik Jain","","","","","","0 Submitted, 0 Open, 0 Fixed, 0 Closed, 0 Blocked","0","0","0","0","","","","False","","Accepted","False","","05/28/2025 01:01 AM MST","","","","","06/09/2025 02:24 AM MST","","","","Feature F741328: CRR - Risk Thresholds new layout & Other miscellaneous efforts","False","AXP PI 25.2","","","","6.0","0 Defined, 0 In-Progress, 1 Completed, 0 Blocked","0 None Run, 0 Blocked, 0 Error, 0 Fail, 0 Inconclusive, 0 Pass","0.0","0",""
"US5617478","DB Model designing for Asset Manager","Please attach Figma","Feature F739019: CRR - Setup Risk Category and Risk Element Screen","0","3.0","Accepted","AXP 25.1.5 IP","As a developer, I want to ensure DB Model designing for Asset Manager","DB Model designing for Asset Manager","Satvik Jain","E_SLPM_ST15_CRR Rule Configuration","03/12/2025 05:15 AM MST","03/28/2025 09:06 AM MST","","","False","","#21a2e0","","Satvik Jain","","","","","","0 Submitted, 0 Open, 0 Fixed, 0 Closed, 0 Blocked","0","0","0","0","","","","False","","Accepted","False","","03/27/2025 03:04 AM MST","","","","","03/28/2025 09:06 AM MST","","","","Feature F739019: CRR - Setup Risk Category and Risk Element Screen","False","AXP PI 25.1","","","","30.0","0 Defined, 0 In-Progress, 2 Completed, 0 Blocked","0 None Run, 0 Blocked, 0 Error, 0 Fail, 0 Inconclusive, 0 Pass","0.0","0",""
"US5617480","Utility API for common usecase like dropdowns, duplicate","","Feature F739019: CRR - Setup Risk Category and Risk Element Screen","0","3.0","Accepted","AXP 25.1.5 IP","As a developer, I want to ensure Utility API for common usecase like dropdowns, duplicate","Utility API for common usecase like dropdowns, duplicate","Satvik Jain","E_SLPM_ST15_CRR Rule Configuration","03/12/2025 05:16 AM MST","03/31/2025 01:57 AM MST","","","False","","#21a2e0","","Satvik Jain","","","","","","0 Submitted, 0 Open, 0 Fixed, 0 Closed, 0 Blocked","0","0","0","0","","","","False","","Accepted","False","","03/18/2025 08:39 PM MST","","","","","03/31/2025 01:57 AM MST","","","","Feature F739019: CRR - Setup Risk Category and Risk Element Screen","False","AXP PI 25.1","","","","42.0","0 Defined, 0 In-Progress, 3 Completed, 0 Blocked","0 None Run, 0 Blocked, 0 Error, 0 Fail, 0 Inconclusive, 0 Pass","0.0","0",""
"US5483874","Integration between frontend and backend for create a  new risk assessment","","Feature F712450: CRR - Creating a New Risk Assessment","0","5.0","Accepted","AXP 25.1.2","As a developer, I want to ensure that there is integration between frontend and backend on Create a new risk assessment functionality.","Given that user wants to create a new risk assessmentWhen user follows the assessment creation processThen there is proper connectivity between frontend and backend processes","Satvik Jain","E_SLPM_ST15_CRR Rule Configuration","01/15/2025 01:16 AM MST","02/17/2025 07:51 AM MST","","","False","","#21a2e0","","Satvik Jain","","","","","","0 Submitted, 0 Open, 0 Fixed, 0 Closed, 0 Blocked","0","0","0","0","","","","False","","Accepted","False","","02/09/2025 09:46 PM MST","","","","","02/17/2025 07:51 AM MST","","","","Feature F712450: CRR - Creating a New Risk Assessment","False","AXP PI 25.1","","","","47.0","0 Defined, 0 In-Progress, 5 Completed, 0 Blocked","0 None Run, 0 Blocked, 0 Error, 0 Fail, 0 Inconclusive, 0 Pass","0.0","0",""
"US5483886","Integration between frontend and backend on Category and Element","","Feature F739019: CRR - Setup Risk Category and Risk Element Screen","0","5.0","Accepted","AXP 25.1.5 IP","As a developer, I want to ensure that there is integration between frontend and backend on Edit a new risk assessment functionality. ","Given that user wants to edit an existing risk assessmentWhen user follows the assessment creation processThen there is proper connectivity between frontend and backend processesGiven that the user has finalized all modifications to an assessment detailsWhen user clicks the save buttonThen all modified details should be saved in the database and the updated record should be shown in the sandbox pageThen a confirmation message should be shown """"Risk assessment was updated successfully""""When an error occurs during the save processThen an error message show show up """"Unable to save the changes, please contact support""""Then the confirmation message should auto disappear in 3 secondsUser should be able to  click the x button to close the notification.  ","Satvik Jain","E_SLPM_ST15_CRR Rule Configuration","01/15/2025 01:23 AM MST","03/31/2025 01:56 AM MST","","","False","","#21a2e0","","Satvik Jain","","","","","","0 Submitted, 0 Open, 0 Fixed, 0 Closed, 0 Blocked","0","0","0","0","","","","False","","Accepted","False","","03/18/2025 09:35 PM MST","","","","","03/31/2025 01:56 AM MST","","","","Feature F739019: CRR - Setup Risk Category and Risk Element Screen","False","AXP PI 25.1","","","","78.0","0 Defined, 0 In-Progress, 6 Completed, 0 Blocked","0 None Run, 0 Blocked, 0 Error, 0 Fail, 0 Inconclusive, 0 Pass","0.0","0",""
"US5483875","Backend code structure","","Feature F712450: CRR - Creating a New Risk Assessment","0","5.0","Accepted","AXP 25.1.1","As a developer, I want to ensure that there is proper backend code structure in place so that user is able to create a new risk assessment Figma Prototype LinkFigma Design Link","Given that a backend logic needs to be created for CRRWhen backend code structure is finalizedThen we should be able to Split components in appropriate package, well defined directory structureSetup environment specific configuration with separate configuration files for each profile.Proper ORM in place, with basic CRUD operation functionalEndpoints should follow correct route convention like /api/v1/Logging framework should be in place and level should be controllable via property file.Unit testing framework should be setup and ready to useSwagger API setup should be thereProject should have an initial README file that outlines the setup of application","Satvik Jain","E_SLPM_ST15_CRR Rule Configuration","01/15/2025 01:16 AM MST","02/03/2025 10:12 PM MST","","","False","","#21a2e0","","Satvik Jain","","","","","","0 Submitted, 0 Open, 0 Fixed, 0 Closed, 0 Blocked","0","0","0","0","","","","False","","Accepted","False","","01/22/2025 09:21 PM MST","","","","","02/03/2025 10:12 PM MST","","","","Feature F712450: CRR - Creating a New Risk Assessment","False","AXP PI 25.1","","","","51.0","0 Defined, 0 In-Progress, 7 Completed, 0 Blocked","0 None Run, 0 Blocked, 0 Error, 0 Fail, 0 Inconclusive, 0 Pass","0.0","0",""
"US5483876","Frontend Code Structure","","Feature F712450: CRR - Creating a New Risk Assessment","0","5.0","Accepted","AXP 25.1.1","As a developer, I want to ensure that there is proper frontend code structure in place so that user is create a new risk assessment with the modern UI Figma Prototype LinkFigma Design Link","Given that UI needs to be created for CRRWhen frontend code structure is finalizedThen we should be able to validate all use cases","Satvik Jain","E_SLPM_ST15_CRR Rule Configuration","01/15/2025 01:16 AM MST","02/03/2025 10:12 PM MST","","","False","","#21a2e0","","Satvik Jain","","","","","","0 Submitted, 0 Open, 0 Fixed, 0 Closed, 0 Blocked","0","0","0","2","","","","False","","Accepted","False","","01/20/2025 10:45 PM MST","","","E2","10/06/2025 11:39 PM MST","08/09/2025 03:14 PM MST","","","","Feature F712450: CRR - Creating a New Risk Assessment","False","AXP PI 25.1","","","","120.0","0 Defined, 0 In-Progress, 5 Completed, 0 Blocked","0 None Run, 0 Blocked, 0 Error, 0 Fail, 0 Inconclusive, 2 Pass","0.0","2",""
"US5805151","Vulnerabilites for Frontend repositories","","Feature F741328: CRR - Risk Thresholds new layout & Other miscellaneous efforts","0","1.0","Accepted","AXP 25.2.10 IP","As a developer, I want to fix Vulnerabilites for Frontend repositories","Vulnerabilites for Frontend repositories are fixed","Satvik Jain","E_SLPM_ST15_CRR Rule Configuration","05/26/2025 12:51 AM MST","06/09/2025 02:17 AM MST","","","False","","#21a2e0","","Satvik Jain","","","","","","0 Submitted, 0 Open, 0 Fixed, 0 Closed, 0 Blocked","0","0","0","0","","","","False","","Accepted","False","","06/02/2025 08:47 PM MST","","","","","06/09/2025 02:17 AM MST","","","","Feature F741328: CRR - Risk Thresholds new layout & Other miscellaneous efforts","False","AXP PI 25.2","","","","36.0","0 Defined, 0 In-Progress, 1 Completed, 0 Blocked","0 None Run, 0 Blocked, 0 Error, 0 Fail, 0 Inconclusive, 0 Pass","0.0","0",""
"US5484158","Setup of Liquibase","","Feature F716188: CRR - Data Modeling","0","5.0","Accepted","AXP 25.1.1","As a developer, I want to setup Liquibase for Version control on DB","Given that we want to setup version control on DBWhen liquibase is setupThen We should be able to run it with CIWe should be able to run liquibase on memory database.","Satvik Jain","E_SLPM_ST15_CRR Rule Configuration","01/15/2025 02:37 AM MST","02/03/2025 10:12 PM MST","","","False","","#21a2e0","","Satvik Jain","","","","","","0 Submitted, 0 Open, 0 Fixed, 0 Closed, 0 Blocked","0","0","0","0","","","","False","","Accepted","False","","01/21/2025 09:27 PM MST","","","","","02/03/2025 10:12 PM MST","","","","Feature F716188: CRR - Data Modeling","False","AXP PI 25.1","","","","60.0","0 Defined, 0 In-Progress, 4 Completed, 0 Blocked","0 None Run, 0 Blocked, 0 Error, 0 Fail, 0 Inconclusive, 0 Pass","0.0","0",""
"US5429195","Validation of DB Schema from DB Team","","Feature F716188: CRR - Data Modeling","0","3.0","Accepted","AXP 25.1.2","As a developer, I want to validate the designs of the Database schema with the Database team","Given that the Business wants to move to a Bottom-up approach for risk framework configurationWhen the tech team starts development on data modelThen they should get the DB schema validation by the DB Team","Satvik Jain","E_SLPM_ST15_CRR Rule Configuration","12/17/2024 01:44 AM MST","02/17/2025 07:51 AM MST","","","False","","#21a2e0","","Satvik Jain","","","","","","0 Submitted, 0 Open, 0 Fixed, 0 Closed, 0 Blocked","0","0","0","0","","","","False","","Accepted","False","","02/09/2025 10:51 PM MST","","","","","02/17/2025 07:51 AM MST","","","","Feature F716188: CRR - Data Modeling","False","AXP PI 25.1","","","","18.0","0 Defined, 0 In-Progress, 2 Completed, 0 Blocked","0 None Run, 0 Blocked, 0 Error, 0 Fail, 0 Inconclusive, 0 Pass","0.0","0",""
"US5565366","Validation of DB Schema from DB Team","","Feature F716188: CRR - Data Modeling","0","3.0","Accepted","AXP 25.1.3","As a developer, I want to validate the designs of the Database schema with the Database teamAC: Given that the Business wants to move to a Bottom-up approach for risk framework configuration","Tech team should get the DB schema validation by the DB Team","Satvik Jain","E_SLPM_ST15_CRR Rule Configuration","02/17/2025 04:04 AM MST","03/03/2025 09:46 PM MST","","","False","","#21a2e0","","Satvik Jain","","","","","","0 Submitted, 0 Open, 0 Fixed, 0 Closed, 0 Blocked","0","0","0","0","","","","False","","Accepted","False","","02/26/2025 10:46 PM MST","","","","","03/03/2025 09:46 PM MST","","","","Feature F716188: CRR - Data Modeling","False","AXP PI 25.1","","","","24.0","0 Defined, 0 In-Progress, 1 Completed, 0 Blocked","0 None Run, 0 Blocked, 0 Error, 0 Fail, 0 Inconclusive, 0 Pass","0.0","0",""
"US5565335","Create/Edit/Get a risk category backend API","","Feature F739019: CRR - Setup Risk Category and Risk Element Screen","0","0.0","Accepted","AXP 25.1.3","As a developer, I would like to create the Backend API for Create/Edit/Get for a risk category so that the Risk category information can be available on the UI","Given that a backend API would be required, when risk category is created, then we have a backend API for Get Given that a backend API would be required, when risk category is created, then we have a backend API for CreateGiven that a backend API would be required, when risk category is created, then we have a backend API for Edit ","Satvik Jain","E_SLPM_ST15_CRR Rule Configuration","02/17/2025 03:56 AM MST","03/03/2025 12:56 AM MST","","","False","","#21a2e0","","Satvik Jain","","","","","","0 Submitted, 0 Open, 0 Fixed, 0 Closed, 0 Blocked","0","0","0","0","","","","False","","Accepted","False","","02/17/2025 08:43 PM MST","","","","","03/11/2025 07:19 AM MST","","","","Feature F739019: CRR - Setup Risk Category and Risk Element Screen","False","AXP PI 25.1","","","","60.0","0 Defined, 0 In-Progress, 5 Completed, 0 Blocked","0 None Run, 0 Blocked, 0 Error, 0 Fail, 0 Inconclusive, 0 Pass","0.0","0",""
"US5614740","Integration with Backend for Rules Basic Mode","Please add figma link","Feature F736465: CRR - Create Rule Logic Setup in Basic Mode","0","3.0","Accepted","AXP 25.2.8","As a developer, I would like to ensure that there is integration between frontend and backend for rules ","Given that the user wants to create a new ruleWhen he does not fill out the mandatory fields - Rule Description, Data point, Operator and Value, LookbackThen the save button remains disabledGiven that the user wants to add a multiplierWhen he tries to setup a new multiplierThen by default he is able to see the default multiplier mode as value and the Value as 0Given that the user wants to setup a Rule descriptionWhen he tries to setup a long description Then maximum characters allowed to him for the Rule description is 200 characters ","Satvik Jain","E_SLPM_ST15_CRR Rule Configuration","03/11/2025 07:21 AM MST","05/12/2025 02:46 AM MST","","","False","","#21a2e0","","Satvik Jain","","","","","","0 Submitted, 0 Open, 0 Fixed, 0 Closed, 0 Blocked","0","0","0","0","","","","False","","Accepted","False","","04/29/2025 09:04 PM MST","","","","","05/12/2025 02:46 AM MST","","","","Feature F736465: CRR - Create Rule Logic Setup in Basic Mode","False","AXP PI 25.2","","","","41.0","0 Defined, 0 In-Progress, 3 Completed, 0 Blocked","0 None Run, 0 Blocked, 0 Error, 0 Fail, 0 Inconclusive, 0 Pass","0.0","0",""
"US5616745","Data point, Operator and Value setup","Please add figma linkConfirm with Tommy, Override Applicability, Min Max Applicability Value ","Feature F736465: CRR - Create Rule Logic Setup in Basic Mode","0","2.0","Accepted","AXP 25.2.7","As a developer, I would like to ensure that there is integration between frontend and backend for rules. Validations will be picked up in 25.2.8. We would only be working on UI on this story and integration with backend will be done in user story id - US5614740CRR Framework Export Link","Given that the user is setting up a rule,When they create/edit a new ruleThen they should see the relevant details by using integration from backendGiven that user tries to setup a rule when 100 rules are already existing on a risk elementWhen he tries to setup a new 101st rule inside the same risk elementThen we show him an error message - """"The maximum number of rules supported is 100"""" (Refer design of system error and update error message""""","Satvik Jain","E_SLPM_ST15_CRR Rule Configuration","03/11/2025 09:36 PM MST","04/28/2025 02:58 AM MST","","","False","","#21a2e0","","Satvik Jain","","","","","","0 Submitted, 0 Open, 0 Fixed, 0 Closed, 0 Blocked","0","0","0","0","","","","False","","Accepted","False","","04/21/2025 07:45 PM MST","","","","","04/28/2025 02:58 AM MST","","","","Feature F736465: CRR - Create Rule Logic Setup in Basic Mode","False","AXP PI 25.2","","","","14.0","0 Defined, 0 In-Progress, 1 Completed, 0 Blocked","0 None Run, 0 Blocked, 0 Error, 0 Fail, 0 Inconclusive, 0 Pass","0.0","0",""
"US5593048","Change in liquibase scripts as per new data model","","Feature F716185: CRR - Editing an Existing Risk Assessment","0","1.0","Accepted","AXP 25.1.4","As a developer, I would want to update changes in liquibase scripts as per new data model","1. New data model should be in confluence and in new repository2. New liquibase script should be in place as per new data model3. New database should be in place as per new data model","Satvik Jain","E_SLPM_ST15_CRR Rule Configuration","03/03/2025 01:01 AM MST","03/13/2025 08:21 AM MST","","","False","","#21a2e0","","Satvik Jain","","","","","","0 Submitted, 0 Open, 0 Fixed, 0 Closed, 0 Blocked","0","0","0","0","","","","False","","Accepted","False","","03/03/2025 10:39 PM MST","","","","","03/13/2025 08:21 AM MST","","","","Feature F716185: CRR - Editing an Existing Risk Assessment","False","AXP PI 25.1","","","","6.0","0 Defined, 0 In-Progress, 1 Completed, 0 Blocked","0 None Run, 0 Blocked, 0 Error, 0 Fail, 0 Inconclusive, 0 Pass","0.0","0",""
"US5610098","Backend APIs for Advance Rule","","Feature F713387: CRR - Create Rule Logic Setup in Advanced Mode","0","5.0","Accepted","AXP 25.2.8","As a user, I want backend API to be written for fetching and saving of rule conditions correctly., for the proper integration of frontend with the backend","Given that user is in Basic ModeWhen the user tries to Switch to advanced modeThen we retain the conditions he added in the Basic mode and show necessary validations.Given that the user is in the Advanced modeWhen the user tries to switch back to the basic modeThen we retain the conditions he has added under advanced mode and change it to Basic mode logic with default AND operator combination and necessary validations govern the enable/disable state of the save buttonGiven that user tries to save the rules in the Advanced modeWhen they click the save buttonThen System should be able to rewrite the rule logic replacing it with the custom rule condition that user has specified with the Advanced mode UI state and next time it should open in the advanced viewGiven that the user has saved the rules in advanced mode with multiple parenthesisWhen they try to save the custom rule conditionThen the order of application of operators and parenthesis is decided by following brackets first inside out pattern.Given that the user tries to edit/update an existing rule by changing it to Advanced modeWhen they click save in the Advanced modeThen the custom rule condition and the Advanced mode UI state should be captured, and user should be able to see the rule in the advanced mode view next time he opensGiven that the user tries to Add a new condition but has incompletely defined itWhen they have not used this condition in the custom rule logic (Say 4 is defined incompletely but custom rule is ((1 AND 2) OR 3)Then they should not see a validation error and vice versaThen while saving, only conditions mentioned in the Custom rule condition should be saved.Given that if the user tries to remove an existing conditionWhen they click the minus button to remove the condition Then the rest of the conditions are renumbered from Top to Bottom from the beginning.Given that at any point if user closes the Add rule/Edit Rule window without saving the changesWhen he clicks on the X button to close the windowsThen all his unsaved changes are lost, and he is redirected to the Ruleset screen for the risk element that he was editing","Satvik Jain","E_SLPM_ST15_CRR Rule Configuration","03/07/2025 07:17 AM MST","05/09/2025 03:35 AM MST","","","False","","#21a2e0","","Satvik Jain","","","","","","0 Submitted, 0 Open, 0 Fixed, 0 Closed, 0 Blocked","0","0","0","0","","","","False","","Accepted","False","","04/29/2025 01:48 AM MST","","","","","05/09/2025 03:35 AM MST","","","","Feature F713387: CRR - Create Rule Logic Setup in Advanced Mode","False","AXP PI 25.2","","","","44.0","0 Defined, 0 In-Progress, 4 Completed, 0 Blocked","0 None Run, 0 Blocked, 0 Error, 0 Fail, 0 Inconclusive, 0 Pass","0.0","0",""
"US5610019","Ensure Element Changes Are Saved Properly","","","0","0.0","Defined","","As a user, I want my edited Element details to be correctly saved so that the updates are reflected in the system.Link "," Given that the user modifies the Element name and description,When they click “Save,”Then the system should update the category and reflect the new details in the Elements list.Given that an API failure occurs,When the user attempts to save changes,Then the system should show an appropriate error message and prevent incomplete updates.","Satvik Jain","E_SLPM_ST15_CRR Rule Configuration","03/07/2025 06:31 AM MST","","","","False","","#21a2e0","","Satvik Jain","","","","","","0 Submitted, 0 Open, 0 Fixed, 0 Closed, 0 Blocked","0","0","0","0","","","","False","","Defined","False","","","","","","","03/13/2025 08:58 AM MST","","","","","False","","","","","0.0","0 Defined, 0 In-Progress, 0 Completed, 0 Blocked","0 None Run, 0 Blocked, 0 Error, 0 Fail, 0 Inconclusive, 0 Pass","0.0","0",""
"US5610006","Ensure Category Changes Are Saved Properly","","","0","0.0","Defined","","As a user, I want my edited category details to be correctly saved so that the updates are reflected in the system.Link  ","Given that the user modifies the category name and description,When they click “Save,”Then the system should update the category and reflect the new details in the category list.Given that an API failure occurs,When the user attempts to save changes,Then the system should show an appropriate error message and prevent incomplete updates.","Satvik Jain","E_SLPM_ST15_CRR Rule Configuration","03/07/2025 06:21 AM MST","","","","False","","#21a2e0","","Satvik Jain","","","","","","0 Submitted, 0 Open, 0 Fixed, 0 Closed, 0 Blocked","0","0","0","0","","","","False","","Defined","False","","","","","","","03/13/2025 08:55 AM MST","","","","","False","","","","","0.0","0 Defined, 0 In-Progress, 0 Completed, 0 Blocked","0 None Run, 0 Blocked, 0 Error, 0 Fail, 0 Inconclusive, 0 Pass","0.0","0",""
"US5610131","Validate Rule Logic Before Saving","","Feature F713387: CRR - Create Rule Logic Setup in Advanced Mode","1","5.0","Accepted","AXP 25.2.8","As a user, I want the system to prevent me from saving an incomplete rule logic query so that the rule is always correctly configured.Figma link ","Given that the user has not filled up all required conditions in the logic,When they try to save,Then the Save button should be disabled.Given that the rule logic contains missing or incompletely defined conditionsWhen the user attempts to save,Then an error message should be displayed - """"Filter conditions referenced by 2 does not exist or is not valid""""Given that the rule logic contains unbalanced parenthesisWhen the user attempts to save,Then an error message should be displayed - """"Parenthesis must be balanced""""Given that the rule logic contains unsupported characters or text (random alphanumeric other than condition numbers and operators, or any symbols)When the user attempts to save,Then an error message should be displayed - """"Filter condition is malformed""""Given that the rule logic is correctly formatted,When the user clicks Save,Then the system should successfully store the rule logic.","Satvik Jain","E_SLPM_ST15_CRR Rule Configuration","03/07/2025 07:36 AM MST","06/09/2025 07:10 PM MST","","","False","","#21a2e0","","Satvik Jain","","","","","","0 Submitted, 0 Open, 0 Fixed, 0 Closed, 0 Blocked","0","0","0","0","","","","False","","Accepted","False","","06/09/2025 07:10 PM MST","","","","","06/09/2025 07:10 PM MST","","","","Feature F713387: CRR - Create Rule Logic Setup in Advanced Mode","False","AXP PI 25.2","","","","12.0","0 Defined, 0 In-Progress, 1 Completed, 0 Blocked","0 None Run, 0 Blocked, 0 Error, 0 Fail, 0 Inconclusive, 0 Pass","0.0","0",""
"US5613887","Save a Version Upon Submission","","","0","","Being Groomed","","As a user, I want the system to save my assessment as a version when I click “Submit” so that I can track changes over time. ","Given that a user clicks “Submit”,When the system processes the request,Then it should store the assessment configuration as a new version.","Satvik Jain","S_Second Line Platform Modernization (SLPM)","03/10/2025 10:17 PM MST","","","","False","","#21a2e0","","Satvik Jain","","","","","","0 Submitted, 0 Open, 0 Fixed, 0 Closed, 0 Blocked","0","0","0","0","","","","False","","Being Groomed","False","","","","","","","05/29/2025 09:26 AM MST","","","","","False","","","","","0.0","0 Defined, 0 In-Progress, 0 Completed, 0 Blocked","0 None Run, 0 Blocked, 0 Error, 0 Fail, 0 Inconclusive, 0 Pass","0.0","0",""
"US5648442","Validating Risk Threshold Order","","Feature F741328: CRR - Risk Thresholds new layout & Other miscellaneous efforts","0","1.0","Accepted","AXP 25.2.8","As a user, I want the system to validate my risk threshold inputs so that I do not enter values that disrupt the logical order.Figma Link ","Given the user is in the Enterprise Risk Assessment,When they enter risk threshold values that are not in ascending order,Then the system should display an error message “Risk thresholds need to be in ascending order” and highlight the incorrect field.","Satvik Jain","E_SLPM_ST15_CRR Rule Configuration","03/20/2025 08:12 AM MST","05/12/2025 09:44 PM MST","","","False","","#21a2e0","","Satvik Jain","","","","","","0 Submitted, 0 Open, 0 Fixed, 0 Closed, 0 Blocked","0","0","0","0","","","","False","","Accepted","False","","04/29/2025 08:34 PM MST","","","","","05/12/2025 09:44 PM MST","","","","Feature F741328: CRR - Risk Thresholds new layout & Other miscellaneous efforts","False","AXP PI 25.2","","","","10.0","0 Defined, 0 In-Progress, 1 Completed, 0 Blocked","0 None Run, 0 Blocked, 0 Error, 0 Fail, 0 Inconclusive, 0 Pass","0.0","0",""
"US5609999","Prevent Duplicate Category Names During Creation","Error Message in case of duplicate Check with product on what event the error message should be displayedcheck with product if different assessments can have same category names.","Feature F713385: CRR - Establish Core Risk Categories","0","1.0","Accepted","AXP 25.2.6","As a user, I want to be prevented from creating a category with a duplicate name so that I avoid redundancy during Category creation event. There should not be two categories of the same name inside the same assessment.Note: Two different assessments can have categories with same nameLink (Take reference for error message design but change heading and error message) ","Given that a category with the same name already exists,When the user attempts to save a new category with the same name,Then the system should show an error message stating “Category already exists.” Then this error message should be displayed as soon as user enter the category name in the field","Satvik Jain","E_SLPM_ST15_CRR Rule Configuration","03/07/2025 06:17 AM MST","04/07/2025 02:00 AM MST","","","False","","#21a2e0","","Satvik Jain","","","","","","0 Submitted, 0 Open, 0 Fixed, 0 Closed, 0 Blocked","0","0","0","0","","","","False","","Accepted","False","","04/01/2025 02:04 AM MST","","","","","04/07/2025 02:00 AM MST","","","","Feature F713385: CRR - Establish Core Risk Categories","False","AXP PI 25.2","","","","12.0","0 Defined, 0 In-Progress, 1 Completed, 0 Blocked","0 None Run, 0 Blocked, 0 Error, 0 Fail, 0 Inconclusive, 0 Pass","0.0","0",""
"US5610016","Prevent Duplicate Element Names During Creation","Check with product on what event the error message should be displayedcheck with product if different assessments can have same element names.- confirm from Aniket","Feature F713386: CRR - Establish Core Risk Elements","0","1.0","Accepted","AXP 25.2.6","As a user, I want to be prevented from creating an Element with a duplicate name so that I avoid redundancy. Note: In the same assessment, there cannot be two elements with the same name, however there can be risk elements with the same name in two different assessmentsLink (Take reference for error message design but change heading and error message) ","Given that an Element with the same name already exists,When the user attempts to save a new Element with the same name,Then the system should show an error message stating “Element already exists.” Then this error message should be displayed as soon as user enter the element name in the field","Satvik Jain","E_SLPM_ST15_CRR Rule Configuration","03/07/2025 06:29 AM MST","04/11/2025 01:49 AM MST","","","False","","#21a2e0","","Satvik Jain","","","","","","0 Submitted, 0 Open, 0 Fixed, 0 Closed, 0 Blocked","0","0","0","0","","","","False","","Accepted","False","","04/10/2025 08:31 PM MST","","","","","04/11/2025 01:49 AM MST","","","","Feature F713386: CRR - Establish Core Risk Elements","False","AXP PI 25.2","","","","6.0","0 Defined, 0 In-Progress, 1 Completed, 0 Blocked","0 None Run, 0 Blocked, 0 Error, 0 Fail, 0 Inconclusive, 0 Pass","0.0","0",""
"US5610003","Prevent Duplicate Category Names During Editing","Error Message in case of duplicate Check with product on what event the error message should be displayedcheck with product if different assessments can have same category names.","Feature F713385: CRR - Establish Core Risk Categories","0","1.0","Accepted","AXP 25.2.6","As a user, I want to be prevented from saving a category with a duplicate name so that I maintain uniqueness during editing of a category event.There should not be two categories of the same name inside the same assessment.Note: Two different assessments can have categories with same name Link (Take reference for error message design but change heading and error message) ","Given that a category with the same name already exists,When the user attempts to save an edited category with the same name,Then the system should show an error message stating “Category already exists.” Then this error message should be displayed as soon as user enter the category name in the field","Satvik Jain","E_SLPM_ST15_CRR Rule Configuration","03/07/2025 06:20 AM MST","04/14/2025 09:32 PM MST","","","False","","#21a2e0","","Satvik Jain","","","","","","0 Submitted, 0 Open, 0 Fixed, 0 Closed, 0 Blocked","0","0","0","0","","","","False","","Accepted","False","","03/31/2025 10:17 PM MST","","","","","04/14/2025 09:32 PM MST","","","","Feature F713385: CRR - Establish Core Risk Categories","False","AXP PI 25.2","","","","24.0","0 Defined, 0 In-Progress, 3 Completed, 0 Blocked","0 None Run, 0 Blocked, 0 Error, 0 Fail, 0 Inconclusive, 0 Pass","0.0","0",""
"US5610013","Prevent Duplicate Element Names During Editing","Check with product on what event the error message should be displayedcheck with product if different assessments can have same element names - confirm from Aniket and Keshav","Feature F713386: CRR - Establish Core Risk Elements","0","1.0","Accepted","AXP 25.2.6","As a user, I want to be prevented from saving an element with a duplicate name so that I maintain uniqueness. Note: Two different assessments can have same element name but inside the same assessment there cannot be two elements with the same nameLink (Take reference for error message design but change heading and error message) ","Given that an Element with the same name already exists,When the user attempts to save an edited Element with the same name,Then the system should show an error message stating, “Element already exists.” Then this error message should be displayed as soon as user enter the element name in the field.","Satvik Jain","E_SLPM_ST15_CRR Rule Configuration","03/07/2025 06:27 AM MST","04/11/2025 01:49 AM MST","","","False","","#21a2e0","","Satvik Jain","","","","","","0 Submitted, 0 Open, 0 Fixed, 0 Closed, 0 Blocked","0","0","0","0","","","","False","","Accepted","False","","04/09/2025 10:26 PM MST","","","","","04/11/2025 01:49 AM MST","","","","Feature F713386: CRR - Establish Core Risk Elements","False","AXP PI 25.2","","","","12.0","0 Defined, 0 In-Progress, 1 Completed, 0 Blocked","0 None Run, 0 Blocked, 0 Error, 0 Fail, 0 Inconclusive, 0 Pass","0.0","0",""
"US5610049","Configure Rule Applicability for a Market","Given that the user has selected a market- Where is market selected.","Feature F713388: CRR - Establish Ruleset screen and Ruleset level details","4","2.0","Accepted","AXP 25.2.6","As a user, I want to configure the applicability of rules for a specific market so that I can determine how rules apply within that market.LinkLink for Figma screen when multiple options selected ","Given that the user has selected a market,When they choose a rule applicability option,Then the system should store the selected applicability (default: All).Given that user can select multiple optionsWhen they click on the dropdown for applicabilityThen they are able to select from a multi select dropdown of options (Entity, Individual, Intermediaries)  Then they should be able to select all option and rest of the 3 options should get selected automaticallyThen they should be able to unselect any one option and All option should be unselectedThen if one option is selected, it should be shown in the dropdownThen if two options are selected, they should be shown in comma separated formatThen if all three options are selected , then All value should be shown in field ","Satvik Jain","E_SLPM_ST15_CRR Rule Configuration","03/07/2025 06:45 AM MST","04/14/2025 09:32 PM MST","","","False","","#21a2e0","","Satvik Jain","","","","","","0 Submitted, 0 Open, 0 Fixed, 0 Closed, 0 Blocked","0","0","0","0","","","","False","","Accepted","False","","03/31/2025 09:28 PM MST","","","","","04/14/2025 09:32 PM MST","","","","Feature F713388: CRR - Establish Ruleset screen and Ruleset level details","False","AXP PI 25.2","","","","6.0","0 Defined, 0 In-Progress, 1 Completed, 0 Blocked","0 None Run, 0 Blocked, 0 Error, 0 Fail, 0 Inconclusive, 0 Pass","0.0","0",""
"US5610054","Set the Default Multiplier for a Market","","Feature F713388: CRR - Establish Ruleset screen and Ruleset level details","2","2.0","Accepted","AXP 25.2.6","As a user, I want to configure the default multiplier for rules in a market so that I can adjust risk calculations accordingly. Link","Given that the user has selected a market,When they enter a default multiplier value,Then the system should store the entered value (default: 0).Given that the user is updating the default multiplierWhen they try to enter a huge multiplierThen they are cutoff at 2 digits with maximum multiplier value allowed as 99Given that the user needs to update a default multiplierWhen they try to enter a value other than a numberThen the system only allows them to put a number in the input field (Max value 99) similar to the POD system ","Satvik Jain","E_SLPM_ST15_CRR Rule Configuration","03/07/2025 06:46 AM MST","04/14/2025 09:33 PM MST","","","False","","#21a2e0","","Satvik Jain","","","","","","0 Submitted, 0 Open, 0 Fixed, 0 Closed, 0 Blocked","0","0","0","0","","","","False","","Accepted","False","","04/02/2025 10:28 PM MST","","","","","04/14/2025 09:33 PM MST","","","","Feature F713388: CRR - Establish Ruleset screen and Ruleset level details","False","AXP PI 25.2","","","","30.0","0 Defined, 0 In-Progress, 2 Completed, 0 Blocked","0 None Run, 0 Blocked, 0 Error, 0 Fail, 0 Inconclusive, 0 Pass","0.0","0",""
"US5610055","Set the Weightings for a Market","In future -Given that the user is on the market settings pageWhen he already has a CRR in place and has copied configuration from CRRThen the system should have the weighting value as Enterprise Sandbox Weighting by default (default: Enterprise Sandbox Weighting).","Feature F713388: CRR - Establish Ruleset screen and Ruleset level details","0","1.0","Accepted","AXP 25.2.6","As a user, I want to configure the weightings for a market so that I can align risk element calculations correctly. Link","Given that the user is on the market settings page for the first timeWhen they do not enter the weighting value,Then the save button remains greyed out for them as the weighting value is blank initially by default and it is mandatoryGiven that the user is editing weightingsWhen he tries to enter anything else other than a numberThen the system does not allow him to make any inputGiven that the user is editing weightingsWhen he tries to enter a large weightingThen he is restricted at 4 digits with Maximum cutoff value at 9999  ","Satvik Jain","E_SLPM_ST15_CRR Rule Configuration","03/07/2025 06:47 AM MST","04/07/2025 02:00 AM MST","","","False","","#21a2e0","","Satvik Jain","","","","","","0 Submitted, 0 Open, 0 Fixed, 0 Closed, 0 Blocked","0","0","0","0","","","","False","","Accepted","False","","04/02/2025 10:28 PM MST","","","","","04/07/2025 02:00 AM MST","","","","Feature F713388: CRR - Establish Ruleset screen and Ruleset level details","False","AXP PI 25.2","","","","12.0","0 Defined, 0 In-Progress, 1 Completed, 0 Blocked","0 None Run, 0 Blocked, 0 Error, 0 Fail, 0 Inconclusive, 0 Pass","0.0","0",""
"US5610009","Create a Risk Element","","","0","0.0","Defined","","As a user, I want to create a risk element within a category so that I can structure risk-related criteria effectively.Link ","Given that the user is on the category screen,When they click the “Add Risk Element” button,Then an entry form should appear for entering risk element details.","Satvik Jain","E_SLPM_ST15_CRR Rule Configuration","03/07/2025 06:24 AM MST","","","","False","","#21a2e0","","Satvik Jain","","","","","","0 Submitted, 0 Open, 0 Fixed, 0 Closed, 0 Blocked","0","0","0","0","","","","False","","Defined","False","","","","","","","03/13/2025 08:56 AM MST","","","","","False","","","","","50.0","2 Defined, 0 In-Progress, 0 Completed, 0 Blocked","0 None Run, 0 Blocked, 0 Error, 0 Fail, 0 Inconclusive, 0 Pass","50.0","0",""
"US5613823","Delete a Category","When user click Delete on a category delete element,rulesPlease add figma screenPlease provide correct pop up message in case of delete category ","Feature F713389: CRR - Deletion of an Assessment, Category, Element, or Rule","0","2.0","Accepted","AXP 25.2.7","As a user, I want to delete a category with a confirmation prompt so that I can manage my assessment structure. Link (Take reference from this and change message as per Acceptance criteria)","Given that the user is on the Categories Screen,When they click Delete on a category,Then the system should show a confirmation modal before proceeding.Use this design Pattern with message - Are you sure you want to delete this Category? All related configuration would be lostGiven that user wants to delete the Category,When he clicks on yes on the confirmation modal,Then the category is deleted with all underlying configurations including elements and rules (Hard delete)","Satvik Jain","E_SLPM_ST15_CRR Rule Configuration","03/10/2025 09:04 PM MST","04/28/2025 02:41 AM MST","","","False","","#21a2e0","","Satvik Jain","","","","","","0 Submitted, 0 Open, 0 Fixed, 0 Closed, 0 Blocked","0","0","0","0","","","","False","","Accepted","False","","04/20/2025 09:30 PM MST","","","","","04/28/2025 02:41 AM MST","","","","Feature F713389: CRR - Deletion of an Assessment, Category, Element, or Rule","False","AXP PI 25.2","","","","11.0","0 Defined, 0 In-Progress, 2 Completed, 0 Blocked","0 None Run, 0 Blocked, 0 Error, 0 Fail, 0 Inconclusive, 0 Pass","0.0","0",""
"US5613826","Delete a Risk Rule","When user click Delete on a rule then delete rulePlease add figma screen ","Feature F713389: CRR - Deletion of an Assessment, Category, Element, or Rule","0","5.0","Accepted","AXP 25.2.9","As a user, I want to delete a rule with a confirmation prompt so that I can remove outdated or incorrect rule configurations.  Link (Take reference from this and change message as per Acceptance criteria)","Given that the user is on the Rules Screen,When they click Delete on a rule,Then the system should show a confirmation modal before proceeding. """"Are you sure you want to delete this Risk Rule?All related configuration would be lost.""""Given that user wants to delete the rules,When he clicks on yes on the confirmation modal,Then the rule is deleted with all underlying configurations including rule logic (Hard delete)Then the message is shown """"Risk Rule was deleted successfully."""" ","Satvik Jain","E_SLPM_ST15_CRR Rule Configuration","03/10/2025 09:08 PM MST","05/26/2025 08:57 AM MST","","","False","","#21a2e0","","Satvik Jain","","","","","","0 Submitted, 0 Open, 0 Fixed, 0 Closed, 0 Blocked","0","0","0","0","","","","False","","Accepted","False","","05/14/2025 01:14 PM MST","","","","","05/26/2025 08:57 AM MST","","","","Feature F713389: CRR - Deletion of an Assessment, Category, Element, or Rule","False","AXP PI 25.2","","","","84.0","0 Defined, 0 In-Progress, 4 Completed, 0 Blocked","0 None Run, 0 Blocked, 0 Error, 0 Fail, 0 Inconclusive, 0 Pass","0.0","0",""
"US5613822","Delete an Assessment","When user click Delete on an assessment delete categories, element,rulesPlease add figma screen ","Feature F713389: CRR - Deletion of an Assessment, Category, Element, or Rule","1","2.0","Accepted","AXP 25.2.7","As a user, I want to delete an assessment with a confirmation prompt so that I can remove outdated assessments permanently. Delete all versions of the assessment once it is deletedFigma Link ","Given that the user is on the Assessments Screen,When they click Delete on an assessmentThen the system should show a confirmation modal before proceeding.""""Given that user wants to delete the assessment,When he clicks on yes on the confirmation modal,Then the assessment is deleted with all underlying configurations including category, elements and rules (Hard delete)","Satvik Jain","E_SLPM_ST15_CRR Rule Configuration","03/10/2025 09:04 PM MST","04/28/2025 02:41 AM MST","","","False","","#21a2e0","","Satvik Jain","","","","","","0 Submitted, 0 Open, 0 Fixed, 0 Closed, 0 Blocked","0","0","0","0","","","","False","","Accepted","False","","04/15/2025 09:30 PM MST","","","","","04/28/2025 02:41 AM MST","","","","Feature F713389: CRR - Deletion of an Assessment, Category, Element, or Rule","False","AXP PI 25.2","","","","27.0","0 Defined, 0 In-Progress, 4 Completed, 0 Blocked","0 None Run, 0 Blocked, 0 Error, 0 Fail, 0 Inconclusive, 0 Pass","0.0","0",""
"US5613824","Delete an Element","When user click Delete on an element then delete element, rulesPlease add figma screenPlease provide correct pop up message in case of delete element","Feature F713389: CRR - Deletion of an Assessment, Category, Element, or Rule","0","2.0","Accepted","AXP 25.2.7","As a user, I want to delete an element with a confirmation prompt so that I can remove unnecessary elements from my system. Link (Take reference from this and change message as per Acceptance criteria) ","Given that the user is on the Elements Screen,When they click Delete on an element,Then the system should show a confirmation modal before proceeding. Use this design Pattern with message - Are you sure you want to delete this Element? All related configuration would be lostGiven that user wants to delete the element,When he clicks on yes on the confirmation modal,Then the element is deleted with all underlying configurations including rules (Hard delete)","Satvik Jain","E_SLPM_ST15_CRR Rule Configuration","03/10/2025 09:06 PM MST","04/28/2025 02:41 AM MST","","","False","","#21a2e0","","Satvik Jain","","","","","","0 Submitted, 0 Open, 0 Fixed, 0 Closed, 0 Blocked","0","0","0","0","","","","False","","Accepted","False","","04/22/2025 09:32 PM MST","","","","","04/28/2025 02:41 AM MST","","","","Feature F713389: CRR - Deletion of an Assessment, Category, Element, or Rule","False","AXP PI 25.2","","","","16.0","0 Defined, 0 In-Progress, 2 Completed, 0 Blocked","0 None Run, 0 Blocked, 0 Error, 0 Fail, 0 Inconclusive, 0 Pass","0.0","0",""
"US5617466","Edit a Risk Category","","Feature F739019: CRR - Setup Risk Category and Risk Element Screen","2","3.0","Accepted","AXP 25.1.5 IP","As a user, I want to edit an existing risk category so that I can update its name or description when needed.Link ","Given that the user is on the category screen,When they click the “Edit” button on a category,Then an edit form should appear with the category’s current name and description pre-filled.   Given that the user modifies the category details,When they click “Save,”Then the updated details should be successfully saved in the backend and displayed on the category screen.","Satvik Jain","E_SLPM_ST15_CRR Rule Configuration","03/12/2025 05:09 AM MST","03/31/2025 07:56 AM MST","","","False","","#21a2e0","","Satvik Jain","","","","","","0 Submitted, 0 Open, 0 Fixed, 0 Closed, 0 Blocked","0","0","0","0","","","","False","","Accepted","False","","03/18/2025 09:35 PM MST","","","","","03/31/2025 07:56 AM MST","","","","Feature F739019: CRR - Setup Risk Category and Risk Element Screen","False","AXP PI 25.1","","","","60.0","0 Defined, 0 In-Progress, 3 Completed, 0 Blocked","0 None Run, 0 Blocked, 0 Error, 0 Fail, 0 Inconclusive, 0 Pass","0.0","0",""
"US5588616","Edit Risk Element","","Feature F713386: CRR - Establish Core Risk Elements","4","5.0","Accepted","AXP 25.2.6","As a user, I want to edit an existing risk element so that I can update its name, description, and attributes when needed. Link","Given that the user is on the Risk Element screen,When they click the “Edit” button on a risk element,Then an edit form should appear with the existing details pre-filled.","Satvik Jain","E_SLPM_ST15_CRR Rule Configuration","02/27/2025 07:48 AM MST","04/14/2025 09:26 PM MST","","","False","","#21a2e0","","Satvik Jain","","","","","","0 Submitted, 0 Open, 0 Fixed, 0 Closed, 0 Blocked","0","0","0","0","","","","False","","Accepted","False","","04/01/2025 09:32 PM MST","","","","","04/14/2025 09:26 PM MST","","","","Feature F713386: CRR - Establish Core Risk Elements","False","AXP PI 25.2","","","","66.0","0 Defined, 0 In-Progress, 3 Completed, 0 Blocked","0 None Run, 0 Blocked, 0 Error, 0 Fail, 0 Inconclusive, 0 Pass","0.0","0",""
"US5648414","Updating Risk Thresholds in the Sandbox","","Feature F741328: CRR - Risk Thresholds new layout & Other miscellaneous efforts","0","1.0","Accepted","AXP 25.2.8","As a user, I want to edit risk thresholds in the Sandbox so that I can adjust values as per business needs while ensuring compliance. Thresholds will be stored at a sandbox vs production level instead of at a center/assessment level going forward.Figma Link ","Given the user click on Edit risk thresholds,When they enter new risk threshold values in ascending order and save changes,Then the system should successfully update and display the new thresholds.Given the user click on Edit risk thresholds,When they enter new risk threshold values and cancel the changes,Then the system should not update the thresholds and retain the existing values.Given that the user click on Edit risk thresholds,When they do not fill all the mandatory fieldsThen the Save button is greyed out untill they do.","Satvik Jain","E_SLPM_ST15_CRR Rule Configuration","03/20/2025 08:04 AM MST","05/12/2025 09:44 PM MST","","","False","","#21a2e0","","Satvik Jain","","","","","","0 Submitted, 0 Open, 0 Fixed, 0 Closed, 0 Blocked","0","0","0","0","","","","False","","Accepted","False","","04/28/2025 03:35 PM MST","","","","","05/12/2025 09:44 PM MST","","","","Feature F741328: CRR - Risk Thresholds new layout & Other miscellaneous efforts","False","AXP PI 25.2","","","","10.0","0 Defined, 0 In-Progress, 1 Completed, 0 Blocked","0 None Run, 0 Blocked, 0 Error, 0 Fail, 0 Inconclusive, 0 Pass","0.0","0",""
"US5610070","Setup UI for Advanced Mode","","Feature F713387: CRR - Create Rule Logic Setup in Advanced Mode","0","5.0","Accepted","AXP 25.2.8","As a user, I want to edit the rule logic query in a text editor format so that I can structure the rule conditions as per my needs.Figma Link","Given that the user clicks on Advanced modeWhen he enters into advanced mode of rule editing Then he is able to see a textbox interface to add a custom rule conditionGiven that user wants to add a new condition in advanced modeWhen they click on the plus buttonThen user should be able to add a new rule conditionThen all of the existing conditions and the new conditions should be numbered appropriatelyGiven that the user wants to remove an existing conditionWhen they click on the minus buttonThen the user should be able to remove the existing conditionThen the new state should have the updated numbering of conditions in the UI ","Satvik Jain","E_SLPM_ST15_CRR Rule Configuration","03/07/2025 06:57 AM MST","05/09/2025 03:57 AM MST","","","False","","#21a2e0","","Satvik Jain","","","","","","0 Submitted, 0 Open, 0 Fixed, 0 Closed, 0 Blocked","0","0","0","0","","","","False","","Accepted","False","","04/30/2025 09:28 PM MST","","","","","05/09/2025 03:57 AM MST","","","","Feature F713387: CRR - Create Rule Logic Setup in Advanced Mode","False","AXP PI 25.2","","","","12.0","0 Defined, 0 In-Progress, 1 Completed, 0 Blocked","0 None Run, 0 Blocked, 0 Error, 0 Fail, 0 Inconclusive, 0 Pass","0.0","0",""
"US5846755","Recieving sandbox completion event during Sandbox simulation","","Feature F716853: CRR - Sandbox Simulation submission & Version-Rollback Process","0","2.0","Accepted","AXP 25.3.12","As a user, I want to generate events during sandbox and simulation process for Sandbox completion https://www.figma.com/design/ej5fTjN0D2CQJFWaZtwj3H/CRR-Option2?node-id=3873-45442&p=f&t=3MZkL32Uo5PF09HQ-0 ","GIVEN a user submits a new simulationWHEN the simulation is completedTHEN an event is received and logged capturing user ID, timestamp, and version metadata    ","Tahcin Ahmed","E_SLPM_ST15_CRR Rule Configuration","06/04/2025 02:28 AM MST","07/07/2025 07:16 AM MST","","","False","","#21a2e0","","Satvik Jain","","","","CRR","","0 Submitted, 0 Open, 0 Fixed, 0 Closed, 0 Blocked","0","0","0","0","","","","False","","Accepted","False","","06/24/2025 01:46 AM MST","","","","","10/16/2025 10:01 AM MST","","","","Feature F716853: CRR - Sandbox Simulation submission & Version-Rollback Process","False","AXP PI 25.3","","","","20.0","0 Defined, 0 In-Progress, 1 Completed, 0 Blocked","0 None Run, 0 Blocked, 0 Error, 0 Fail, 0 Inconclusive, 0 Pass","0.0","0",""
"US5838234","Event Sourcing during Sandbox simulation","Sandbox submission we need to publishSandbox completion needs to be consumedCancellation needs to be publishedCancellation complete to be consumed  ","Feature F716853: CRR - Sandbox Simulation submission & Version-Rollback Process","0","3.0","Accepted","AXP 25.3.13","As a user, I want to generate events during sandbox and simulation process. ","GIVEN a user submits a new simulationWHEN the submission is processedTHEN an event is logged capturing user ID, timestamp, and version metadata    ","Tahcin Ahmed","E_SLPM_ST15_CRR Rule Configuration","06/02/2025 12:26 PM MST","07/21/2025 09:39 PM MST","","","False","","#21a2e0","","Satvik Jain","","","","CRR","","0 Submitted, 0 Open, 0 Fixed, 0 Closed, 0 Blocked","0","0","0","0","","","","False","","Accepted","False","","07/09/2025 03:46 AM MST","","","","","10/16/2025 10:01 AM MST","","","","Feature F716853: CRR - Sandbox Simulation submission & Version-Rollback Process","False","AXP PI 25.3","","","","30.0","0 Defined, 0 In-Progress, 1 Completed, 0 Blocked","0 None Run, 0 Blocked, 0 Error, 0 Fail, 0 Inconclusive, 0 Pass","0.0","0",""
"US5740180","Edit Basic Rule Screen","Please add figma link","Feature F736465: CRR - Create Rule Logic Setup in Basic Mode","1","2.0","Accepted","AXP 25.2.8","As a user, I want to have a UI for basic rule editing so that user can select different rules for editing from the same risk elementLink ","Given that the user is setting up a rule,When they are in the Basic view,Then they should see option to edit rules in Basic viewThen they should be able to access the UI for basic rule editing so that user can select different rules for editing from the same risk element","Satvik Jain","E_SLPM_ST15_CRR Rule Configuration","04/25/2025 02:15 AM MST","05/12/2025 02:45 AM MST","","","False","","#21a2e0","","Satvik Jain","","","","","","0 Submitted, 0 Open, 0 Fixed, 0 Closed, 0 Blocked","0","0","0","0","","","","False","","Accepted","False","","04/29/2025 09:03 PM MST","","","","","05/12/2025 02:45 AM MST","","","","Feature F736465: CRR - Create Rule Logic Setup in Basic Mode","False","AXP PI 25.2","","","","13.0","0 Defined, 0 In-Progress, 1 Completed, 0 Blocked","0 None Run, 0 Blocked, 0 Error, 0 Fail, 0 Inconclusive, 0 Pass","0.0","0",""
"US5838235","Integration between frontend and backend simulation","","Feature F716853: CRR - Sandbox Simulation submission & Version-Rollback Process","0","3.0","Accepted","AXP 25.3.12","As a user, I want to have the integration between frontend and backend. https://www.figma.com/design/ej5fTjN0D2CQJFWaZtwj3H/CRR-Option2?node-id=3873-52596&t=FEBICKERfn8B8Umj-0 ","GIVEN a simulation is submittedWHEN the backend calls the scoring engineTHEN the scoring API is invoked with correct payload and authorization headers GIVEN a simulation is in progressWHEN the scoring engine updates statusTHEN the UI reflects real-time status via subscribed messaging queueGIVEN a new version is createdWHEN the creation is completeTHEN metadata is pushed to the centralized version history databaseGIVEN a submission is marked “ready for implementation”WHEN the first approval is completedTHEN the second approval workflow API is automatically triggeredGIVEN a front-end simulation configurationWHEN the submit button is clickedTHEN the backend API receives all necessary fields per defined schema","Tahcin Ahmed","E_SLPM_ST15_CRR Rule Configuration","06/02/2025 12:26 PM MST","07/07/2025 07:16 AM MST","","","False","","#21a2e0","","Satvik Jain","","","","CRR","","0 Submitted, 0 Open, 0 Fixed, 0 Closed, 0 Blocked","0","0","0","0","","","","False","","Accepted","False","","06/24/2025 09:24 PM MST","","","","","10/16/2025 10:01 AM MST","","","","Feature F716853: CRR - Sandbox Simulation submission & Version-Rollback Process","False","AXP PI 25.3","","","","30.0","0 Defined, 0 In-Progress, 2 Completed, 0 Blocked","0 None Run, 0 Blocked, 0 Error, 0 Fail, 0 Inconclusive, 0 Pass","0.0","0",""
"US5428194","Implement changes made in designs in Figma version 1.2.","","Feature F713385: CRR - Establish Core Risk Categories","0","2.0","Accepted","AXP 25.2.6","As a user, I want to implement changes made in designs in Figma version 1.2.Figma link - LinkThe Market dropdown in CRR Landing page will have mock values for nowCRR View Category screen and Element Screen is not in Scope for this feature. | ","Implement changes made in designs in Figma version 1.2.CRR View Category screen and Element Screen is not in Scope for this feature. The Market dropdown in CRR Landing page will have mock values for now","Satvik Jain","E_SLPM_ST15_CRR Rule Configuration","12/16/2024 08:24 AM MST","04/14/2025 09:42 PM MST","","","False","","#21a2e0","","Satvik Jain","","","","","","0 Submitted, 0 Open, 0 Fixed, 0 Closed, 0 Blocked","0","0","0","0","","","","False","","Accepted","False","","04/10/2025 06:06 AM MST","","","","","04/14/2025 09:42 PM MST","","","","Feature F713385: CRR - Establish Core Risk Categories","False","AXP PI 25.2","","","","18.0","0 Defined, 0 In-Progress, 1 Completed, 0 Blocked","0 None Run, 0 Blocked, 0 Error, 0 Fail, 0 Inconclusive, 0 Pass","0.0","0",""
"US5610058","Handle API Failures While Saving Settings","","Feature F713388: CRR - Establish Ruleset screen and Ruleset level details","0","1.0","Accepted","AXP 25.2.6","As a user, I want to receive an error message if my market settings fail to save so that I know my changes were not applied.Link ","Given that an API failure occurs while saving,When the user clicks “Save,”Then the system should display an appropriate error message. ","Satvik Jain","E_SLPM_ST15_CRR Rule Configuration","03/07/2025 06:49 AM MST","04/07/2025 02:00 AM MST","","","False","","#21a2e0","","Satvik Jain","","","","","","0 Submitted, 0 Open, 0 Fixed, 0 Closed, 0 Blocked","0","0","0","0","","","","False","","Accepted","False","","04/03/2025 11:49 PM MST","","","","","04/07/2025 02:00 AM MST","","","","Feature F713388: CRR - Establish Ruleset screen and Ruleset level details","False","AXP PI 25.2","","","","12.0","0 Defined, 0 In-Progress, 1 Completed, 0 Blocked","0 None Run, 0 Blocked, 0 Error, 0 Fail, 0 Inconclusive, 0 Pass","0.0","0",""
"US5613903","Roll Back to a Previous Version","","","0","","Being Groomed","","As a user, I want to restore an earlier version of my assessment so that I can revert changes if needed. ","Given that the user clicks “Rollback” on a previous version,When the system processes the request,Then it should restore the assessment to that version. ","Satvik Jain","S_Second Line Platform Modernization (SLPM)","03/10/2025 10:23 PM MST","","","","False","","#21a2e0","","Satvik Jain","","","","","","0 Submitted, 0 Open, 0 Fixed, 0 Closed, 0 Blocked","0","0","0","0","","","","False","","Being Groomed","False","","","","","","","05/29/2025 09:26 AM MST","","","","","False","","","","","0.0","0 Defined, 0 In-Progress, 0 Completed, 0 Blocked","0 None Run, 0 Blocked, 0 Error, 0 Fail, 0 Inconclusive, 0 Pass","0.0","0",""
"US5610056","Backend for save and fetch Market Settings for a Risk Element","","Feature F713388: CRR - Establish Ruleset screen and Ruleset level details","0","3.0","Accepted","AXP 25.2.6","As a user, I want to save the configured market settings so that the system applies them to all rules within that market. Link","Given that the user has configured market settings,When they click the “Save” button,Then the system should successfully store the settings via the backend API. ","Satvik Jain","E_SLPM_ST15_CRR Rule Configuration","03/07/2025 06:48 AM MST","04/14/2025 09:33 PM MST","","","False","","#21a2e0","","Satvik Jain","","","","","","0 Submitted, 0 Open, 0 Fixed, 0 Closed, 0 Blocked","0","0","0","0","","","","False","","Accepted","False","","04/01/2025 09:23 PM MST","","","","","04/14/2025 09:33 PM MST","","","","Feature F713388: CRR - Establish Ruleset screen and Ruleset level details","False","AXP PI 25.2","","","","62.0","0 Defined, 0 In-Progress, 3 Completed, 0 Blocked","0 None Run, 0 Blocked, 0 Error, 0 Fail, 0 Inconclusive, 0 Pass","0.0","0",""
"US5616728","Setup Ruleset listing screen after user clicks on Risk Element","","Feature F713388: CRR - Establish Ruleset screen and Ruleset level details","0","3.0","Accepted","AXP 25.2.9","As a user, I want to see the ruleset for a risk element when a risk element is clicked.Link ","Given that the user wants to see the ruleset configured under a risk elementWhen they click on the risk element,Then they should be able to see the ruleset with edit and delete buttons on each of the rules","Satvik Jain","E_SLPM_ST15_CRR Rule Configuration","03/11/2025 08:42 PM MST","05/23/2025 02:52 AM MST","","","False","","#21a2e0","","Satvik Jain","","","","","","0 Submitted, 0 Open, 0 Fixed, 0 Closed, 0 Blocked","0","0","0","0","","","","False","","Accepted","False","","05/16/2025 06:11 PM MST","","","","","05/23/2025 02:52 AM MST","","","","Feature F713388: CRR - Establish Ruleset screen and Ruleset level details","False","AXP PI 25.2","","","","24.0","0 Defined, 0 In-Progress, 1 Completed, 0 Blocked","0 None Run, 0 Blocked, 0 Error, 0 Fail, 0 Inconclusive, 0 Pass","0.0","0",""
"US5613888","Track Simulation Progress","","","0","","Being Groomed","","As a user, I want to see the simulation progress and estimated completion time so that I know when to expect results. ","Given that a simulation is running,When the user views the progress,Then they should see a progress bar and an estimated completion time tooltip.","Satvik Jain","S_Second Line Platform Modernization (SLPM)","03/10/2025 10:17 PM MST","","","","False","","#21a2e0","","Satvik Jain","","","","","","0 Submitted, 0 Open, 0 Fixed, 0 Closed, 0 Blocked","0","0","0","0","","","","False","","Being Groomed","False","","","","","","","05/29/2025 09:26 AM MST","","","","","False","","","","","0.0","0 Defined, 0 In-Progress, 0 Completed, 0 Blocked","0 None Run, 0 Blocked, 0 Error, 0 Fail, 0 Inconclusive, 0 Pass","0.0","0",""
"US5648424","Accessing the Edit Risk Threshold Button in the Enterprise Sandbox","","Feature F741328: CRR - Risk Thresholds new layout & Other miscellaneous efforts","0","1.0","Accepted","AXP 25.2.8","As a user, I want to see the “Edit Risk Threshold” button in the Sandbox page so that I can modify risk thresholds in a controlled environment.Figma Link","Given the user is in Sandbox pageWhen they access the sandbox screenThen they should see the “Edit Risk Threshold” button.Given the user is in Sandbox pageWhen they access the edit risk thresholds buttonThen they should see the CRR thesholds by default.","Satvik Jain","E_SLPM_ST15_CRR Rule Configuration","03/20/2025 08:06 AM MST","05/12/2025 09:44 PM MST","","","False","","#21a2e0","","Satvik Jain","","","","","","0 Submitted, 0 Open, 0 Fixed, 0 Closed, 0 Blocked","0","0","0","0","","","","False","","Accepted","False","","05/05/2025 01:29 PM MST","","","","","05/12/2025 09:44 PM MST","","","","Feature F741328: CRR - Risk Thresholds new layout & Other miscellaneous efforts","False","AXP PI 25.2","","","","10.0","0 Defined, 0 In-Progress, 1 Completed, 0 Blocked","0 None Run, 0 Blocked, 0 Error, 0 Fail, 0 Inconclusive, 0 Pass","0.0","0",""
"US5610038","Configure Rule Multiplier Using Fundamental Assessment","Here we will creating UI for fundamental assessment dropdown and will mock the data in the fundamental assessment for the FA dropdown.Please add figma link","Feature F736465: CRR - Create Rule Logic Setup in Basic Mode","0","2.0","Accepted","AXP 25.2.7","As a user, I want to select a Fundamental Assessment data point as my multiplier so that I can apply predefined scoring parameters.Link","Given that the user selects Fundamental Assessment,When they choose a data point,Then the system should apply it to the rule.","Satvik Jain","E_SLPM_ST15_CRR Rule Configuration","03/07/2025 06:40 AM MST","04/28/2025 02:58 AM MST","","","False","","#21a2e0","","Satvik Jain","","","","","","0 Submitted, 0 Open, 0 Fixed, 0 Closed, 0 Blocked","0","0","0","0","","","","False","","Accepted","False","","04/21/2025 07:46 PM MST","","","","","04/28/2025 02:58 AM MST","","","","Feature F736465: CRR - Create Rule Logic Setup in Basic Mode","False","AXP PI 25.2","","","","13.0","0 Defined, 0 In-Progress, 1 Completed, 0 Blocked","0 None Run, 0 Blocked, 0 Error, 0 Fail, 0 Inconclusive, 0 Pass","0.0","0",""
"US5610024","Select Rule-Building Mode","Please add figma link","Feature F736465: CRR - Create Rule Logic Setup in Basic Mode","0","1.0","Accepted","AXP 25.2.7","As a user, I want to select between Basic Mode and Advanced Mode when creating a rule so that I can configure rules according to my needs.Link ","Given that the user is setting up a rule,When they view the options,Then they should see Basic Mode and Advanced Mode","Satvik Jain","E_SLPM_ST15_CRR Rule Configuration","03/07/2025 06:36 AM MST","04/28/2025 02:58 AM MST","","","False","","#21a2e0","","Satvik Jain","","","","","","0 Submitted, 0 Open, 0 Fixed, 0 Closed, 0 Blocked","0","0","0","0","","","","False","","Accepted","False","","04/15/2025 08:12 PM MST","","","","","04/28/2025 02:58 AM MST","","","","Feature F736465: CRR - Create Rule Logic Setup in Basic Mode","False","AXP PI 25.2","","","","14.0","0 Defined, 0 In-Progress, 1 Completed, 0 Blocked","0 None Run, 0 Blocked, 0 Error, 0 Fail, 0 Inconclusive, 0 Pass","0.0","0",""
"US5610026","Configure Rule Multiplier Using a Numerical Value","Please add figma link","Feature F736465: CRR - Create Rule Logic Setup in Basic Mode","2","2.0","Accepted","AXP 25.2.7","As a user, I want to set up the rule multiplier using a numerical value so that I can define a simple fixed multiplier.Link","Given that the user selects numerical multiplier,When they enter a valid number,Then the system should store the multiplier. Given that user is editing multiplierWhen he tries to enter a large valueThen he is cutoff at 2 digits with Max multiplier support at 99","Satvik Jain","E_SLPM_ST15_CRR Rule Configuration","03/07/2025 06:36 AM MST","04/28/2025 02:58 AM MST","","","False","","#21a2e0","","Satvik Jain","","","","","","0 Submitted, 0 Open, 0 Fixed, 0 Closed, 0 Blocked","0","0","0","0","","","","False","","Accepted","False","","04/21/2025 07:45 PM MST","","","","","04/28/2025 02:58 AM MST","","","","Feature F736465: CRR - Create Rule Logic Setup in Basic Mode","False","AXP PI 25.2","","","","13.0","0 Defined, 0 In-Progress, 1 Completed, 0 Blocked","0 None Run, 0 Blocked, 0 Error, 0 Fail, 0 Inconclusive, 0 Pass","0.0","0",""
"US5664313","Integration with Backend for Risk Thresholds New Layout","","Feature F741328: CRR - Risk Thresholds new layout & Other miscellaneous efforts","1","1.0","Accepted","AXP 25.2.8","As a user, I want to setup Integration of thresholds with backend ","Integration with backend for thresholds","Satvik Jain","E_SLPM_ST15_CRR Rule Configuration","03/25/2025 05:48 AM MST","05/26/2025 10:02 PM MST","","","False","","#21a2e0","","Satvik Jain","","","","","","0 Submitted, 0 Open, 0 Fixed, 0 Closed, 0 Blocked","0","0","0","0","","","","False","","Accepted","False","","05/05/2025 01:28 PM MST","","","","","05/26/2025 10:02 PM MST","","","","Feature F741328: CRR - Risk Thresholds new layout & Other miscellaneous efforts","False","AXP PI 25.2","","","","10.0","0 Defined, 0 In-Progress, 2 Completed, 0 Blocked","0 None Run, 0 Blocked, 0 Error, 0 Fail, 0 Inconclusive, 0 Pass","0.0","0",""
"US5664332","Setup DB tables for Risk thresholds and Backend APIs","","Feature F741328: CRR - Risk Thresholds new layout & Other miscellaneous efforts","1","5.0","Accepted","AXP 25.2.7","As a user, I want to setup the DB tables for Risk thresholds ","Setup the DB Tables for Risk Thresholds","Satvik Jain","E_SLPM_ST15_CRR Rule Configuration","03/25/2025 05:50 AM MST","04/28/2025 02:59 AM MST","","","False","","#21a2e0","","Satvik Jain","","","","","","0 Submitted, 0 Open, 0 Fixed, 0 Closed, 0 Blocked","0","0","0","0","","","","False","","Accepted","False","","04/15/2025 09:33 PM MST","","","","","05/05/2025 11:08 PM MST","","","","Feature F741328: CRR - Risk Thresholds new layout & Other miscellaneous efforts","False","AXP PI 25.2","","","","29.0","0 Defined, 0 In-Progress, 2 Completed, 0 Blocked","0 None Run, 0 Blocked, 0 Error, 0 Fail, 0 Inconclusive, 0 Pass","0.0","0",""
"US5613893","Stop a Simulation Run","","","0","","Being Groomed","","As a user, I want to stop the sandbox simulation at any time so that I can adjust configurations if needed. ","Given that a simulation is in progress,When the user clicks “Stop”,Then the system should immediately halt the simulation.","Satvik Jain","S_Second Line Platform Modernization (SLPM)","03/10/2025 10:20 PM MST","","","","False","","#21a2e0","","Satvik Jain","","","","","","0 Submitted, 0 Open, 0 Fixed, 0 Closed, 0 Blocked","0","0","0","0","","","","False","","Being Groomed","False","","","","","","","05/29/2025 09:26 AM MST","","","","","False","","","","","0.0","0 Defined, 0 In-Progress, 0 Completed, 0 Blocked","0 None Run, 0 Blocked, 0 Error, 0 Fail, 0 Inconclusive, 0 Pass","0.0","0",""
"US5610069","Switch to Advanced Mode for Rule Logic Editing","","Feature F713387: CRR - Create Rule Logic Setup in Advanced Mode","0","5.0","Accepted","AXP 25.2.8","As a user, I want to switch to Advanced Mode so that I can manually edit the rule logic query for greater flexibility.Figma Link ","Given that the user is in Basic Mode,When they click the “Advanced Mode” button,Then they should be redirected to a text editor where they can manually modify the rule logic query.Given that user has added 1 conditionWhen they click the """"Advanced mode"""" button,Then this condition should be retained in advanced viewThen they should be able to see the rule condition statement - """"1"""" since only one condition is usedGiven that user has added more than 1(say 5) conditionWhen they click the """"Advanced mode"""" button,Then all these (In this case 5) conditions should be retained in advanced viewThen they should be able to see the rule condition statement - """"1 AND 2 AND 3 AND 4 AND 5"""" since only one condition is used","Satvik Jain","E_SLPM_ST15_CRR Rule Configuration","03/07/2025 06:57 AM MST","05/09/2025 03:53 AM MST","","","False","","#21a2e0","","Satvik Jain","","","","","","0 Submitted, 0 Open, 0 Fixed, 0 Closed, 0 Blocked","0","0","0","0","","","","False","","Accepted","False","","04/29/2025 07:58 AM MST","","","","","05/09/2025 03:53 AM MST","","","","Feature F713387: CRR - Create Rule Logic Setup in Advanced Mode","False","AXP PI 25.2","","","","24.0","0 Defined, 0 In-Progress, 1 Completed, 0 Blocked","0 None Run, 0 Blocked, 0 Error, 0 Fail, 0 Inconclusive, 0 Pass","0.0","0",""
"US5648401","View Risk Thresholds from CRR Landing Page","","Feature F741328: CRR - Risk Thresholds new layout & Other miscellaneous efforts","0","2.0","Accepted","AXP 25.2.8","As a user, I want to view the risk thresholds from the CRR landing page so that I can understand the current threshold values before making any modifications.Figma LinkNOTE: CRR View Category screen and Element Screen is not in Scope for this feature. Only the Risk Threshold CTA will be functional ","Given the user is on the CRR landing page,When they click on the “Risk Thresholds” button,Then the system should display the list of risk thresholds in a structured format with appropriate column headersNOTE: CRR View Category screen and Element Screen is not in Scope for this feature. Only the Risk Threshold CTA will be functional.","Satvik Jain","E_SLPM_ST15_CRR Rule Configuration","03/20/2025 08:02 AM MST","05/12/2025 09:43 PM MST","","","False","","#21a2e0","","Satvik Jain","","","","","","0 Submitted, 0 Open, 0 Fixed, 1 Closed, 0 Blocked","1","0","0","0","","","","False","","Accepted","False","","05/08/2025 09:54 PM MST","","","","","05/23/2025 05:12 AM MST","","","","Feature F741328: CRR - Risk Thresholds new layout & Other miscellaneous efforts","False","AXP PI 25.2","","","","20.0","0 Defined, 0 In-Progress, 1 Completed, 0 Blocked","0 None Run, 0 Blocked, 0 Error, 0 Fail, 0 Inconclusive, 0 Pass","0.0","0",""
"US6151116","ISP User management related accesses","","Feature F717286: CRR - Authourization of CRR Capabilities - Analysis","0","2.0","Accepted","AXP 25.5.21","As a user, i should be able to manage accesses for all my usersso that they should be able to access only what they are entitled for","GIVEN when the user has certain entitlements and attributes assignedAND WHEN the user is accessing CRR ApplicationTHEN he should only be able to access capabilities assigned through entitlements and attributes to himaccess should be as below:ScreenEntAttributes   CRRCRR EntMktDefault  Sanbox Sandbox EntEdit   Assets Edit   FA Edit   Reports Mkt, download   AlertCRR Ent    NotificationSandbox Ent    ApprovalApprovalEdit   ","Suprana Sengupta","E_SLPM_ST15_CRR Rule Configuration","10/09/2025 12:38 AM MST","11/09/2025 10:33 PM MST","","","False","","#df1a7b","","Suprana Sengupta","","","","","","0 Submitted, 0 Open, 0 Fixed, 0 Closed, 0 Blocked","0","0","0","0","","","","False","","Accepted","False","","10/29/2025 09:37 PM MST","","","","","11/09/2025 10:33 PM MST","","","","Feature F717286: CRR - Authourization of CRR Capabilities - Analysis","False","AXP PI 25.5","","","","20.0","0 Defined, 0 In-Progress, 1 Completed, 0 Blocked","0 None Run, 0 Blocked, 0 Error, 0 Fail, 0 Inconclusive, 0 Pass","0.0","0",""
"US5740190","Vulnerability User Story","https://drive.aexp.com/:x:/r/personal/ranjana_panwar_aexp_com/Documents/Vul-crr-rule-configurer.xlsx?d=wef928de0668942a09e52df08ea9d0a99&csf=1&web=1&e=cWxykHTotal Vulnerabilities other than OS  before fix = 64After resolving binary and spring related vulnerabilities, remaining = 5","Feature F741328: CRR - Risk Thresholds new layout & Other miscellaneous efforts","1","2.0","Accepted","AXP 25.2.8","As a user, we need to analysis for the vulnerabilities identified - Iris ","ACs:1. Resolve JDK related vulnerabilites2. Resolve Spring related vulnerabilities","Satvik Jain","E_SLPM_ST15_CRR Rule Configuration","04/25/2025 02:26 AM MST","05/09/2025 03:21 AM MST","","","False","","#21a2e0","","Satvik Jain","","","","","","0 Submitted, 0 Open, 0 Fixed, 0 Closed, 0 Blocked","0","1","0","0","","","","False","","Accepted","False","","04/29/2025 10:32 PM MST","","","","","05/09/2025 03:21 AM MST","","","","Feature F741328: CRR - Risk Thresholds new layout & Other miscellaneous efforts","False","AXP PI 25.2","","","","36.0","0 Defined, 0 In-Progress, 2 Completed, 0 Blocked","0 None Run, 0 Blocked, 0 Error, 0 Fail, 0 Inconclusive, 0 Pass","0.0","0",""
"US6078275","Authentication for Fundamental Assessment","","Feature F778272: CRR - UI Improvements & modification PI 25.4","0","2.0","Accepted","AXP 25.4.18","Authentication for Fundamental Assessment","Authentication for Fundamental Assessment","Satvik Jain","E_SLPM_ST15_CRR Rule Configuration","09/04/2025 02:08 AM MST","09/29/2025 09:05 AM MST","","","False","","#21a2e0","","Satvik Jain","","","","CRR","","0 Submitted, 0 Open, 0 Fixed, 0 Closed, 0 Blocked","0","0","0","1","","","","False","","Accepted","False","","09/17/2025 08:57 PM MST","","","E2","09/23/2025 05:58 AM MST","10/16/2025 10:01 AM MST","","","","Feature F778272: CRR - UI Improvements & modification PI 25.4","False","AXP PI 25.4","","","CRR_FT","26.0","0 Defined, 0 In-Progress, 3 Completed, 0 Blocked","0 None Run, 0 Blocked, 0 Error, 0 Fail, 0 Inconclusive, 1 Pass","0.0","1",""
"US5984360","Automate Actions Tooltip for RA RC RE RR","","Feature F716868: CRR - User-friendly UI for CRR framework configuration","0","2.0","Accepted","AXP 25.3.15 IP","Automate Actions Tooltip for RA RC RE RR","Automate Actions Tooltip for RA RC RE RR","Satvik Jain","E_SLPM_ST15_CRR Rule Configuration","08/04/2025 10:24 PM MST","08/18/2025 07:35 AM MST","","","False","","#21a2e0","","Satvik Jain","","","","CRR","","0 Submitted, 0 Open, 0 Fixed, 0 Closed, 0 Blocked","0","0","0","4","","","","False","","Accepted","False","","08/04/2025 11:17 PM MST","","","E2","10/26/2025 01:32 AM MST","10/26/2025 01:32 AM MST","","","","Feature F716868: CRR - User-friendly UI for CRR framework configuration","False","AXP PI 25.3","","","","12.0","0 Defined, 0 In-Progress, 1 Completed, 0 Blocked","0 None Run, 0 Blocked, 0 Error, 0 Fail, 0 Inconclusive, 4 Pass","0.0","4",""
"US5921741","Automate Market Setting window","","Feature F716868: CRR - User-friendly UI for CRR framework configuration","0","2.0","Accepted","AXP 25.3.13","Automate Market Setting window","Automate Market Setting window","Satvik Jain","E_SLPM_ST15_CRR Rule Configuration","07/07/2025 09:19 PM MST","07/21/2025 08:29 AM MST","","","False","","#21a2e0","","Satvik Jain","","","","CRR","","0 Submitted, 0 Open, 0 Fixed, 0 Closed, 0 Blocked","0","0","0","1","","","","False","","Accepted","False","","07/08/2025 08:45 PM MST","","","E2","08/03/2025 09:29 PM MST","10/16/2025 10:01 AM MST","","","","Feature F716868: CRR - User-friendly UI for CRR framework configuration","False","AXP PI 25.3","","","","18.0","0 Defined, 0 In-Progress, 2 Completed, 0 Blocked","0 None Run, 0 Blocked, 0 Error, 0 Fail, 0 Inconclusive, 1 Pass","0.0","1",""
"US5718329","Automate duplicate prevention for add new and edit risk assessment","","Feature F741328: CRR - Risk Thresholds new layout & Other miscellaneous efforts","0","2.0","Accepted","AXP 25.2.7","Automate duplicate prevention for add new and edit risk assessment","Automate duplicate prevention for add new and edit risk assessment","Satvik Jain","E_SLPM_ST15_CRR Rule Configuration","04/14/2025 09:31 AM MST","04/28/2025 03:00 AM MST","","","False","","#21a2e0","","Satvik Jain","","","","","","0 Submitted, 0 Open, 0 Fixed, 0 Closed, 0 Blocked","0","0","0","2","","","","False","","Accepted","False","","04/14/2025 11:36 PM MST","","","E2","10/26/2025 01:22 AM MST","10/26/2025 01:22 AM MST","","","","Feature F741328: CRR - Risk Thresholds new layout & Other miscellaneous efforts","False","AXP PI 25.2","","","","12.0","0 Defined, 0 In-Progress, 1 Completed, 0 Blocked","0 None Run, 0 Blocked, 0 Error, 0 Fail, 0 Inconclusive, 2 Pass","0.0","2",""
"US5718332","Automate duplicate prevention for add new and edit risk category","","Feature F741328: CRR - Risk Thresholds new layout & Other miscellaneous efforts","0","2.0","Accepted","AXP 25.2.7","Automate duplicate prevention for add new and edit risk category","Automate duplicate prevention for add new and edit risk category","Satvik Jain","E_SLPM_ST15_CRR Rule Configuration","04/14/2025 09:31 AM MST","04/28/2025 09:35 AM MST","","","False","","#21a2e0","","Satvik Jain","","","","","","0 Submitted, 0 Open, 0 Fixed, 1 Closed, 0 Blocked","1","0","0","2","","","","False","","Accepted","False","","04/21/2025 09:32 PM MST","","","E2","10/26/2025 01:28 AM MST","10/26/2025 01:28 AM MST","","","","Feature F741328: CRR - Risk Thresholds new layout & Other miscellaneous efforts","False","AXP PI 25.2","","","","12.0","0 Defined, 0 In-Progress, 1 Completed, 0 Blocked","0 None Run, 0 Blocked, 0 Error, 0 Fail, 0 Inconclusive, 2 Pass","0.0","2",""
"US5718334","Automate duplicate prevention for add new and edit risk element","","Feature F741328: CRR - Risk Thresholds new layout & Other miscellaneous efforts","0","2.0","Accepted","AXP 25.2.7","Automate duplicate prevention for add new and edit risk element","Automate duplicate prevention for add new and edit risk element","Satvik Jain","E_SLPM_ST15_CRR Rule Configuration","04/14/2025 09:31 AM MST","04/28/2025 09:35 AM MST","","","False","","#21a2e0","","Satvik Jain","","","","","","0 Submitted, 0 Open, 0 Fixed, 2 Closed, 0 Blocked","2","0","0","2","","","","False","","Accepted","False","","04/16/2025 11:35 AM MST","","","E2","10/26/2025 01:28 AM MST","10/26/2025 01:28 AM MST","","","","Feature F741328: CRR - Risk Thresholds new layout & Other miscellaneous efforts","False","AXP PI 25.2","","","","78.0","0 Defined, 0 In-Progress, 3 Completed, 0 Blocked","0 None Run, 0 Blocked, 0 Error, 0 Fail, 0 Inconclusive, 2 Pass","0.0","2",""
"US5921737","Automate space and symbol inline error message for RA","","Feature F716868: CRR - User-friendly UI for CRR framework configuration","0","1.0","Accepted","AXP 25.3.13","Automate space and symbol inline error message for RA","Automate space and symbol inline error message for RA","Satvik Jain","E_SLPM_ST15_CRR Rule Configuration","07/07/2025 09:18 PM MST","07/21/2025 08:29 AM MST","","","False","","#21a2e0","","Satvik Jain","","","","CRR","","0 Submitted, 0 Open, 0 Fixed, 0 Closed, 0 Blocked","0","0","0","1","","","","False","","Accepted","False","","07/07/2025 10:48 PM MST","","","E2","08/11/2025 10:28 AM MST","10/16/2025 10:01 AM MST","","","","Feature F716868: CRR - User-friendly UI for CRR framework configuration","False","AXP PI 25.3","","","","24.0","0 Defined, 0 In-Progress, 2 Completed, 0 Blocked","0 None Run, 0 Blocked, 0 Error, 0 Fail, 0 Inconclusive, 1 Pass","0.0","1",""
"US5805136","Build Authentication Consumer in Frontend for protected APIs","","Feature F741328: CRR - Risk Thresholds new layout & Other miscellaneous efforts","0","3.0","Accepted","AXP 25.2.10 IP","Build Authentication Consumer in Frontend for protected APIs","Build Authentication Consumer in Frontend for protected APIs","Satvik Jain","E_SLPM_ST15_CRR Rule Configuration","05/26/2025 12:42 AM MST","06/09/2025 08:43 AM MST","","","False","","#21a2e0","","Satvik Jain","","","","","","0 Submitted, 0 Open, 0 Fixed, 0 Closed, 0 Blocked","0","0","0","0","","","","False","","Accepted","False","","06/01/2025 07:05 PM MST","","","","","06/09/2025 08:43 AM MST","","","","Feature F741328: CRR - Risk Thresholds new layout & Other miscellaneous efforts","False","AXP PI 25.2","","","","60.0","0 Defined, 0 In-Progress, 2 Completed, 0 Blocked","0 None Run, 0 Blocked, 0 Error, 0 Fail, 0 Inconclusive, 0 Pass","0.0","0",""
"US6252676","CRR UI Test automation scripts migration from Java to Javascript","","Feature F717285: CRR - UI Improvements & Modification  PI 25.5","0","2.0","Accepted","AXP 25.5.22","CRR UI Test automation scripts migration from Java to Javascript","CRR UI Test automation scripts migration from Java to Javascript","Satvik Jain","E_SLPM_ST15_CRR Rule Configuration","11/09/2025 10:45 PM MST","11/24/2025 09:38 PM MST","","","False","","#df1a7b","","Satvik Jain","","","","CRR","","0 Submitted, 0 Open, 0 Fixed, 0 Closed, 0 Blocked","0","0","0","0","","","","False","","Accepted","False","","11/11/2025 09:03 PM MST","","","","","11/25/2025 04:22 AM MST","","","","Feature F717285: CRR - UI Improvements & Modification  PI 25.5","False","AXP PI 25.5","","","","38.0","0 Defined, 0 In-Progress, 2 Completed, 0 Blocked","0 None Run, 0 Blocked, 0 Error, 0 Fail, 0 Inconclusive, 0 Pass","0.0","0",""
"US5992628","Confluence to configure authentication in service","","Feature F778272: CRR - UI Improvements & modification PI 25.4","0","2.0","Accepted","AXP 25.4.19","Confluence to configure authentication in service","Confluence to configure authentication in service","Satvik Jain","E_SLPM_ST15_CRR Rule Configuration","08/06/2025 02:30 AM MST","10/13/2025 08:57 AM MST","","","False","","#21a2e0","","Satvik Jain","","","","CRR","","0 Submitted, 0 Open, 0 Fixed, 0 Closed, 0 Blocked","0","0","0","1","","","","False","","Accepted","False","","10/09/2025 06:58 AM MST","","","E1","10/09/2025 08:30 PM MST","10/16/2025 10:01 AM MST","","","","Feature F778272: CRR - UI Improvements & modification PI 25.4","False","AXP PI 25.4","","","","10.0","0 Defined, 0 In-Progress, 1 Completed, 0 Blocked","0 None Run, 0 Blocked, 0 Error, 0 Fail, 0 Inconclusive, 1 Pass","0.0","1",""
"US5664686","Connect GCP Hydra with Cloud SQL","","Feature F713385: CRR - Establish Core Risk Categories","0","2.0","Accepted","AXP 25.2.9","Connect GCP Hydra with Cloud SQL","Connect GCP Hydra with Cloud SQL","Satvik Jain","E_SLPM_ST15_CRR Rule Configuration","03/25/2025 06:38 AM MST","05/23/2025 02:53 AM MST","","","False","","#21a2e0","","Satvik Jain","","","","","","0 Submitted, 0 Open, 0 Fixed, 0 Closed, 0 Blocked","0","0","0","0","","","","False","","Accepted","False","","05/09/2025 03:34 AM MST","","","","","05/23/2025 02:53 AM MST","","","","Feature F713385: CRR - Establish Core Risk Categories","False","AXP PI 25.2","","","","10.0","0 Defined, 0 In-Progress, 1 Completed, 0 Blocked","0 None Run, 0 Blocked, 0 Error, 0 Fail, 0 Inconclusive, 0 Pass","0.0","0",""
"US5992622","Creation of hook to stop user to commit on repo if overall coverage is less than 75%","","Feature F778272: CRR - UI Improvements & modification PI 25.4","0","2.0","Accepted","AXP 25.4.18","Creation of hook to stop user to commit on repo if overall coverage is less than 75%","Creation of hook to stop user to commit on repo if overall coverage is less than 75%Hook should be created for all 4 repos, crr-rule-configurer, crr-fundamental-manager, crr-asset-manager, crr-cache-manager","Satvik Jain","E_SLPM_ST15_CRR Rule Configuration","08/06/2025 02:28 AM MST","09/29/2025 09:02 AM MST","","","False","","#21a2e0","","Satvik Jain","","","","CRR","","0 Submitted, 0 Open, 0 Fixed, 0 Closed, 0 Blocked","0","0","0","1","","","","False","","Accepted","False","","09/17/2025 08:50 PM MST","","","E0","09/17/2025 08:52 PM MST","10/16/2025 10:01 AM MST","","","","Feature F778272: CRR - UI Improvements & modification PI 25.4","False","AXP PI 25.4","","","","10.0","0 Defined, 0 In-Progress, 1 Completed, 0 Blocked","0 None Run, 0 Blocked, 0 Error, 0 Fail, 0 Inconclusive, 1 Pass","0.0","1",""
"US5657276","Debugging E1 publishing issue with event sourcing team","Now, we are able to publish events from E1","Feature F747040: CRR - Event Sourcing for publishing and consuming of events (Discovery)","0","1.0","Accepted","AXP 25.2.9","Debugging E1 publishing issue with event sourcing team","Debugging E1 publishing issue with event sourcing team","Satvik Jain","E_SLPM_ST15_CRR Rule Configuration","03/24/2025 01:53 AM MST","05/23/2025 02:48 AM MST","","","False","","#21a2e0","","Satvik Jain","","","","","","0 Submitted, 0 Open, 0 Fixed, 0 Closed, 0 Blocked","0","0","0","0","","","","False","","Accepted","False","","05/12/2025 09:33 PM MST","","","","","05/23/2025 02:48 AM MST","","","","Feature F747040: CRR - Event Sourcing for publishing and consuming of events (Discovery)","False","AXP PI 25.2","","","","12.0","0 Defined, 0 In-Progress, 1 Completed, 0 Blocked","0 None Run, 0 Blocked, 0 Error, 0 Fail, 0 Inconclusive, 0 Pass","0.0","0",""
"US5945042","Defect fixing for CRR","","Feature F778272: CRR - UI Improvements & modification PI 25.4","0","5.0","Accepted","AXP 25.4.19","Defect fixing for CRR (POC)","Defect fixing for CRR (POC)","Satvik Jain","E_SLPM_ST15_CRR Rule Configuration","07/21/2025 03:25 AM MST","10/13/2025 10:32 PM MST","","","False","","#21a2e0","","Satvik Jain","","","","CRR","","0 Submitted, 0 Open, 0 Fixed, 2 Closed, 0 Blocked","2","0","0","0","","","","False","","Accepted","False","","10/13/2025 10:32 PM MST","","","","","10/16/2025 10:01 AM MST","","","","Feature F778272: CRR - UI Improvements & modification PI 25.4","False","AXP PI 25.4","","","","0.0","0 Defined, 0 In-Progress, 0 Completed, 0 Blocked","0 None Run, 0 Blocked, 0 Error, 0 Fail, 0 Inconclusive, 0 Pass","0.0","0",""
"US6212361","Defects from PI 25.4 to be fixed in 25.5.3","","Feature F717292: CRR - Display of CRR Output-Risk Distribution Dashboard in E1/E2","0","5.0","Defined","AXP 25.5.23","Defects from PI 25.4 to be fixed in 25.5.3","Defects from PI 25.4 to be fixed in 25.5.3","Satvik Jain","E_SLPM_ST15_CRR Rule Configuration","10/27/2025 04:41 AM MST","","","","False","","#df1a7b","","Satvik Jain","","","","","","0 Submitted, 1 Open, 0 Fixed, 0 Closed, 0 Blocked","1","0","0","0","","","","False","","Defined","False","","","","","","","11/24/2025 10:05 PM MST","","","","Feature F717292: CRR - Display of CRR Output-Risk Distribution Dashboard in E1/E2","False","AXP PI 25.5","","","","35.0","2 Defined, 0 In-Progress, 0 Completed, 0 Blocked","0 None Run, 0 Blocked, 0 Error, 0 Fail, 0 Inconclusive, 0 Pass","35.0","0",""
"US6212297","Defects from PI 25.4 to be fixed in 25.5.1","","Feature F717285: CRR - UI Improvements & Modification  PI 25.5","0","3.0","Accepted","AXP 25.5.22","Defects from PI 25.4","Defects from PI 25.4","Satvik Jain","E_SLPM_ST15_CRR Rule Configuration","10/27/2025 04:21 AM MST","11/24/2025 09:40 PM MST","","","False","","#df1a7b","","Satvik Jain","","","","","","0 Submitted, 0 Open, 0 Fixed, 1 Closed, 0 Blocked","1","0","0","0","","","","False","","Accepted","False","","11/09/2025 10:47 PM MST","","","","","11/24/2025 09:40 PM MST","","","","Feature F717285: CRR - UI Improvements & Modification  PI 25.5","False","AXP PI 25.5","","","","0.0","0 Defined, 0 In-Progress, 0 Completed, 0 Blocked","0 None Run, 0 Blocked, 0 Error, 0 Fail, 0 Inconclusive, 0 Pass","0.0","0",""
"US5657260","Design of Publisher Framework","","Feature F747040: CRR - Event Sourcing for publishing and consuming of events (Discovery)","1","3.0","Accepted","AXP 25.2.8","Design of Publisher Framework using SDK provided by Event sourcing team. Currently we will trigger this using an API from Postman.","ACs1. Publisher framework should be ready2. Message should be published to RTF","Satvik Jain","E_SLPM_ST15_CRR Rule Configuration","03/24/2025 01:50 AM MST","05/09/2025 03:21 AM MST","","","False","","#21a2e0","","Satvik Jain","","","","","","0 Submitted, 0 Open, 0 Fixed, 0 Closed, 0 Blocked","0","1","0","0","","","","False","","Accepted","False","","05/01/2025 08:19 PM MST","","","","","05/09/2025 03:21 AM MST","","","","Feature F747040: CRR - Event Sourcing for publishing and consuming of events (Discovery)","False","AXP PI 25.2","","","","24.0","0 Defined, 0 In-Progress, 1 Completed, 0 Blocked","0 None Run, 0 Blocked, 0 Error, 0 Fail, 0 Inconclusive, 0 Pass","0.0","0",""
"US5805227","Establish Ruleset screen and Ruleset level details - Integration with backend APIs for market settings","","Feature F713388: CRR - Establish Ruleset screen and Ruleset level details","1","1.0","Accepted","AXP 25.2.10 IP","Establish Ruleset screen and Ruleset level details - Integration with backend APIs for market settings","Establish Ruleset screen and Ruleset level details - Integration with backend APIs for market settings","Satvik Jain","E_SLPM_ST15_CRR Rule Configuration","05/26/2025 01:12 AM MST","06/09/2025 08:43 AM MST","","","False","","#21a2e0","","Satvik Jain","","","","","","0 Submitted, 0 Open, 0 Fixed, 0 Closed, 0 Blocked","0","0","0","0","","","","False","","Accepted","False","","05/26/2025 08:30 PM MST","","","","","06/09/2025 08:43 AM MST","","","","Feature F713388: CRR - Establish Ruleset screen and Ruleset level details","False","AXP PI 25.2","","","","24.0","0 Defined, 0 In-Progress, 2 Completed, 0 Blocked","0 None Run, 0 Blocked, 0 Error, 0 Fail, 0 Inconclusive, 0 Pass","0.0","0",""
"US6067644","Fix defects raised in the Previous Sprint","","Feature F778272: CRR - UI Improvements & modification PI 25.4","0","1.0","Accepted","AXP 25.4.17","Fix defects raised in the Previous Sprint","Fix defects raised in the Previous Sprint","Satvik Jain","E_SLPM_ST15_CRR Rule Configuration","09/01/2025 08:41 AM MST","09/15/2025 09:40 PM MST","","","False","","#21a2e0","","Satvik Jain","","","","CRR","","0 Submitted, 0 Open, 0 Fixed, 9 Closed, 0 Blocked","9","0","0","0","","","","False","","Accepted","False","","09/15/2025 09:40 PM MST","","","","","10/16/2025 10:01 AM MST","","","","Feature F778272: CRR - UI Improvements & modification PI 25.4","False","AXP PI 25.4","","","","0.0","0 Defined, 0 In-Progress, 0 Completed, 0 Blocked","0 None Run, 0 Blocked, 0 Error, 0 Fail, 0 Inconclusive, 0 Pass","0.0","0",""
"US6252624","Fixing of Defects & Miscellaneous tasks for completion of end-to-end functionality","","Feature F717285: CRR - UI Improvements & Modification  PI 25.5","0","3.0","Accepted","AXP 25.5.22","Fixing of Defects & Miscellaneous tasks for completion of end-to-end functionality","Fixing of Defects & Miscellaneous tasks for completion of end-to-end functionality","Satvik Jain","E_SLPM_ST15_CRR Rule Configuration","11/09/2025 10:20 PM MST","11/24/2025 09:36 PM MST","","","False","","#df1a7b","","Satvik Jain","","","","CRR","","0 Submitted, 0 Open, 0 Fixed, 7 Closed, 0 Blocked","7","0","0","0","","","","False","","Accepted","False","","11/11/2025 09:16 PM MST","","","","","11/24/2025 10:17 PM MST","","","","Feature F717285: CRR - UI Improvements & Modification  PI 25.5","False","AXP PI 25.5","","","","60.0","0 Defined, 0 In-Progress, 2 Completed, 0 Blocked","0 None Run, 0 Blocked, 0 Error, 0 Fail, 0 Inconclusive, 0 Pass","0.0","0",""
"US6276446","Fixing of Defects - 25.5.4","","Feature F717285: CRR - UI Improvements & Modification  PI 25.5","0","5.0","Defined","AXP 25.5.24","Fixing of defects - 25.5.4","Fixing of defects - 25.5.4","Suprana Sengupta","E_SLPM_ST15_CRR Rule Configuration","11/20/2025 02:02 AM MST","","","","False","","#df1a7b","","Satvik Jain","","","","","","0 Submitted, 0 Open, 0 Fixed, 0 Closed, 0 Blocked","0","0","0","0","","","","False","","Defined","False","","","","","","","11/20/2025 11:00 PM MST","","","","Feature F717285: CRR - UI Improvements & Modification  PI 25.5","False","AXP PI 25.5","","","","36.0","1 Defined, 0 In-Progress, 0 Completed, 0 Blocked","0 None Run, 0 Blocked, 0 Error, 0 Fail, 0 Inconclusive, 0 Pass","36.0","0",""
"US6276447","Fixing of Defects - 25.5.5","","Feature F717285: CRR - UI Improvements & Modification  PI 25.5","0","5.0","Defined","AXP 25.5.25","Fixing of defects - 25.5.4","Fixing of defects - 25.5.4","Suprana Sengupta","E_SLPM_ST15_CRR Rule Configuration","11/20/2025 02:03 AM MST","","","","False","","#df1a7b","","Satvik Jain","","","","","","0 Submitted, 0 Open, 0 Fixed, 0 Closed, 0 Blocked","0","0","0","0","","","","False","","Defined","False","","","","","","","11/23/2025 10:24 PM MST","","","","Feature F717285: CRR - UI Improvements & Modification  PI 25.5","False","AXP PI 25.5","","","","68.0","2 Defined, 0 In-Progress, 0 Completed, 0 Blocked","0 None Run, 0 Blocked, 0 Error, 0 Fail, 0 Inconclusive, 0 Pass","68.0","0",""
"US5767228","Frontend Github Workflow modification and create readme file","","Feature F741328: CRR - Risk Thresholds new layout & Other miscellaneous efforts","0","2.0","Accepted","AXP 25.2.9","Frontend Github Workflow modification and create readme file","Frontend Github Workflow modification and create readme file","Satvik Jain","E_SLPM_ST15_CRR Rule Configuration","05/09/2025 12:16 AM MST","05/26/2025 08:57 AM MST","","","False","","#21a2e0","","Satvik Jain","","","","","","0 Submitted, 0 Open, 0 Fixed, 0 Closed, 0 Blocked","0","0","0","0","","","","False","","Accepted","False","","05/19/2025 07:09 PM MST","","","","","05/26/2025 08:57 AM MST","","","","Feature F741328: CRR - Risk Thresholds new layout & Other miscellaneous efforts","False","AXP PI 25.2","","","","18.0","0 Defined, 0 In-Progress, 2 Completed, 0 Blocked","0 None Run, 0 Blocked, 0 Error, 0 Fail, 0 Inconclusive, 0 Pass","0.0","0",""
"US5767220","Authentication framework for APIs","","Feature F741328: CRR - Risk Thresholds new layout & Other miscellaneous efforts","0","3.0","Accepted","AXP 25.2.9","Implement Authentication framework for APIs (First create JWT token and then call the API, direct call should not happen)","Authentication framework for APIs","Satvik Jain","E_SLPM_ST15_CRR Rule Configuration","05/09/2025 12:10 AM MST","05/23/2025 02:34 AM MST","","","False","","#21a2e0","","Satvik Jain","","","","","","0 Submitted, 0 Open, 0 Fixed, 0 Closed, 0 Blocked","0","0","0","0","","","","False","","Accepted","False","","05/12/2025 09:33 PM MST","","","","","05/23/2025 02:34 AM MST","","","","Feature F741328: CRR - Risk Thresholds new layout & Other miscellaneous efforts","False","AXP PI 25.2","","","","36.0","0 Defined, 0 In-Progress, 1 Completed, 0 Blocked","0 None Run, 0 Blocked, 0 Error, 0 Fail, 0 Inconclusive, 0 Pass","0.0","0",""
"US5767219","Implement ISP fetchy for Category","","Feature F741328: CRR - Risk Thresholds new layout & Other miscellaneous efforts","0","2.0","Accepted","AXP 25.2.9","Implement ISP fetchy for Category (Call API's in Amex from frontend)","Implement ISP fetchy for Category","Satvik Jain","E_SLPM_ST15_CRR Rule Configuration","05/09/2025 12:09 AM MST","05/26/2025 08:57 AM MST","","","False","","#21a2e0","","Satvik Jain","","","","","","0 Submitted, 0 Open, 0 Fixed, 0 Closed, 0 Blocked","0","0","0","0","","","","False","","Accepted","False","","05/13/2025 09:30 PM MST","","","","","05/26/2025 08:57 AM MST","","","","Feature F741328: CRR - Risk Thresholds new layout & Other miscellaneous efforts","False","AXP PI 25.2","","","","42.0","0 Defined, 0 In-Progress, 2 Completed, 0 Blocked","0 None Run, 0 Blocked, 0 Error, 0 Fail, 0 Inconclusive, 0 Pass","0.0","0",""
"US5565309","API Configuration, CRUD Base Layers, and Modal Integration For UI","","Feature F716185: CRR - Editing an Existing Risk Assessment","0","5.0","Accepted","AXP 25.1.3","Implement the following :1. Setup API configuration2. Create base layers for services (CRUD)3. Write test cases for services4. Use base layers in sandbox listing & creation5. Update & enhance test cases6. Create base modal for popups7. Integrate modals (edited) ","Acceptance Criteria:1. Setup API configuration2. Create base layers for services (CRUD)3. Write test cases for services4. Use base layers in sandbox listing & creation5. Update & enhance test cases6. Create base modal for popups7. Integrate modals (edited) ","Satvik Jain","E_SLPM_ST15_CRR Rule Configuration","02/17/2025 03:48 AM MST","03/03/2025 12:56 AM MST","","","False","","#21a2e0","","Satvik Jain","","","","","","0 Submitted, 0 Open, 0 Fixed, 0 Closed, 0 Blocked","0","0","0","0","","","","False","","Accepted","False","","02/26/2025 09:33 PM MST","","","","","03/03/2025 12:56 AM MST","","","","Feature F716185: CRR - Editing an Existing Risk Assessment","False","AXP PI 25.1","","","","66.0","0 Defined, 0 In-Progress, 4 Completed, 0 Blocked","0 None Run, 0 Blocked, 0 Error, 0 Fail, 0 Inconclusive, 0 Pass","0.0","0",""
"US5805128","Inclusive Design Language -  Add Git Hook to disallow commits that have Non-inclusive words in the checkin.","","Feature F741328: CRR - Risk Thresholds new layout & Other miscellaneous efforts","0","2.0","Accepted","AXP 25.2.10 IP","Inclusive Design Language -  Add Git Hook to disallow commits that have Non-inclusive words in the checkin.      https://github.aexp.com/pages/amex-eng/amexway/docs/quadrants/culture/inclusive-design-language","Inclusive Design Language -  Add Git Hook to disallow commits that have Non-inclusive words in the checkin.      https://github.aexp.com/pages/amex-eng/amexway/docs/quadrants/culture/inclusive-design-language","Satvik Jain","E_SLPM_ST15_CRR Rule Configuration","05/26/2025 12:40 AM MST","06/09/2025 02:18 AM MST","","","False","","#21a2e0","","Satvik Jain","","","","","","0 Submitted, 0 Open, 0 Fixed, 0 Closed, 0 Blocked","0","0","0","0","","","","False","","Accepted","False","","05/26/2025 08:44 PM MST","","","","","06/09/2025 02:18 AM MST","","","","Feature F741328: CRR - Risk Thresholds new layout & Other miscellaneous efforts","False","AXP PI 25.2","","","","20.0","0 Defined, 0 In-Progress, 1 Completed, 0 Blocked","0 None Run, 0 Blocked, 0 Error, 0 Fail, 0 Inconclusive, 0 Pass","0.0","0",""
"US5921754","Integration for CRR View Only Page","","Feature F717288: CRR - View only screen for MCO","0","2.0","Accepted","AXP 25.3.13","Integrate frontend changes with backend apis for filter using scope and secondary dropwdown   ","GIVEN that the MCO wants to see configuration for a specific marketWHEN they select an appropriate market from the Primary dropdownTHEN they should be able to see the default configuration for that market (Market localized + Enterprise unlocalized)GIVEN that the MCO wants to see configuration for Enterprise, Market, All (Default)WHEN they select an appropriate market from the Secondary dropdownTHEN they should be able to see the default configuration for that market depending on the selection.RULESET GIVEN that the MCO filters using the secondary dropdown on Ruleset ScreenWHEN MCO accesses the CRR rule/ruleset listing screen THEN the filtered CRR rules as per selected scope and value in secondary dropdown are shownGIVEN that the MCO filters using the secondary dropdown on Ruleset ScreenWHEN MCO accesses the All setting (Default)THEN the filtered CRR rules are shown for all Market Localised + Enterprise Unlocalised rulesGIVEN that the MCO filters using the secondary dropdown on Ruleset ScreenWHEN MCO accesses the Market settingTHEN the filtered CRR rules are shown for all Market Localised RulesGIVEN that the MCO filters using the secondary dropdown on Ruleset ScreenWHEN MCO accesses the Market settingTHEN the filtered CRR rules are shown for all Enterprise Localised + Enterprise Unlocalised RulesRISK ELEMENTGIVEN that the MCO filters using the secondary dropdown on Risk Element ScreenWHEN they select one of the Values - All (Default), Market or EnterpriseTHEN the filtered CRR elements as per selected scope and value in secondary dropdown are shownGIVEN that the MCO filters using the secondary dropdown on Risk Element ScreenWHEN MCO accesses the All setting (Default)THEN the filtered CRR elements as per selected scope and value in secondary dropdown are shown for all Market Localised + Enterprise Unlocalised rulesGIVEN that the MCO filters using the secondary dropdown on Risk Element ScreenWHEN MCO accesses the Market settingTHEN the filtered CRR elements as per selected scope and value in secondary dropdown are shown for all Market Localised RulesGIVEN that the MCO filters using the secondary dropdown on Risk Element ScreenWHEN MCO accesses the Market settingTHEN the filtered CRR elements as per selected scope and value in secondary dropdown are shown for all Enterprise Localised + Enterprise Unlocalised RulesRISK CATEGORYGIVEN that the MCO filters using the secondary dropdown on Risk Category ScreenWHEN they access the dropdownTHEN the secondary dropdown should be disabled. ","Satvik Jain","E_SLPM_ST15_CRR Rule Configuration","07/07/2025 09:24 PM MST","07/21/2025 09:36 PM MST","","","False","","#21a2e0","","Satvik Jain","","","","CRR","","0 Submitted, 0 Open, 0 Fixed, 0 Closed, 0 Blocked","0","0","0","0","","","","False","","Accepted","False","","07/11/2025 09:38 PM MST","","","","","10/16/2025 10:01 AM MST","","","","Feature F717288: CRR - View only screen for MCO","False","AXP PI 25.3","","","","30.0","0 Defined, 0 In-Progress, 2 Completed, 0 Blocked","0 None Run, 0 Blocked, 0 Error, 0 Fail, 0 Inconclusive, 0 Pass","0.0","0",""
"US5984250","Integration for Copy Functionality","","Feature F716868: CRR - User-friendly UI for CRR framework configuration","0","1.0","Accepted","AXP 25.3.15 IP","Integration for Copy Functionality","Integration for Copy Functionality","Satvik Jain","E_SLPM_ST15_CRR Rule Configuration","08/04/2025 10:01 PM MST","08/18/2025 02:20 AM MST","","","False","","#21a2e0","","Satvik Jain","","","","CRR","","0 Submitted, 0 Open, 0 Fixed, 0 Closed, 0 Blocked","0","0","0","0","","","","False","","Accepted","False","","08/05/2025 04:36 AM MST","","","","","10/16/2025 10:01 AM MST","","","","Feature F716868: CRR - User-friendly UI for CRR framework configuration","False","AXP PI 25.3","","","","6.0","0 Defined, 0 In-Progress, 1 Completed, 0 Blocked","0 None Run, 0 Blocked, 0 Error, 0 Fail, 0 Inconclusive, 0 Pass","0.0","0",""
"US5755410","Integration with Backend for advanced rule screen","","Feature F713387: CRR - Create Rule Logic Setup in Advanced Mode","0","3.0","Accepted","AXP 25.2.9","Integration with Backend for advanced rule screen including saving of the state of edit mode and limit on length of rule query","Given that the user is in Basic modeWhen the user saves a rule in Basic modeThen the system should save the state of the rule as basic mode and should open it in the Basic mode next timeGiven that the user is in Advanced modeWhen the user saves a rule in Advanced modeThen the system should save the state of the rule as advanced mode and should open it in the Advanced mode next timeGiven that user wants to use the custom rule conditionWhen they type in a condition more than 100 charactersThen they receive a backend system error - """"Unable to save the changes, please contact support""""","Satvik Jain","E_SLPM_ST15_CRR Rule Configuration","05/01/2025 03:08 AM MST","05/26/2025 08:57 AM MST","","","False","","#21a2e0","","Charu Arora","","","","","","0 Submitted, 0 Open, 0 Fixed, 0 Closed, 0 Blocked","0","0","0","0","","","","False","","Accepted","False","","05/20/2025 09:35 PM MST","","","","","05/26/2025 08:57 AM MST","","","","Feature F713387: CRR - Create Rule Logic Setup in Advanced Mode","False","AXP PI 25.2","","","","36.0","0 Defined, 0 In-Progress, 1 Completed, 0 Blocked","0 None Run, 0 Blocked, 0 Error, 0 Fail, 0 Inconclusive, 0 Pass","0.0","0",""
"US5945036","Monitor and Fix Vulnerabilities in application","","Feature F778272: CRR - UI Improvements & modification PI 25.4","0","1.0","Accepted","AXP 25.4.18","Monitor and Fix Vulnerabilities in application","Monitor and Fix Vulnerabilities in application","Satvik Jain","E_SLPM_ST15_CRR Rule Configuration","07/21/2025 03:24 AM MST","09/29/2025 02:44 AM MST","","","False","","#21a2e0","","Satvik Jain","","","","CRR","","0 Submitted, 0 Open, 0 Fixed, 0 Closed, 0 Blocked","0","0","0","1","","","","False","","Accepted","False","","09/21/2025 11:05 PM MST","","","E1","09/28/2025 08:12 PM MST","10/16/2025 10:01 AM MST","","","","Feature F778272: CRR - UI Improvements & modification PI 25.4","False","AXP PI 25.4","","","","10.0","0 Defined, 0 In-Progress, 1 Completed, 0 Blocked","0 None Run, 0 Blocked, 0 Error, 0 Fail, 0 Inconclusive, 1 Pass","0.0","1",""
"US5528349","Support to Platform team","","Feature F712450: CRR - Creating a New Risk Assessment","0","3.0","Accepted","AXP 25.1.2","Need to support platform team on CI/CD and service deployment to GCP"," Confirmation on CI/CD and service deployment to GCP","Satvik Jain","E_SLPM_ST15_CRR Rule Configuration","01/30/2025 01:59 AM MST","02/17/2025 07:51 AM MST","","","False","","#21a2e0","","Satvik Jain","","","","","","0 Submitted, 0 Open, 0 Fixed, 0 Closed, 0 Blocked","0","0","0","0","","","","False","","Accepted","False","","02/09/2025 09:44 PM MST","","","","","02/17/2025 07:51 AM MST","","","","Feature F712450: CRR - Creating a New Risk Assessment","False","AXP PI 25.1","","","","12.0","0 Defined, 0 In-Progress, 2 Completed, 0 Blocked","0 None Run, 0 Blocked, 0 Error, 0 Fail, 0 Inconclusive, 0 Pass","0.0","0",""
"US5657256","Onboarding on Event sourcing","","Feature F747040: CRR - Event Sourcing for publishing and consuming of events (Discovery)","0","3.0","Accepted","AXP 25.2.6","Onboarding on Event sourcing","Onboarding on Event sourcing","Satvik Jain","E_SLPM_ST15_CRR Rule Configuration","03/24/2025 01:49 AM MST","04/14/2025 09:34 PM MST","","","False","","#21a2e0","","Satvik Jain","","","","","","0 Submitted, 0 Open, 0 Fixed, 0 Closed, 0 Blocked","0","0","0","0","","","","False","","Accepted","False","","03/31/2025 09:20 PM MST","","","","","04/14/2025 09:34 PM MST","","","","Feature F747040: CRR - Event Sourcing for publishing and consuming of events (Discovery)","False","AXP PI 25.2","","","","30.0","0 Defined, 0 In-Progress, 3 Completed, 0 Blocked","0 None Run, 0 Blocked, 0 Error, 0 Fail, 0 Inconclusive, 0 Pass","0.0","0",""
"US5921742","Optimisation and Maintenance for UI Automation Framework","","Feature F716868: CRR - User-friendly UI for CRR framework configuration","0","3.0","Accepted","AXP 25.3.13","Optimisation and Maintenance for UI Automation Framework","Optimisation and Maintenance for UI Automation Framework","Satvik Jain","E_SLPM_ST15_CRR Rule Configuration","07/07/2025 09:20 PM MST","07/21/2025 08:29 AM MST","","","False","","#21a2e0","","Satvik Jain","","","","CRR","","0 Submitted, 0 Open, 0 Fixed, 0 Closed, 0 Blocked","0","0","0","0","","","","False","","Accepted","False","","07/07/2025 11:12 PM MST","","","","","10/16/2025 10:01 AM MST","","","","Feature F716868: CRR - User-friendly UI for CRR framework configuration","False","AXP PI 25.3","","","","36.0","0 Defined, 0 In-Progress, 2 Completed, 0 Blocked","0 None Run, 0 Blocked, 0 Error, 0 Fail, 0 Inconclusive, 0 Pass","0.0","0",""
"US6285558","POC for ACE for authorization","","Feature F717286: CRR - Authourization of CRR Capabilities - Analysis","0","3.0","Defined","AXP 25.5.23","POC for ACE for authorization","POC for ACE for authorization","Satvik Jain","E_SLPM_ST15_CRR Rule Configuration","11/24/2025 10:23 PM MST","","","","False","","#df1a7b","","Satvik Jain","","","","","","0 Submitted, 0 Open, 0 Fixed, 0 Closed, 0 Blocked","0","0","0","0","","","","False","","Defined","False","","","","","","","11/25/2025 01:16 AM MST","","","","Feature F717286: CRR - Authourization of CRR Capabilities - Analysis","False","","","","","0.0","0 Defined, 0 In-Progress, 0 Completed, 0 Blocked","0 None Run, 0 Blocked, 0 Error, 0 Fail, 0 Inconclusive, 0 Pass","0.0","0",""
"US5945008","Knowledge transfer from Ruchi","","Feature F778272: CRR - UI Improvements & modification PI 25.4","0","8.0","Accepted","AXP 25.4.20 IP","POC for Authorization","POC for Authorization","Satvik Jain","E_SLPM_ST15_CRR Rule Configuration","07/21/2025 03:19 AM MST","10/27/2025 03:32 AM MST","","","False","","#21a2e0","","Satvik Jain","","","","CRR","","0 Submitted, 0 Open, 0 Fixed, 0 Closed, 0 Blocked","0","0","0","0","","","","False","","Accepted","False","","10/14/2025 01:56 AM MST","","","","","10/27/2025 03:32 AM MST","","","","Feature F778272: CRR - UI Improvements & modification PI 25.4","False","AXP PI 25.4","","","","98.0","0 Defined, 0 In-Progress, 5 Completed, 0 Blocked","0 None Run, 0 Blocked, 0 Error, 0 Fail, 0 Inconclusive, 0 Pass","0.0","0",""
"US6276444","US - POC for micro frontend based on tabs within the CRR card","","Feature F717285: CRR - UI Improvements & Modification  PI 25.5","0","5.0","Defined","AXP 25.5.24","POC for micro frontend based on tabs within the CRR card   ","POC for micro frontend based on tabs within the CRR card   ","Suprana Sengupta","E_SLPM_ST15_CRR Rule Configuration","11/20/2025 02:01 AM MST","","","","False","","#df1a7b","","Satvik Jain","","","","","","0 Submitted, 0 Open, 0 Fixed, 0 Closed, 0 Blocked","0","0","0","0","","","","False","","Defined","False","","","","","","","11/20/2025 10:59 PM MST","","","","Feature F717285: CRR - UI Improvements & Modification  PI 25.5","False","AXP PI 25.5","","","","60.0","1 Defined, 0 In-Progress, 0 Completed, 0 Blocked","0 None Run, 0 Blocked, 0 Error, 0 Fail, 0 Inconclusive, 0 Pass","60.0","0",""
"US5921735","Perform Sanity and Retesting of Defects","","Feature F716868: CRR - User-friendly UI for CRR framework configuration","0","2.0","Accepted","AXP 25.3.13","Perform Sanity and Retesting of Defects","Perform Sanity and Retesting of Defects","Satvik Jain","E_SLPM_ST15_CRR Rule Configuration","07/07/2025 09:17 PM MST","07/21/2025 09:35 PM MST","","","False","","#21a2e0","","Satvik Jain","","","","CRR","","0 Submitted, 0 Open, 0 Fixed, 0 Closed, 0 Blocked","0","0","0","0","","","","False","","Accepted","False","","07/07/2025 11:12 PM MST","","","","","10/16/2025 10:01 AM MST","","","","Feature F716868: CRR - User-friendly UI for CRR framework configuration","False","AXP PI 25.3","","","","24.0","0 Defined, 0 In-Progress, 2 Completed, 0 Blocked","0 None Run, 0 Blocked, 0 Error, 0 Fail, 0 Inconclusive, 0 Pass","0.0","0",""
"US5984348","Perform Sanity and Retesting of Defects","","Feature F716868: CRR - User-friendly UI for CRR framework configuration","0","2.0","Accepted","AXP 25.3.15 IP","Perform Sanity and Retesting of Defects","Perform Sanity and Retesting of Defects","Satvik Jain","E_SLPM_ST15_CRR Rule Configuration","08/04/2025 10:21 PM MST","08/18/2025 08:34 PM MST","","","False","","#21a2e0","","Satvik Jain","","","","CRR","","0 Submitted, 0 Open, 0 Fixed, 7 Closed, 0 Blocked","7","0","0","0","","","","False","","Accepted","False","","08/04/2025 11:17 PM MST","","","","","10/16/2025 10:01 AM MST","","","","Feature F716868: CRR - User-friendly UI for CRR framework configuration","False","AXP PI 25.3","","","","24.0","0 Defined, 0 In-Progress, 2 Completed, 0 Blocked","0 None Run, 0 Blocked, 0 Error, 0 Fail, 0 Inconclusive, 0 Pass","0.0","0",""
"US6252673","Perform platform regression and defect retesting","","Feature F717285: CRR - UI Improvements & Modification  PI 25.5","0","2.0","Accepted","AXP 25.5.22","Perform platform regression and defect retesting","Perform platform regression and defect retesting","Satvik Jain","E_SLPM_ST15_CRR Rule Configuration","11/09/2025 10:44 PM MST","11/24/2025 09:38 PM MST","","","False","","#df1a7b","","Satvik Jain","","","","CRR","","0 Submitted, 0 Open, 1 Fixed, 2 Closed, 0 Blocked","3","0","0","0","","","","False","","Accepted","False","","11/10/2025 09:25 PM MST","","","","","11/24/2025 09:38 PM MST","","","","Feature F717285: CRR - UI Improvements & Modification  PI 25.5","False","AXP PI 25.5","","","","62.0","0 Defined, 0 In-Progress, 3 Completed, 0 Blocked","0 None Run, 0 Blocked, 0 Error, 0 Fail, 0 Inconclusive, 0 Pass","0.0","0",""
"US6218374","Platform regression and defect retesting","","Feature F717285: CRR - UI Improvements & Modification  PI 25.5","0","2.0","Accepted","AXP 25.5.21","Platform regression and defect retesting","Platform regression and defect retesting","Satvik Jain","E_SLPM_ST15_CRR Rule Configuration","10/27/2025 10:34 PM MST","11/09/2025 10:32 PM MST","","","False","","#df1a7b","","Satvik Jain","","","","","","0 Submitted, 0 Open, 0 Fixed, 1 Closed, 0 Blocked","1","0","0","0","","","","False","","Accepted","False","","10/28/2025 01:10 AM MST","","","","","11/09/2025 10:32 PM MST","","","","Feature F717285: CRR - UI Improvements & Modification  PI 25.5","False","AXP PI 25.5","","","","10.0","0 Defined, 0 In-Progress, 1 Completed, 0 Blocked","0 None Run, 0 Blocked, 0 Error, 0 Fail, 0 Inconclusive, 0 Pass","0.0","0",""
"US5718318","Implementing ISPFetchy  in components","","Feature F741328: CRR - Risk Thresholds new layout & Other miscellaneous efforts","0","1.0","Accepted","AXP 25.2.7","Refactoring of code for API calls using ISP Fetchy","Refactoring of code for API calls using ISP Fetchy","Satvik Jain","E_SLPM_ST15_CRR Rule Configuration","04/14/2025 09:29 AM MST","04/28/2025 03:02 AM MST","","","False","","#21a2e0","","Satvik Jain","","","","","","0 Submitted, 0 Open, 0 Fixed, 0 Closed, 0 Blocked","0","0","0","0","","","","False","","Accepted","False","","04/28/2025 03:02 AM MST","","","","","05/05/2025 10:55 PM MST","","","","Feature F741328: CRR - Risk Thresholds new layout & Other miscellaneous efforts","False","AXP PI 25.2","","","","6.0","1 Defined, 0 In-Progress, 0 Completed, 0 Blocked","0 None Run, 0 Blocked, 0 Error, 0 Fail, 0 Inconclusive, 0 Pass","6.0","0",""
"US5821895","Remove Implement and Submit Buttons from Sandbox UI, Edit risk threshold to be added","","Feature F716868: CRR - User-friendly UI for CRR framework configuration","0","1.0","Accepted","AXP 25.3.11","Remove Sandbox testing column and add View results icon under actions Diffused state of Actions if status is in-progress (Normal button with opacity = 20%) - https://www.figma.com/design/ej5fTjN0D2CQJFWaZtwj3H/CRR-Option2?node-id=3873-45455&t=3nvqkeRHS51lk6y2-0 Add Edit Risk Threshold button on Sandbox main page - https://www.figma.com/design/ej5fTjN0D2CQJFWaZtwj3H/CRR-Option2?node-id=3873-45455&t=3nvqkeRHS51lk6y2-0 Column headers should be properly aligned with the Column values - Screenshot of risk threshold window attached. Remove Implement & Submit button from Category listing Page  ","Remove Sandbox testing column and add View results icon under actions, Diffused state of Actions if status is in-progress - https://www.figma.com/design/ej5fTjN0D2CQJFWaZtwj3H/CRR-Option2?node-id=3873-45455&t=3nvqkeRHS51lk6y2-0","Satvik Jain","E_SLPM_ST15_CRR Rule Configuration","05/28/2025 12:41 PM MST","06/23/2025 06:53 PM MST","","","False","","#21a2e0","","Satvik Jain","","","","CRR","","0 Submitted, 0 Open, 0 Fixed, 0 Closed, 0 Blocked","0","0","0","0","","","","False","","Accepted","False","","06/13/2025 05:00 AM MST","","","","","10/16/2025 10:01 AM MST","","","","Feature F716868: CRR - User-friendly UI for CRR framework configuration","False","AXP PI 25.3","","","","6.0","0 Defined, 0 In-Progress, 1 Completed, 0 Blocked","0 None Run, 0 Blocked, 0 Error, 0 Fail, 0 Inconclusive, 0 Pass","0.0","0",""
"US5983407","Prep for PI Planning","","Feature F736658: CRR - Consumer & SBS Card Variables - Calculate CRR with New DAM ODL (POC)","0","5.0","Accepted","AXP 25.3.15 IP","Reserving capacity for pre PI Planning","Reserving capacity for pre PI Planning","Satvik Jain","E_SLPM_ST15_CRR Rule Configuration","08/04/2025 02:53 PM MST","08/18/2025 02:19 AM MST","","","False","","#21a2e0","","Tahcin Ahmed","","","","CRR","","0 Submitted, 0 Open, 0 Fixed, 0 Closed, 0 Blocked","0","0","0","0","","","","False","","Accepted","False","","08/10/2025 09:01 PM MST","","","","","10/16/2025 10:01 AM MST","","","","Feature F736658: CRR - Consumer & SBS Card Variables - Calculate CRR with New DAM ODL (POC)","False","AXP PI 25.3","","","","117.0","0 Defined, 0 In-Progress, 5 Completed, 0 Blocked","0 None Run, 0 Blocked, 0 Error, 0 Fail, 0 Inconclusive, 0 Pass","0.0","0",""
"US5984246","Tech Architecture for CRR","","Feature F716868: CRR - User-friendly UI for CRR framework configuration","0","1.0","Accepted","AXP 25.3.15 IP","Tech Architecture for CRR ","Tech Architecture for CRR ","Satvik Jain","E_SLPM_ST15_CRR Rule Configuration","08/04/2025 10:01 PM MST","08/18/2025 08:34 PM MST","","","False","","#21a2e0","","Satvik Jain","","","","CRR","","0 Submitted, 0 Open, 0 Fixed, 0 Closed, 0 Blocked","0","0","0","0","","","","False","","Accepted","False","","08/10/2025 09:36 PM MST","","","","","10/16/2025 10:01 AM MST","","","","Feature F716868: CRR - User-friendly UI for CRR framework configuration","False","AXP PI 25.3","","","","24.0","0 Defined, 0 In-Progress, 3 Completed, 0 Blocked","0 None Run, 0 Blocked, 0 Error, 0 Fail, 0 Inconclusive, 0 Pass","0.0","0",""
"US5921767","Tech Architecture for CRR","Analysis and Design for Asset Manager: https://enterprise-confluence.aexp.com/confluence/display/ARMC/Asset+ManagerDR Discussion conclusion email is attached.","Feature F716868: CRR - User-friendly UI for CRR framework configuration","0","3.0","Accepted","AXP 25.3.13","Tech Architecture for CRR","Tech Architecture for CRR","Satvik Jain","E_SLPM_ST15_CRR Rule Configuration","07/07/2025 09:26 PM MST","07/21/2025 02:52 AM MST","","","False","","#21a2e0","","Satvik Jain","","","","CRR","","0 Submitted, 0 Open, 0 Fixed, 0 Closed, 0 Blocked","0","0","0","0","","","","False","","Accepted","False","","07/15/2025 09:35 PM MST","","","","","10/16/2025 10:01 AM MST","","","","Feature F716868: CRR - User-friendly UI for CRR framework configuration","False","AXP PI 25.3","","","","40.0","0 Defined, 0 In-Progress, 4 Completed, 0 Blocked","0 None Run, 0 Blocked, 0 Error, 0 Fail, 0 Inconclusive, 0 Pass","0.0","0",""
"US5992611","Tech Architecture for CRR","","Feature F778272: CRR - UI Improvements & modification PI 25.4","0","3.0","Accepted","AXP 25.4.17","Tech Architecture for CRR","Tech Architecture for CRR","Satvik Jain","E_SLPM_ST15_CRR Rule Configuration","08/06/2025 02:25 AM MST","09/15/2025 07:31 AM MST","","","False","","#21a2e0","","Satvik Jain","","","","CRR","","0 Submitted, 0 Open, 0 Fixed, 0 Closed, 0 Blocked","0","0","0","0","","","","False","","Accepted","False","","09/07/2025 11:21 PM MST","","","","","10/16/2025 10:01 AM MST","","","","Feature F778272: CRR - UI Improvements & modification PI 25.4","False","AXP PI 25.4","","","","24.0","0 Defined, 0 In-Progress, 2 Completed, 0 Blocked","0 None Run, 0 Blocked, 0 Error, 0 Fail, 0 Inconclusive, 0 Pass","0.0","0",""
"US5992612","Tech Architecture for CRR","","Feature F778272: CRR - UI Improvements & modification PI 25.4","0","3.0","Accepted","AXP 25.4.18","Tech Architecture for CRR","Tech Architecture for CRR","Satvik Jain","E_SLPM_ST15_CRR Rule Configuration","08/06/2025 02:25 AM MST","10/27/2025 04:11 AM MST","","","False","","#21a2e0","","Satvik Jain","","","","CRR","","0 Submitted, 0 Open, 0 Fixed, 0 Closed, 0 Blocked","0","0","0","0","","","","False","","Accepted","False","","10/27/2025 04:10 AM MST","","","","","10/27/2025 04:11 AM MST","","","","Feature F778272: CRR - UI Improvements & modification PI 25.4","False","AXP PI 25.4","","","","24.0","0 Defined, 0 In-Progress, 1 Completed, 0 Blocked","0 None Run, 0 Blocked, 0 Error, 0 Fail, 0 Inconclusive, 0 Pass","0.0","0",""
"US5992613","Tech Architecture for CRR","Documentaion for Audit History: https://enterprise-confluence.aexp.com/confluence/spaces/ARMC/pages/1586661637/CRR+Audit+History ","Feature F778272: CRR - UI Improvements & modification PI 25.4","0","3.0","Accepted","AXP 25.4.19","Tech Architecture for CRR","Tech Architecture for CRR","Satvik Jain","E_SLPM_ST15_CRR Rule Configuration","08/06/2025 02:25 AM MST","10/13/2025 08:57 AM MST","","","False","","#21a2e0","","Satvik Jain","","","","CRR","","0 Submitted, 0 Open, 0 Fixed, 0 Closed, 0 Blocked","0","0","0","0","","","","False","","Accepted","False","","10/07/2025 09:38 PM MST","","","","","10/16/2025 10:01 AM MST","","","","Feature F778272: CRR - UI Improvements & modification PI 25.4","False","AXP PI 25.4","","","","17.0","0 Defined, 0 In-Progress, 3 Completed, 0 Blocked","0 None Run, 0 Blocked, 0 Error, 0 Fail, 0 Inconclusive, 0 Pass","0.0","0",""
"US5992614","Tech Architecture for CRR","","Feature F778272: CRR - UI Improvements & modification PI 25.4","0","3.0","Accepted","AXP 25.4.20 IP","Tech Architecture for CRR","Tech Architecture for CRR","Satvik Jain","E_SLPM_ST15_CRR Rule Configuration","08/06/2025 02:26 AM MST","10/27/2025 03:33 AM MST","","","False","","#21a2e0","","Satvik Jain","","","","CRR","","0 Submitted, 0 Open, 0 Fixed, 0 Closed, 0 Blocked","0","0","0","0","","","","False","","Accepted","False","","10/14/2025 09:40 PM MST","","","","","10/27/2025 03:33 AM MST","","","","Feature F778272: CRR - UI Improvements & modification PI 25.4","False","AXP PI 25.4","","","","36.0","0 Defined, 0 In-Progress, 3 Completed, 0 Blocked","0 None Run, 0 Blocked, 0 Error, 0 Fail, 0 Inconclusive, 0 Pass","0.0","0",""
"US5907012","Tech Architecture for CRR","","Feature F716868: CRR - User-friendly UI for CRR framework configuration","0","3.0","Accepted","AXP 25.3.12","Tech architecture guidance for CRR from Tech Leads","Tech architecture guidance for CRR from Tech Leads","Satvik Jain","E_SLPM_ST15_CRR Rule Configuration","06/29/2025 11:16 PM MST","07/07/2025 07:16 AM MST","","","False","","#21a2e0","","Satvik Jain","","","","CRR","","0 Submitted, 0 Open, 0 Fixed, 0 Closed, 0 Blocked","0","0","0","0","","","","False","","Accepted","False","","07/01/2025 09:34 PM MST","","","","","10/16/2025 10:01 AM MST","","","","Feature F716868: CRR - User-friendly UI for CRR framework configuration","False","AXP PI 25.3","","","","10.0","0 Defined, 0 In-Progress, 1 Completed, 0 Blocked","0 None Run, 0 Blocked, 0 Error, 0 Fail, 0 Inconclusive, 0 Pass","0.0","0",""
"US5984344","Test Flows for Sandbox & Simulation Screen and Copy Functionality","","Feature F716868: CRR - User-friendly UI for CRR framework configuration","0","2.0","Accepted","AXP 25.3.15 IP","Test Flows for Sandbox & Simulation Screen and Copy Functionality","Test Flows for Sandbox & Simulation Screen and Copy Functionality","Satvik Jain","E_SLPM_ST15_CRR Rule Configuration","08/04/2025 10:20 PM MST","08/18/2025 02:16 AM MST","","","False","","#21a2e0","","Satvik Jain","","","","CRR","","0 Submitted, 0 Open, 0 Fixed, 0 Closed, 0 Blocked","0","0","0","5","","","","False","","Accepted","False","","08/04/2025 11:17 PM MST","","","E2","10/26/2025 01:33 AM MST","10/26/2025 01:32 AM MST","","","","Feature F716868: CRR - User-friendly UI for CRR framework configuration","False","AXP PI 25.3","","","","24.0","0 Defined, 0 In-Progress, 2 Completed, 0 Blocked","1 None Run, 0 Blocked, 0 Error, 0 Fail, 0 Inconclusive, 5 Pass","0.0","6",""
"US6078267","Test Fundamental assessment - Update Questionnaire page","","Feature F778272: CRR - UI Improvements & modification PI 25.4","0","2.0","Accepted","AXP 25.4.19","Test Fundamental assessment - Update Questionnaire page","Test Fundamental assessment - Update Questionnaire page","Satvik Jain","E_SLPM_ST15_CRR Rule Configuration","09/04/2025 02:04 AM MST","10/13/2025 07:49 AM MST","","","False","","#21a2e0","","Satvik Jain","","","","CRR","","0 Submitted, 0 Open, 0 Fixed, 0 Closed, 0 Blocked","0","0","0","0","","","","False","","Accepted","False","","10/12/2025 11:49 PM MST","","","","","10/16/2025 10:01 AM MST","","","","Feature F778272: CRR - UI Improvements & modification PI 25.4","False","AXP PI 25.4","","","","8.0","0 Defined, 0 In-Progress, 1 Completed, 0 Blocked","1 None Run, 0 Blocked, 0 Error, 0 Fail, 0 Inconclusive, 0 Pass","0.0","1",""
"US6252668","Test Sandbox stale state and refresh functionality","","Feature F717285: CRR - UI Improvements & Modification  PI 25.5","1","2.0","Accepted","AXP 25.5.22","Test Sandbox stale state and refresh functionality","Test Sandbox stale state and refresh functionality","Satvik Jain","E_SLPM_ST15_CRR Rule Configuration","11/09/2025 10:43 PM MST","11/24/2025 09:38 PM MST","","","False","","#df1a7b","","Satvik Jain","","","","CRR","","0 Submitted, 0 Open, 0 Fixed, 0 Closed, 0 Blocked","0","0","0","0","","","","False","","Accepted","False","","11/12/2025 09:21 PM MST","","","","","11/24/2025 09:38 PM MST","","","","Feature F717285: CRR - UI Improvements & Modification  PI 25.5","False","AXP PI 25.5","","","","10.0","0 Defined, 0 In-Progress, 1 Completed, 0 Blocked","10 None Run, 0 Blocked, 0 Error, 0 Fail, 0 Inconclusive, 0 Pass","0.0","10",""
"US5984349","Test cases documentation on Rally","","Feature F716868: CRR - User-friendly UI for CRR framework configuration","0","2.0","Accepted","AXP 25.3.15 IP","Test cases documentation on Rally","Test cases documentation on Rally","Satvik Jain","E_SLPM_ST15_CRR Rule Configuration","08/04/2025 10:22 PM MST","08/18/2025 02:10 AM MST","","","False","","#21a2e0","","Satvik Jain","","","","CRR","","0 Submitted, 0 Open, 0 Fixed, 0 Closed, 0 Blocked","0","0","0","0","","","","False","","Accepted","False","","08/05/2025 08:02 PM MST","","","","","10/16/2025 10:01 AM MST","","","","Feature F716868: CRR - User-friendly UI for CRR framework configuration","False","AXP PI 25.3","","","","30.0","0 Defined, 0 In-Progress, 2 Completed, 0 Blocked","0 None Run, 0 Blocked, 0 Error, 0 Fail, 0 Inconclusive, 0 Pass","0.0","0",""
"US5921736","Test flow for Simulation version, implement  and roll back functionality","","Feature F716868: CRR - User-friendly UI for CRR framework configuration","0","3.0","Accepted","AXP 25.3.13","Test flow for misc new featuresSandox Simulation - Submit, Version, Cancel, RollbackDialog box for each functionality","Test flow for misc new features","Satvik Jain","E_SLPM_ST15_CRR Rule Configuration","07/07/2025 09:18 PM MST","07/21/2025 09:35 PM MST","","","False","","#21a2e0","","Satvik Jain","","","","CRR","","0 Submitted, 0 Open, 0 Fixed, 1 Closed, 0 Blocked","1","0","0","1","","","","False","","Accepted","False","","07/10/2025 12:12 AM MST","","","E2","10/26/2025 01:18 AM MST","10/26/2025 01:18 AM MST","","","","Feature F716868: CRR - User-friendly UI for CRR framework configuration","False","AXP PI 25.3","","","","78.0","0 Defined, 0 In-Progress, 2 Completed, 0 Blocked","0 None Run, 0 Blocked, 0 Error, 0 Fail, 0 Inconclusive, 1 Pass","0.0","1",""
"US6218445","Test fundamental assessment audit functionality","","Feature F717285: CRR - UI Improvements & Modification  PI 25.5","2","2.0","Accepted","AXP 25.5.22","Test fundamental assessment audit functionality","Test fundamental assessment audit functionality","Satvik Jain","E_SLPM_ST15_CRR Rule Configuration","10/27/2025 10:38 PM MST","11/24/2025 07:15 AM MST","","","False","","#df1a7b","","Satvik Jain","","","","","","0 Submitted, 0 Open, 0 Fixed, 0 Closed, 0 Blocked","0","0","0","0","","","","False","","Accepted","False","","10/28/2025 01:11 AM MST","","","","","11/24/2025 07:15 AM MST","","","","Feature F717285: CRR - UI Improvements & Modification  PI 25.5","False","AXP PI 25.5","","","","10.0","0 Defined, 0 In-Progress, 1 Completed, 0 Blocked","0 None Run, 0 Blocked, 0 Error, 0 Fail, 0 Inconclusive, 0 Pass","0.0","0",""
"US6218399","Test sandbox simulation and implement functionality","","Feature F717285: CRR - UI Improvements & Modification  PI 25.5","0","2.0","Accepted","AXP 25.5.21","Test sandbox simulation and implement functionality","Test sandbox simulation and implement functionality","Satvik Jain","E_SLPM_ST15_CRR Rule Configuration","10/27/2025 10:35 PM MST","11/09/2025 10:32 PM MST","","","False","","#df1a7b","","Satvik Jain","","","","","","0 Submitted, 0 Open, 0 Fixed, 0 Closed, 0 Blocked","0","0","0","0","","","","False","","Accepted","False","","10/28/2025 01:11 AM MST","","","","","11/09/2025 10:32 PM MST","","","","Feature F717285: CRR - UI Improvements & Modification  PI 25.5","False","AXP PI 25.5","","","","20.0","0 Defined, 0 In-Progress, 1 Completed, 0 Blocked","0 None Run, 0 Blocked, 0 Error, 0 Fail, 0 Inconclusive, 0 Pass","0.0","0",""
"US6218448","CRR UI Test automation scripts migration from Java to Javascript","","Feature F717285: CRR - UI Improvements & Modification  PI 25.5","0","2.0","Accepted","AXP 25.5.21","Test sandbox simulation and implement functionality","Test sandbox simulation and implement functionality","Satvik Jain","E_SLPM_ST15_CRR Rule Configuration","10/27/2025 10:39 PM MST","11/09/2025 10:32 PM MST","","","False","","#df1a7b","","Satvik Jain","","","","","","0 Submitted, 0 Open, 0 Fixed, 0 Closed, 0 Blocked","0","0","0","0","","","","False","","Accepted","False","","10/28/2025 01:11 AM MST","","","","","11/09/2025 10:32 PM MST","","","","Feature F717285: CRR - UI Improvements & Modification  PI 25.5","False","AXP PI 25.5","","","","20.0","0 Defined, 0 In-Progress, 1 Completed, 0 Blocked","0 None Run, 0 Blocked, 0 Error, 0 Fail, 0 Inconclusive, 0 Pass","0.0","0",""
"US6219477","CRR- UAT - Editing an existing risk assessment - F716185","","Feature F774977: CRR - Sandbox Integration for Fundamental Assessment in E1/ E2","0","","Defined","","To conduct UAT - Editing an existing risk assessment - F716185","To conduct UAT - Editing an existing risk assessment - F716185","Suprana Sengupta","S_Second Line Platform Modernization (SLPM)","10/28/2025 01:29 AM MST","","","","False","","#df1a7b","","Suprana Sengupta","","","","","","0 Submitted, 0 Open, 0 Fixed, 0 Closed, 0 Blocked","0","0","0","0","","","","False","","Defined","False","","","","","","","10/28/2025 01:30 AM MST","","","","Feature F774977: CRR - Sandbox Integration for Fundamental Assessment in E1/ E2","False","","","","","0.0","0 Defined, 0 In-Progress, 0 Completed, 0 Blocked","0 None Run, 0 Blocked, 0 Error, 0 Fail, 0 Inconclusive, 0 Pass","0.0","0",""
"US6219493","CRR - UAT - Setup Risk category and risk element screen - F739019","","Feature F774977: CRR - Sandbox Integration for Fundamental Assessment in E1/ E2","0","","Defined","","To conduct CRR - UAT - Setup Risk category and risk element screen - F739019","To conduct CRR - UAT - Setup Risk category and risk element screen - F739019","Suprana Sengupta","S_Second Line Platform Modernization (SLPM)","10/28/2025 01:31 AM MST","","","","False","","#df1a7b","","Suprana Sengupta","","","","","","0 Submitted, 0 Open, 0 Fixed, 0 Closed, 0 Blocked","0","0","0","0","","","","False","","Defined","False","","","","","","","10/28/2025 01:42 AM MST","","","","Feature F774977: CRR - Sandbox Integration for Fundamental Assessment in E1/ E2","False","","","","","0.0","0 Defined, 0 In-Progress, 0 Completed, 0 Blocked","0 None Run, 0 Blocked, 0 Error, 0 Fail, 0 Inconclusive, 0 Pass","0.0","0",""
"US6219543","CRR- UAT - Establish core risk categories","","Feature F774977: CRR - Sandbox Integration for Fundamental Assessment in E1/ E2","0","","Defined","","To conduct UAT for  Establish core risk categories","To conduct UAT for  Establish core risk categories","Suprana Sengupta","S_Second Line Platform Modernization (SLPM)","10/28/2025 01:43 AM MST","","","","False","","#df1a7b","","Suprana Sengupta","","","","","","0 Submitted, 0 Open, 0 Fixed, 0 Closed, 0 Blocked","0","0","0","0","","","","False","","Defined","False","","","","","","","10/28/2025 01:44 AM MST","","","","Feature F774977: CRR - Sandbox Integration for Fundamental Assessment in E1/ E2","False","","","","","0.0","0 Defined, 0 In-Progress, 0 Completed, 0 Blocked","0 None Run, 0 Blocked, 0 Error, 0 Fail, 0 Inconclusive, 0 Pass","0.0","0",""
"US6219460","CRR- UAT for Create new assessment - F712450","","Feature F774977: CRR - Sandbox Integration for Fundamental Assessment in E1/ E2","0","","Defined","","To conduct UAT for feature F712450 to create new assessment","To conduct UAT for feature F712450 to create new assessment","Suprana Sengupta","S_Second Line Platform Modernization (SLPM)","10/28/2025 01:26 AM MST","","","","False","","#df1a7b","","Suprana Sengupta","","","","","","0 Submitted, 0 Open, 0 Fixed, 0 Closed, 0 Blocked","0","0","0","0","","","","False","","Defined","False","","","","","","","10/28/2025 01:27 AM MST","","","","Feature F774977: CRR - Sandbox Integration for Fundamental Assessment in E1/ E2","False","","","","","0.0","0 Defined, 0 In-Progress, 0 Completed, 0 Blocked","0 None Run, 0 Blocked, 0 Error, 0 Fail, 0 Inconclusive, 0 Pass","0.0","0",""
"US6219446","CRR - UAT for FA - F716834","","Feature F774977: CRR - Sandbox Integration for Fundamental Assessment in E1/ E2","0","","Defined","","To do UAT for entire Fundamental Assessment functionality","To do UAT for entire Fundamental Assessment functionality","Suprana Sengupta","S_Second Line Platform Modernization (SLPM)","10/28/2025 01:23 AM MST","","","","False","","#df1a7b","","Suprana Sengupta","","","","","","0 Submitted, 0 Open, 0 Fixed, 0 Closed, 0 Blocked","0","0","0","0","","","","False","","Defined","False","","","","","","","10/28/2025 01:25 AM MST","","","","Feature F774977: CRR - Sandbox Integration for Fundamental Assessment in E1/ E2","False","","","","","0.0","0 Defined, 0 In-Progress, 0 Completed, 0 Blocked","0 None Run, 0 Blocked, 0 Error, 0 Fail, 0 Inconclusive, 0 Pass","0.0","0",""
"US6218138","UAT Testing for functionalities","","Feature F717285: CRR - UI Improvements & Modification  PI 25.5","1","3.0","Accepted","AXP 25.5.21","UAT Testing for functionalities","UAT Testing for functionalities","Satvik Jain","E_SLPM_ST15_CRR Rule Configuration","10/27/2025 09:52 PM MST","11/10/2025 03:04 AM MST","","","False","","#df1a7b","","Satvik Jain","","","","","","0 Submitted, 0 Open, 0 Fixed, 0 Closed, 0 Blocked","0","0","0","0","","","","False","","Accepted","False","","10/28/2025 09:43 PM MST","","","","","11/10/2025 03:04 AM MST","","","","Feature F717285: CRR - UI Improvements & Modification  PI 25.5","False","AXP PI 25.5","","","","0.0","0 Defined, 0 In-Progress, 1 Completed, 0 Blocked","0 None Run, 0 Blocked, 0 Error, 0 Fail, 0 Inconclusive, 0 Pass","0.0","0",""
"US6276442","US - Customer tab backend","","Feature F717292: CRR - Display of CRR Output-Risk Distribution Dashboard in E1/E2","0","5.0","Defined","AXP 25.5.24","US - Customer tab backend","US - Customer tab backend","Satvik Jain","E_SLPM_ST15_CRR Rule Configuration","11/20/2025 01:58 AM MST","","","","False","","#df1a7b","","Satvik Jain","","","","","","0 Submitted, 0 Open, 0 Fixed, 0 Closed, 0 Blocked","0","0","0","0","","","","False","","Defined","False","","","","","","","11/20/2025 11:00 PM MST","","","","Feature F717292: CRR - Display of CRR Output-Risk Distribution Dashboard in E1/E2","False","AXP PI 25.5","","","","60.0","2 Defined, 0 In-Progress, 0 Completed, 0 Blocked","0 None Run, 0 Blocked, 0 Error, 0 Fail, 0 Inconclusive, 0 Pass","60.0","0",""
"US5992623","Update all workflows used in CI/CD pipeline with latest org workflows","","Feature F778272: CRR - UI Improvements & modification PI 25.4","0","2.0","Accepted","AXP 25.4.19","Update all workflows used in CI/CD pipeline with latest org workflows","Update all workflows used in CI/CD pipeline with latest org workflows","Satvik Jain","E_SLPM_ST15_CRR Rule Configuration","08/06/2025 02:28 AM MST","10/13/2025 08:59 AM MST","","","False","","#21a2e0","","Satvik Jain","","","","CRR","","0 Submitted, 0 Open, 0 Fixed, 0 Closed, 0 Blocked","0","0","0","1","","","","False","","Accepted","False","","10/09/2025 06:50 AM MST","","","E1","10/09/2025 06:49 AM MST","10/16/2025 10:01 AM MST","","","","Feature F778272: CRR - UI Improvements & modification PI 25.4","False","AXP PI 25.4","","","","10.0","0 Defined, 0 In-Progress, 1 Completed, 0 Blocked","0 None Run, 0 Blocked, 0 Error, 0 Fail, 0 Inconclusive, 1 Pass","0.0","1",""
"US5921760","Backend Modified API for CRR view only mode","","Feature F717288: CRR - View only screen for MCO","0","2.0","Accepted","AXP 25.3.13","Update filter api to accomodate secondary drop down changes   ","RULESET GIVEN that the MCO filters using the secondary dropdown on Ruleset ScreenWHEN MCO accesses the CRR rule/ruleset listing screen THEN the filtered CRR rules as per selected scope and value in secondary dropdown are shownGIVEN that the MCO filters using the secondary dropdown on Ruleset ScreenWHEN MCO accesses the All setting (Default)THEN the filtered CRR rules are shown for all Market Localised + Enterprise Unlocalised rulesGIVEN that the MCO filters using the secondary dropdown on Ruleset ScreenWHEN MCO accesses the Market settingTHEN the filtered CRR rules are shown for all Market Localised RulesGIVEN that the MCO filters using the secondary dropdown on Ruleset ScreenWHEN MCO accesses the Market settingTHEN the filtered CRR rules are shown for all Enterprise Localised + Enterprise Unlocalised RulesRISK ELEMENTGIVEN that the MCO filters using the secondary dropdown on Risk Element ScreenWHEN they select one of the Values - All (Default), Market or EnterpriseTHEN the filtered CRR elements as per selected scope and value in secondary dropdown are shownGIVEN that the MCO filters using the secondary dropdown on Risk Element ScreenWHEN MCO accesses the All setting (Default)THEN the filtered CRR elements as per selected scope and value in secondary dropdown are shown for all Market Localised + Enterprise Unlocalised rulesGIVEN that the MCO filters using the secondary dropdown on Risk Element ScreenWHEN MCO accesses the Market settingTHEN the filtered CRR elements as per selected scope and value in secondary dropdown are shown for all Market Localised RulesGIVEN that the MCO filters using the secondary dropdown on Risk Element ScreenWHEN MCO accesses the Market settingTHEN the filtered CRR elements as per selected scope and value in secondary dropdown are shown for all Enterprise Localised + Enterprise Unlocalised RulesRISK CATEGORYGIVEN that the MCO filters using the secondary dropdown on Risk Category ScreenWHEN they access the dropdownTHEN the secondary dropdown should be disabled.    ","Satvik Jain","E_SLPM_ST15_CRR Rule Configuration","07/07/2025 09:25 PM MST","07/21/2025 08:29 AM MST","","","False","","#21a2e0","","Satvik Jain","","","","CRR","","0 Submitted, 0 Open, 0 Fixed, 0 Closed, 0 Blocked","0","0","0","1","","","","False","","Accepted","False","","07/10/2025 12:30 AM MST","","","E1","08/03/2025 09:51 PM MST","10/16/2025 10:01 AM MST","","","","Feature F717288: CRR - View only screen for MCO","False","AXP PI 25.3","","","","20.0","0 Defined, 0 In-Progress, 2 Completed, 0 Blocked","0 None Run, 0 Blocked, 0 Error, 0 Fail, 0 Inconclusive, 1 Pass","0.0","1",""
"US6094655","Update the Rules payload to include asset mapping information","","Feature F778272: CRR - UI Improvements & modification PI 25.4","0","3.0","Accepted","AXP 25.4.18","Update the Rules payload to include asset mapping information when data points of type """"lookup"""" are selected. Ensure that both assetId and vsnNo are provided during rule creation and editing.","Update the Rules payload to include asset mapping information when data points of type """"lookup"""" are selected. Ensure that both assetId and vsnNo are provided during rule creation and editing.","Satvik Jain","E_SLPM_ST15_CRR Rule Configuration","09/15/2025 09:00 AM MST","09/29/2025 09:07 AM MST","","","False","","#21a2e0","","Satvik Jain","","","","CRR","","0 Submitted, 0 Open, 0 Fixed, 0 Closed, 0 Blocked","0","0","0","0","","","","False","","Accepted","False","","09/16/2025 09:08 PM MST","","","","","10/16/2025 10:01 AM MST","","","","Feature F778272: CRR - UI Improvements & modification PI 25.4","False","AXP PI 25.4","","","CRR_FT","10.0","0 Defined, 0 In-Progress, 1 Completed, 0 Blocked","0 None Run, 0 Blocked, 0 Error, 0 Fail, 0 Inconclusive, 0 Pass","0.0","0",""
"US5767224","Vulnerability-Java Related","","Feature F741328: CRR - Risk Thresholds new layout & Other miscellaneous efforts","0","2.0","Accepted","AXP 25.2.9","Vulnerability-Java Related","Vulnerability-Java Related","Satvik Jain","E_SLPM_ST15_CRR Rule Configuration","05/09/2025 12:13 AM MST","05/23/2025 02:34 AM MST","","","False","","#21a2e0","","Satvik Jain","","","","","","0 Submitted, 0 Open, 0 Fixed, 0 Closed, 0 Blocked","0","0","0","0","","","","False","","Accepted","False","","05/22/2025 02:49 AM MST","","","","","05/23/2025 02:34 AM MST","","","","Feature F741328: CRR - Risk Thresholds new layout & Other miscellaneous efforts","False","AXP PI 25.2","","","","12.0","0 Defined, 0 In-Progress, 1 Completed, 0 Blocked","0 None Run, 0 Blocked, 0 Error, 0 Fail, 0 Inconclusive, 0 Pass","0.0","0",""
"US5822007","CRR - Validation for Enable Cloud SQL CI/CD Pipeline","","Feature F717262: CRR - Enabler: E3 Infra setup to enable future deployment","0","0.0","Accepted","AXP 25.3.15 IP","AS A DevOps Engineer I WANT TO onboard Cloud SQL to the CI/CD pipeline SO THAT deployments can be automated and validated","GIVEN pipeline templates are defined WHEN Cloud SQL is integrated THEN test and prod deploys are automated","Satvik Jain","E_SLPM_ST15_CRR Rule Configuration","05/28/2025 01:10 PM MST","08/04/2025 10:01 PM MST","","","False","","#21a2e0","","Satvik Jain","","","","CRR","","0 Submitted, 0 Open, 0 Fixed, 0 Closed, 0 Blocked","0","0","0","0","","","","False","","Accepted","False","","07/30/2025 12:37 AM MST","","","","","10/16/2025 10:01 AM MST","","","","Feature F717262: CRR - Enabler: E3 Infra setup to enable future deployment","False","AXP PI 25.3","","","","0.0","0 Defined, 0 In-Progress, 0 Completed, 0 Blocked","0 None Run, 0 Blocked, 0 Error, 0 Fail, 0 Inconclusive, 0 Pass","0.0","0",""
"US5822011","CRR - Validation for Configure Dynatrace and Elf Dashboards","","Feature F717262: CRR - Enabler: E3 Infra setup to enable future deployment","0","0.0","Accepted","AXP 25.3.15 IP","AS A Monitoring Engineer I WANT TO configure dashboards using Dynatrace and Elf SO THAT infrastructure performance can be monitored in real time","GIVEN monitoring stack is selected WHEN dashboards are configured THEN metrics and logs are visualized for CRR systems","Satvik Jain","E_SLPM_ST15_CRR Rule Configuration","05/28/2025 01:10 PM MST","08/04/2025 10:01 PM MST","","","False","","#21a2e0","","Satvik Jain","","","","CRR","","0 Submitted, 0 Open, 0 Fixed, 0 Closed, 0 Blocked","0","0","0","0","","","","False","","Accepted","False","","08/03/2025 08:52 PM MST","","","","","10/16/2025 10:01 AM MST","","","","Feature F717262: CRR - Enabler: E3 Infra setup to enable future deployment","False","AXP PI 25.3","","","","0.0","0 Defined, 0 In-Progress, 0 Completed, 0 Blocked","0 None Run, 0 Blocked, 0 Error, 0 Fail, 0 Inconclusive, 0 Pass","0.0","0",""
"US5929966","Debugging Tracing issue in CRR with Platform Team","","Feature F717262: CRR - Enabler: E3 Infra setup to enable future deployment","0","1.0","Accepted","AXP 25.3.14","AS A Monitoring Engineer I WANT TO configure dashboards using Dynatrace and Elf SO THAT infrastructure performance can be monitored in real time","GIVEN monitoring stack is selected WHEN dashboards are configured THEN metrics and logs are visualized for CRR systems","Satvik Jain","E_SLPM_ST15_CRR Rule Configuration","07/09/2025 10:17 PM MST","08/04/2025 09:55 PM MST","","","False","","#21a2e0","","Satvik Jain","","","","CRR","","0 Submitted, 0 Open, 0 Fixed, 0 Closed, 0 Blocked","0","0","0","0","","","","False","","Accepted","False","","07/29/2025 08:21 PM MST","","","","","10/16/2025 10:01 AM MST","","","","Feature F717262: CRR - Enabler: E3 Infra setup to enable future deployment","False","AXP PI 25.3","","","","20.0","0 Defined, 0 In-Progress, 1 Completed, 0 Blocked","0 None Run, 0 Blocked, 0 Error, 0 Fail, 0 Inconclusive, 0 Pass","0.0","0",""
"US5822008","CRR - Validation for Procure Memory Store for E3","","Feature F717262: CRR - Enabler: E3 Infra setup to enable future deployment","0","0.0","Accepted","AXP 25.3.15 IP","AS A Platform Engineer I WANT TO provision GCP Memory Store SO THAT high-speed caching can support scoring operations","GIVEN Memory Store setup is requested WHEN provisioned THEN CRR services can leverage it","Satvik Jain","E_SLPM_ST15_CRR Rule Configuration","05/28/2025 01:10 PM MST","08/04/2025 10:01 PM MST","","","False","","#21a2e0","","Satvik Jain","","","","CRR","","0 Submitted, 0 Open, 0 Fixed, 0 Closed, 0 Blocked","0","0","0","0","","","","False","","Accepted","False","","07/30/2025 12:37 AM MST","","","","","10/16/2025 10:01 AM MST","","","","Feature F717262: CRR - Enabler: E3 Infra setup to enable future deployment","False","AXP PI 25.3","","","","0.0","0 Defined, 0 In-Progress, 0 Completed, 0 Blocked","0 None Run, 0 Blocked, 0 Error, 0 Fail, 0 Inconclusive, 0 Pass","0.0","0",""
"US5822006","CRR - Validation for Procure E3 Cloud SQL Instance","","Feature F717262: CRR - Enabler: E3 Infra setup to enable future deployment","0","0.0","Accepted","AXP 25.3.15 IP","AS A Platform Engineer I WANT TO provision an E3 Cloud SQL instance SO THAT application data for CRR can be hosted","GIVEN cloud provisioning steps are followed WHEN Cloud SQL is created THEN access is granted and schema setup begins","Satvik Jain","E_SLPM_ST15_CRR Rule Configuration","05/28/2025 01:10 PM MST","08/04/2025 10:01 PM MST","","","False","","#21a2e0","","Satvik Jain","","","","CRR","","0 Submitted, 0 Open, 0 Fixed, 0 Closed, 0 Blocked","0","0","0","0","","","","False","","Accepted","False","","07/30/2025 12:38 AM MST","","","","","10/16/2025 10:01 AM MST","","","","Feature F717262: CRR - Enabler: E3 Infra setup to enable future deployment","False","AXP PI 25.3","","","","0.0","0 Defined, 0 In-Progress, 0 Completed, 0 Blocked","0 None Run, 0 Blocked, 0 Error, 0 Fail, 0 Inconclusive, 0 Pass","0.0","0",""
"US5822010","CRR - Validation for Onboard GCP Hydra Project","","Feature F717262: CRR - Enabler: E3 Infra setup to enable future deployment","0","0.0","Accepted","AXP 25.3.15 IP","AS A Platform Owner I WANT TO onboard the CRR project to GCP Hydra SO THAT GCP-level resources can be allocated","GIVEN onboarding documentation is prepared WHEN Hydra onboarding is complete THEN project visibility is established","Satvik Jain","E_SLPM_ST15_CRR Rule Configuration","05/28/2025 01:10 PM MST","08/04/2025 10:01 PM MST","","","False","","#21a2e0","","Satvik Jain","","","","CRR","","0 Submitted, 0 Open, 0 Fixed, 0 Closed, 0 Blocked","0","0","0","0","","","","False","","Accepted","False","","07/30/2025 12:36 AM MST","","","","","10/16/2025 10:01 AM MST","","","","Feature F717262: CRR - Enabler: E3 Infra setup to enable future deployment","False","AXP PI 25.3","","","","1.0","0 Defined, 0 In-Progress, 1 Completed, 0 Blocked","0 None Run, 0 Blocked, 0 Error, 0 Fail, 0 Inconclusive, 0 Pass","0.0","0",""
"US5822144","Lock Justification Note Post Submission","","Feature F761444: CRR - Displaying of modification in framework in Sandbox vs Production","0","2.0","Accepted","AXP 25.3.13","AS A System I WANT TO lock the justification note after the sandbox version is submitted SO THAT users cannot alter it during or after implementation","GIVEN a justification is saved WHEN the sandbox is submitted THEN the note becomes read-only","Satvik Jain","E_SLPM_ST15_CRR Rule Configuration","05/28/2025 01:31 PM MST","07/21/2025 09:35 PM MST","","","False","","#21a2e0","","Satvik Jain","","","","CRR","","0 Submitted, 0 Open, 0 Fixed, 0 Closed, 0 Blocked","0","0","0","1","","","","False","","Accepted","False","","07/10/2025 09:37 PM MST","","","E1","08/04/2025 06:40 AM MST","10/16/2025 10:01 AM MST","","","","Feature F761444: CRR - Displaying of modification in framework in Sandbox vs Production","False","AXP PI 25.3","","","","10.0","0 Defined, 0 In-Progress, 1 Completed, 0 Blocked","0 None Run, 0 Blocked, 0 Error, 0 Fail, 0 Inconclusive, 1 Pass","0.0","1",""
"US6151222","Testing -- UI improvements and modifications","","Feature F717285: CRR - UI Improvements & Modification  PI 25.5","0","3.0","Defined","AXP 25.5.24","","","Suprana Sengupta","E_SLPM_ST15_CRR Rule Configuration","10/09/2025 01:50 AM MST","","","","False","","#df1a7b","","Suprana Sengupta","","","","","","0 Submitted, 0 Open, 0 Fixed, 0 Closed, 0 Blocked","0","0","0","0","","","","False","","Defined","False","","","","","","","10/22/2025 12:08 PM MST","","","","Feature F717285: CRR - UI Improvements & Modification  PI 25.5","False","AXP PI 25.5","","","","0.0","0 Defined, 0 In-Progress, 0 Completed, 0 Blocked","0 None Run, 0 Blocked, 0 Error, 0 Fail, 0 Inconclusive, 0 Pass","0.0","0",""
"US6151297","Updating dependency versions as raised by dependa bot","","","0","5.0","Being Groomed","","","","Suprana Sengupta","E_SLPM_ST15_CRR Rule Configuration","10/09/2025 02:23 AM MST","","","","False","","#21a2e0","","Suprana Sengupta","","","","","","0 Submitted, 0 Open, 0 Fixed, 0 Closed, 0 Blocked","0","0","0","0","","","","False","","Being Groomed","False","","","","","","","10/09/2025 02:23 AM MST","","","","","False","","","","","0.0","0 Defined, 0 In-Progress, 0 Completed, 0 Blocked","0 None Run, 0 Blocked, 0 Error, 0 Fail, 0 Inconclusive, 0 Pass","0.0","0",""
"US6151844","Defect fixing","","Feature F778272: CRR - UI Improvements & modification PI 25.4","0","5.0","Accepted","AXP 25.4.20 IP","","","Suprana Sengupta","E_SLPM_ST15_CRR Rule Configuration","10/09/2025 06:37 AM MST","10/27/2025 04:05 AM MST","","","False","","#21a2e0","","Suprana Sengupta","","","","CRR","","0 Submitted, 0 Open, 0 Fixed, 1 Closed, 0 Blocked","1","0","0","1","","","","False","","Accepted","False","","10/14/2025 04:31 PM MST","","","FA","10/27/2025 07:49 PM MST","10/27/2025 07:49 PM MST","","","","Feature F778272: CRR - UI Improvements & modification PI 25.4","False","AXP PI 25.4","","","","54.0","0 Defined, 0 In-Progress, 4 Completed, 0 Blocked","0 None Run, 0 Blocked, 0 Error, 0 Fail, 0 Inconclusive, 1 Pass","0.0","1",""
"US6155835","Creation of Schema and Table Structure","","Feature F803432: CRR - Design framework to maintain CRR change log","0","3.0","Defined","AXP 25.5.24","","","Suprana Sengupta","E_SLPM_ST15_CRR Rule Configuration","10/10/2025 06:52 AM MST","","","","False","","#df1a7b","","Suprana Sengupta","","","","","","0 Submitted, 0 Open, 0 Fixed, 0 Closed, 0 Blocked","0","0","0","0","","","","False","","Defined","False","","","","","","","11/19/2025 11:21 PM MST","","","","Feature F803432: CRR - Design framework to maintain CRR change log","False","AXP PI 25.5","","","","20.0","1 Defined, 0 In-Progress, 0 Completed, 0 Blocked","0 None Run, 0 Blocked, 0 Error, 0 Fail, 0 Inconclusive, 0 Pass","20.0","0",""
"US6155838","Documentation of all change events","","Feature F803432: CRR - Design framework to maintain CRR change log","0","2.0","Defined","AXP 25.5.25","","","Suprana Sengupta","E_SLPM_ST15_CRR Rule Configuration","10/10/2025 06:53 AM MST","","","","False","","#df1a7b","","Suprana Sengupta","","","","","","0 Submitted, 0 Open, 0 Fixed, 0 Closed, 0 Blocked","0","0","0","0","","","","False","","Defined","False","","","","","","","11/19/2025 10:17 PM MST","","","","Feature F803432: CRR - Design framework to maintain CRR change log","False","AXP PI 25.5","","","","20.0","1 Defined, 0 In-Progress, 0 Completed, 0 Blocked","0 None Run, 0 Blocked, 0 Error, 0 Fail, 0 Inconclusive, 0 Pass","20.0","0",""
"US6155849","Creation of Service Accounts","","Feature F801164: CRR- E3 Environment Readiness  PI 25.5","0","1.0","Accepted","AXP 25.5.21","","","Suprana Sengupta","E_SLPM_ST15_CRR Rule Configuration","10/10/2025 06:54 AM MST","11/07/2025 12:33 AM MST","","","False","","#df1a7b","","Suprana Sengupta","","","","","","0 Submitted, 0 Open, 0 Fixed, 0 Closed, 0 Blocked","0","0","0","1","","","","False","","Accepted","False","","10/28/2025 02:38 AM MST","","","E3","11/07/2025 12:04 AM MST","11/07/2025 12:33 AM MST","","","","Feature F801164: CRR- E3 Environment Readiness  PI 25.5","False","AXP PI 25.5","","","","10.0","0 Defined, 0 In-Progress, 1 Completed, 0 Blocked","0 None Run, 0 Blocked, 0 Error, 0 Fail, 0 Inconclusive, 1 Pass","0.0","1",""
"US6155852","Discussions for Database Readiness for CRR","","Feature F801164: CRR- E3 Environment Readiness  PI 25.5","0","2.0","Defined","AXP 25.5.23","","","Suprana Sengupta","E_SLPM_ST15_CRR Rule Configuration","10/10/2025 06:54 AM MST","","","","False","","#df1a7b","","Suprana Sengupta","","","","","","0 Submitted, 0 Open, 0 Fixed, 0 Closed, 0 Blocked","0","0","0","0","","","","False","","Defined","False","","","","","","","11/06/2025 11:21 PM MST","","","","Feature F801164: CRR- E3 Environment Readiness  PI 25.5","False","AXP PI 25.5","","","","10.0","1 Defined, 0 In-Progress, 0 Completed, 0 Blocked","0 None Run, 0 Blocked, 0 Error, 0 Fail, 0 Inconclusive, 0 Pass","10.0","0",""
"US6155853","DB Scripts for POA- to transfer required POD Data","","Feature F812361: CRR - E3 Readiness PI 26.1","0","2.0","Defined","AXP 26.1.1","","","Suprana Sengupta","E_SLPM_ST15_CRR Rule Configuration","10/10/2025 06:54 AM MST","","","","False","","#df1a7b","","Suprana Sengupta","","","","","","0 Submitted, 0 Open, 0 Fixed, 0 Closed, 0 Blocked","0","0","0","0","","","","False","","Defined","False","","","","","","","11/20/2025 01:11 AM MST","","","","Feature F812361: CRR - E3 Readiness PI 26.1","False","AXP PI 26.1","","","","0.0","0 Defined, 0 In-Progress, 0 Completed, 0 Blocked","0 None Run, 0 Blocked, 0 Error, 0 Fail, 0 Inconclusive, 0 Pass","0.0","0",""
"US6155856","Required Firewall changes","","Feature F801164: CRR- E3 Environment Readiness  PI 25.5","0","1.0","Accepted","AXP 25.5.21","","","Suprana Sengupta","E_SLPM_ST15_CRR Rule Configuration","10/10/2025 06:54 AM MST","11/07/2025 12:36 AM MST","","","False","","#df1a7b","","Suprana Sengupta","","","","","","0 Submitted, 0 Open, 0 Fixed, 0 Closed, 0 Blocked","0","0","0","1","","","","False","","Accepted","False","","11/03/2025 09:53 PM MST","","","E3","11/03/2025 09:54 PM MST","11/07/2025 12:36 AM MST","","","","Feature F801164: CRR- E3 Environment Readiness  PI 25.5","False","AXP PI 25.5","","","","10.0","0 Defined, 0 In-Progress, 1 Completed, 0 Blocked","0 None Run, 0 Blocked, 0 Error, 0 Fail, 0 Inconclusive, 1 Pass","0.0","1",""
"US6155857","Enablement of authentication for E3 for all backend services","","Feature F801164: CRR- E3 Environment Readiness  PI 25.5","0","2.0","Accepted","AXP 25.5.22","","","Suprana Sengupta","E_SLPM_ST15_CRR Rule Configuration","10/10/2025 06:55 AM MST","11/24/2025 01:23 AM MST","","","False","","#df1a7b","","Suprana Sengupta","","","","","","0 Submitted, 0 Open, 0 Fixed, 0 Closed, 0 Blocked","0","0","0","1","","","","False","","Accepted","False","","11/11/2025 09:21 PM MST","","","E3","11/11/2025 09:35 PM MST","11/24/2025 01:23 AM MST","","","","Feature F801164: CRR- E3 Environment Readiness  PI 25.5","False","AXP PI 25.5","","","","30.0","0 Defined, 0 In-Progress, 1 Completed, 0 Blocked","0 None Run, 0 Blocked, 0 Error, 0 Fail, 0 Inconclusive, 1 Pass","0.0","1",""
"US6155858","Sync up with ISP PO to onboard CRR in ISP for E3 and make required changes","","Feature F801164: CRR- E3 Environment Readiness  PI 25.5","0","1.0","Defined","AXP 25.5.23","","","Satvik Jain","E_SLPM_ST15_CRR Rule Configuration","10/10/2025 06:55 AM MST","","","","False","","#df1a7b","","Suprana Sengupta","","","","","","0 Submitted, 0 Open, 0 Fixed, 0 Closed, 0 Blocked","0","0","0","0","","","","False","","Defined","False","","","","","","","11/20/2025 01:19 AM MST","","","","Feature F801164: CRR- E3 Environment Readiness  PI 25.5","False","AXP PI 25.5","","","","0.0","0 Defined, 0 In-Progress, 0 Completed, 0 Blocked","0 None Run, 0 Blocked, 0 Error, 0 Fail, 0 Inconclusive, 0 Pass","0.0","0",""
"US6155859","Sync up with Event Sourcing team for corporate SDK","","Feature F812361: CRR - E3 Readiness PI 26.1","0","1.0","Defined","AXP 26.1.1","","","Suprana Sengupta","E_SLPM_ST15_CRR Rule Configuration","10/10/2025 06:55 AM MST","","","","False","","#df1a7b","","Suprana Sengupta","","","","","","0 Submitted, 0 Open, 0 Fixed, 0 Closed, 0 Blocked","0","0","0","0","","","","False","","Defined","False","","","","","","","11/20/2025 01:20 AM MST","","","","Feature F812361: CRR - E3 Readiness PI 26.1","False","AXP PI 26.1","","","","0.0","0 Defined, 0 In-Progress, 0 Completed, 0 Blocked","0 None Run, 0 Blocked, 0 Error, 0 Fail, 0 Inconclusive, 0 Pass","0.0","0",""
"US6155861","Configure Vault Secrets for E3","","Feature F801164: CRR- E3 Environment Readiness  PI 25.5","0","1.0","Accepted","AXP 25.5.21","","","Suprana Sengupta","E_SLPM_ST15_CRR Rule Configuration","10/10/2025 06:55 AM MST","11/07/2025 12:33 AM MST","","","False","","#df1a7b","","Suprana Sengupta","","","","","","0 Submitted, 0 Open, 0 Fixed, 0 Closed, 0 Blocked","0","0","0","1","","","","False","","Accepted","False","","10/30/2025 07:10 AM MST","","","E3","11/03/2025 09:50 PM MST","11/07/2025 12:33 AM MST","","","","Feature F801164: CRR- E3 Environment Readiness  PI 25.5","False","AXP PI 25.5","","","","20.0","0 Defined, 0 In-Progress, 1 Completed, 0 Blocked","0 None Run, 0 Blocked, 0 Error, 0 Fail, 0 Inconclusive, 1 Pass","0.0","1",""
"US6155862","Documentation of CI/CD pipeline for E3, for any required changes","","Feature F801164: CRR- E3 Environment Readiness  PI 25.5","0","2.0","Accepted","AXP 25.5.22","","","Suprana Sengupta","E_SLPM_ST15_CRR Rule Configuration","10/10/2025 06:55 AM MST","11/24/2025 01:23 AM MST","","","False","","#df1a7b","","Suprana Sengupta","","","","","","0 Submitted, 0 Open, 0 Fixed, 0 Closed, 0 Blocked","0","0","0","2","","","","False","","Accepted","False","","11/18/2025 12:37 AM MST","","","E2","11/18/2025 12:40 AM MST","11/24/2025 01:23 AM MST","","","","Feature F801164: CRR- E3 Environment Readiness  PI 25.5","False","AXP PI 25.5","","","","30.0","0 Defined, 0 In-Progress, 3 Completed, 0 Blocked","0 None Run, 0 Blocked, 0 Error, 0 Fail, 0 Inconclusive, 2 Pass","0.0","2",""
"US6155866","Enablement of all backend services in hydra for E3","","Feature F801164: CRR- E3 Environment Readiness  PI 25.5","0","2.0","Accepted","AXP 25.5.21","","","Suprana Sengupta","E_SLPM_ST15_CRR Rule Configuration","10/10/2025 06:55 AM MST","11/07/2025 12:35 AM MST","","","False","","#df1a7b","","Suprana Sengupta","","","","","","0 Submitted, 0 Open, 0 Fixed, 0 Closed, 0 Blocked","0","0","0","1","","","","False","","Accepted","False","","10/27/2025 11:23 PM MST","","","E3","11/03/2025 09:45 PM MST","11/07/2025 12:35 AM MST","","","","Feature F801164: CRR- E3 Environment Readiness  PI 25.5","False","AXP PI 25.5","","","","20.0","0 Defined, 0 In-Progress, 1 Completed, 0 Blocked","0 None Run, 0 Blocked, 0 Error, 0 Fail, 0 Inconclusive, 1 Pass","0.0","1",""
"US6155868","Sync up with SRE team for enabling ELF and dynatrace dashboards, once services are enabled in E3","","Feature F812361: CRR - E3 Readiness PI 26.1","0","1.0","Defined","","","","Suprana Sengupta","E_SLPM_ST15_CRR Rule Configuration","10/10/2025 06:56 AM MST","","","","False","","#df1a7b","","Suprana Sengupta","","","","","","0 Submitted, 0 Open, 0 Fixed, 0 Closed, 0 Blocked","0","0","0","0","","","","False","","Defined","False","","","","","","","11/06/2025 11:28 PM MST","","","","Feature F812361: CRR - E3 Readiness PI 26.1","False","AXP PI 26.1","","","","10.0","1 Defined, 0 In-Progress, 0 Completed, 0 Blocked","0 None Run, 0 Blocked, 0 Error, 0 Fail, 0 Inconclusive, 0 Pass","10.0","0",""
"US6159653","Environment setup and application understanding - Ramp-up","","Feature F778272: CRR - UI Improvements & modification PI 25.4","0","3.0","Accepted","AXP 25.4.20 IP","","","Suprana Sengupta","E_SLPM_ST15_CRR Rule Configuration","10/13/2025 12:35 AM MST","10/27/2025 04:01 AM MST","","","False","","#df1a7b","","Suprana Sengupta","","","","CRR","","0 Submitted, 0 Open, 0 Fixed, 0 Closed, 0 Blocked","0","0","0","0","","","","False","","Accepted","False","","10/23/2025 11:50 PM MST","","","","","10/27/2025 04:01 AM MST","","","","Feature F778272: CRR - UI Improvements & modification PI 25.4","False","AXP PI 25.4","","","","30.0","0 Defined, 0 In-Progress, 1 Completed, 0 Blocked","0 None Run, 0 Blocked, 0 Error, 0 Fail, 0 Inconclusive, 0 Pass","0.0","0",""
"US6168181","SIT","","Feature F774977: CRR - Sandbox Integration for Fundamental Assessment in E1/ E2","0","3.0","Defined","AXP 25.5.24","","","Suprana Sengupta","E_SLPM_ST15_CRR Rule Configuration","10/13/2025 11:42 PM MST","","","","False","","#df1a7b","","Charu Arora","","","","","","0 Submitted, 0 Open, 0 Fixed, 0 Closed, 0 Blocked","0","0","0","0","","","","False","","Defined","False","","","","","","","10/22/2025 12:08 PM MST","","","","Feature F774977: CRR - Sandbox Integration for Fundamental Assessment in E1/ E2","False","AXP PI 25.5","","","","0.0","0 Defined, 0 In-Progress, 0 Completed, 0 Blocked","0 None Run, 0 Blocked, 0 Error, 0 Fail, 0 Inconclusive, 0 Pass","0.0","0",""
"US6218684","Creation of Network Profile","","Feature F812361: CRR - E3 Readiness PI 26.1","0","1.0","Being Groomed","","","","Satvik Jain","E_SLPM_ST15_CRR Rule Configuration","10/27/2025 11:00 PM MST","","","","False","","#848689","","Satvik Jain","","","","","","0 Submitted, 0 Open, 0 Fixed, 0 Closed, 0 Blocked","0","0","0","0","","","","False","","Being Groomed","False","","","","","","","10/27/2025 11:00 PM MST","","","","Feature F812361: CRR - E3 Readiness PI 26.1","False","","","","","0.0","0 Defined, 0 In-Progress, 0 Completed, 0 Blocked","0 None Run, 0 Blocked, 0 Error, 0 Fail, 0 Inconclusive, 0 Pass","0.0","0",""
"US6218702","Database Readiness for CRR","","Feature F812361: CRR - E3 Readiness PI 26.1","0","2.0","Being Groomed","AXP 26.1.1","","","Suprana Sengupta","E_SLPM_ST15_CRR Rule Configuration","10/27/2025 11:03 PM MST","","","","False","","#df1a7b","","Satvik Jain","","","","","","0 Submitted, 0 Open, 0 Fixed, 0 Closed, 0 Blocked","0","0","0","0","","","","False","","Being Groomed","False","","","","","","","11/20/2025 01:13 AM MST","","","","Feature F812361: CRR - E3 Readiness PI 26.1","False","AXP PI 26.1","","","","0.0","0 Defined, 0 In-Progress, 0 Completed, 0 Blocked","0 None Run, 0 Blocked, 0 Error, 0 Fail, 0 Inconclusive, 0 Pass","0.0","0",""
"US6218703","Implementation of CI/CD pipeline for E3, for any required changes","","Feature F812361: CRR - E3 Readiness PI 26.1","0","2.0","Being Groomed","","","","Suprana Sengupta","E_SLPM_ST15_CRR Rule Configuration","10/27/2025 11:04 PM MST","","","","False","","#df1a7b","","Satvik Jain","","","","","","0 Submitted, 0 Open, 0 Fixed, 0 Closed, 0 Blocked","0","0","0","0","","","","False","","Being Groomed","False","","","","","","","11/06/2025 11:27 PM MST","","","","Feature F812361: CRR - E3 Readiness PI 26.1","False","AXP PI 26.1","","","","0.0","0 Defined, 0 In-Progress, 0 Completed, 0 Blocked","0 None Run, 0 Blocked, 0 Error, 0 Fail, 0 Inconclusive, 0 Pass","0.0","0",""
"US6292087","CRR - Asset Manager -- Edit Asset and also edit production asset and push without sandbox","","Feature F817940: CRR - Enable Asset manager functionality E2E ( Analysis & Build) E2","0","","Being Groomed","","","","Suprana Sengupta","S_Second Line Platform Modernization (SLPM)","11/27/2025 05:42 AM MST","","","","False","","#df1a7b","","Suprana Sengupta","","","","","","0 Submitted, 0 Open, 0 Fixed, 0 Closed, 0 Blocked","0","0","0","0","","","","False","","Being Groomed","False","","","","","","","11/27/2025 05:46 AM MST","","","","Feature F817940: CRR - Enable Asset manager functionality E2E ( Analysis & Build) E2","False","","","","","0.0","0 Defined, 0 In-Progress, 0 Completed, 0 Blocked","0 None Run, 0 Blocked, 0 Error, 0 Fail, 0 Inconclusive, 0 Pass","0.0","0",""
"US6292090","CRR- Asset Manager -- submit for integrated sandbox","","Feature F817940: CRR - Enable Asset manager functionality E2E ( Analysis & Build) E2","0","","Being Groomed","","","","Suprana Sengupta","S_Second Line Platform Modernization (SLPM)","11/27/2025 05:44 AM MST","","","","False","","#df1a7b","","Suprana Sengupta","","","","","","0 Submitted, 0 Open, 0 Fixed, 0 Closed, 0 Blocked","0","0","0","0","","","","False","","Being Groomed","False","","","","","","","11/27/2025 05:46 AM MST","","","","Feature F817940: CRR - Enable Asset manager functionality E2E ( Analysis & Build) E2","False","","","","","0.0","0 Defined, 0 In-Progress, 0 Completed, 0 Blocked","0 None Run, 0 Blocked, 0 Error, 0 Fail, 0 Inconclusive, 0 Pass","0.0","0",""
"US6292091","CRR - Asset manager -- compare sandbox results and submit to prod","","Feature F817940: CRR - Enable Asset manager functionality E2E ( Analysis & Build) E2","0","","Being Groomed","","","","Suprana Sengupta","S_Second Line Platform Modernization (SLPM)","11/27/2025 05:47 AM MST","","","","False","","#df1a7b","","Suprana Sengupta","","","","","","0 Submitted, 0 Open, 0 Fixed, 0 Closed, 0 Blocked","0","0","0","0","","","","False","","Being Groomed","False","","","","","","","11/27/2025 05:47 AM MST","","","","Feature F817940: CRR - Enable Asset manager functionality E2E ( Analysis & Build) E2","False","","","","","0.0","0 Defined, 0 In-Progress, 0 Completed, 0 Blocked","0 None Run, 0 Blocked, 0 Error, 0 Fail, 0 Inconclusive, 0 Pass","0.0","0",""
