"Formatted ID","Name","Requirement","State","Priority","Owner","Schedule State","Iteration","Release","Tags","Accepted Date","Affected Customers","Affects Doc","Blocked","Blocked Reason","Closed Date","Display Color","Created By","Creation Date","Custom Date 1","Custom Date 2","Custom Field 1","Custom Field 2","Custom Field 3","Custom Field 4","Custom Field 5","Defect Category","Defect Test Phase","Description","Discussion","Environment","Expedite","Fault App Name","Fixed In Build","Flow State","Found In Build","Impacted Systems","In Progress Date","ITSM ID","Kanban State","Last Build","Last Run","Last Update Date","Milestones","MOSCOW Priority","Notes","Opened Date","Plan Estimate","Portfolio Item","Project","Ready","Release Note","Resolution","Resolution Summary","RFC NBR","Root Cause","Salesforce Case","Salesforce Case ID","Salesforce Case Number","Severity","Sub-Root Cause","Submitted By","Target Build","Target Date","Task Estimate Total","Task Status","Test Case","Test Case Status","Task Remaining Total","Verified In Build"
"DE651946","Cross button is not working on Add New Sandbox window","US5567661: Automation test flows for Sandbox RA Functionality","Closed","Normal","Jatin Kumar","Accepted","AXP 25.1.4","AXP PI 25.1","","03/31/2025 08:21 AM MST","","False","False","","03/05/2025 05:38 AM MST","#df1a7b","Jatin Kumar","02/18/2025 12:27 AM MST","","","","","","","","Code","SIT Test","STR:Go to Customer Risk Rating -> Sandbox page tabClick on Add New ButtonClick on Cross ButtonActual: By clicking on cross button, Add New Sandbox window not getting closed (PFA)Expected: Add New Sandbox window should be closed by clicking on cross button.","1","Test","False","Others","","Accepted","","","02/24/2025 09:52 PM MST","","","","","08/03/2025 10:35 PM MST","","","This is Fixed and ready for re-testing","","","","E_SLPM_ST15_CRR Rule Configuration","False","False","Code Change","","","Custom Code Issue","","","","Minor Problem","","Jatin Kumar","","03/17/2025 12:00 AM MST","0.0","0 Defined, 0 In-Progress, 0 Completed, 0 Blocked","","0 None Run, 0 Blocked, 0 Error, 0 Fail, 0 Inconclusive, 0 Pass","0.0",""
"DE652003","Default texts for Name, Description and Scope boxes are not populating as expected on Add New Sandbox window","US5567661: Automation test flows for Sandbox RA Functionality","Closed","Normal","Jatin Kumar","Accepted","AXP 25.1.5 IP","AXP PI 25.1","","03/31/2025 08:21 AM MST","","False","False","","03/18/2025 10:56 AM MST","#df1a7b","Jatin Kumar","02/18/2025 04:00 AM MST","","","","","","","","Code","SIT Test","STR:Go to Customer Risk Rating -> Sandbox page tabClick on Add New ButtonActual: On comparing with Figma screens, Default 'Select' text not populating in Scope dropdown box, along with Name and Description default texts are not matching (PFA)Expected: By default, 'Select' text should be there in Scope dropdown box (PFA) and Default texts for Name and Description boxes should be matched with Figma screens (PFA)","2","Test","False","Others","","Accepted","","","02/24/2025 09:52 PM MST","","","","","08/03/2025 10:35 PM MST","","","This is fixed and ready for re-testing","03/05/2025 05:27 AM MST","","","E_SLPM_ST15_CRR Rule Configuration","False","False","Code Change","","","Custom Code Issue","","","","Minor Problem","","Jatin Kumar","","03/31/2025 12:00 AM MST","0.0","0 Defined, 0 In-Progress, 0 Completed, 0 Blocked","","0 None Run, 0 Blocked, 0 Error, 0 Fail, 0 Inconclusive, 0 Pass","0.0",""
"DE652047","Risk 'Assesments' : Spelling error under Sandbox Tab","US5567661: Automation test flows for Sandbox RA Functionality","Closed","Low","Jatin Kumar","Accepted","AXP 25.1.4","AXP PI 25.1","","03/31/2025 08:21 AM MST","","False","False","","03/05/2025 05:47 AM MST","#df1a7b","Jatin Kumar","02/18/2025 08:13 AM MST","","","","","","","","Code","SIT Test","STR:Go to Customer Risk Rating -> Sandbox page tabValidate 'Risk Assessments' textActual: Risk Assesments (Spelling error of Assesments)Expected: Risk Assessments","1","Test","False","Others","","Accepted","","","03/05/2025 05:47 AM MST","","","","","08/03/2025 10:35 PM MST","","","","","","","E_SLPM_ST15_CRR Rule Configuration","False","False","User Interface","","","Custom Code Issue","","","","Cosmetic","","Jatin Kumar","","03/17/2025 12:00 AM MST","0.0","0 Defined, 0 In-Progress, 0 Completed, 0 Blocked","","0 None Run, 0 Blocked, 0 Error, 0 Fail, 0 Inconclusive, 0 Pass","0.0",""
"DE652201","Caution symbol is not getting displayed with error messages on Add New Sandbox window","US5567661: Automation test flows for Sandbox RA Functionality","Closed","Low","Jatin Kumar","Accepted","AXP 25.1.4","AXP PI 25.1","","03/31/2025 08:21 AM MST","","False","False","","03/17/2025 04:34 AM MST","#df1a7b","Jatin Kumar","02/19/2025 12:11 AM MST","","","","","","","","Code","SIT Test","STR:Go to Customer Risk Rating -> Sandbox page tabClick on Add New ButtonGive input in Name Text box : % & (space is there in between % and &)Actual: Caution symbol is missing in error messages for incorrect inputs (PFA)Expected: Caution symbol should be highlighted with the error messages on giving incorrect inputs (PFA)","2","Test","False","Others","","Accepted","","","03/11/2025 05:21 AM MST","","","","","11/09/2025 10:02 PM MST","","","","","","","E_SLPM_ST15_CRR Rule Configuration","False","False","User Interface","","","Custom Code Issue","","","","Cosmetic","","Jatin Kumar","","03/17/2025 12:00 AM MST","0.0","0 Defined, 0 In-Progress, 0 Completed, 0 Blocked","","0 None Run, 0 Blocked, 0 Error, 0 Fail, 0 Inconclusive, 0 Pass","0.0",""
"DE652333","Dotted lines getting displayed on web elements Under CRR and Sandbox tab","US5567661: Automation test flows for Sandbox RA Functionality","Closed","Normal","Satvik Jain","Accepted","AXP 25.1.5 IP","AXP PI 25.1","","03/26/2025 11:25 PM MST","","False","False","","03/26/2025 10:43 PM MST","#df1a7b","Jatin Kumar","02/19/2025 09:41 AM MST","","","","","","","","Requirement","SIT Test","STR:Go to Customer Risk Rating -> CRR and Sandbox page tabPFB current observations for dotted lines boundary:Under CRR Tab, Risk Threshold button, Risk Threshold window cross button etc.Under Sandbox Tab, Add New Button, Scope Text box etc ","4","Test","False","Others","","Accepted","","","03/26/2025 11:25 PM MST","","","","","11/09/2025 10:02 PM MST","","","Closing this Defect as this is part of Amex DLS Standard and other teams have the same like CM/IM ","03/12/2025 05:58 AM MST","","","E_SLPM_ST15_CRR Rule Configuration","False","False","Not a Defect","","","Requirements","","","","Minor Problem","","Jatin Kumar","","03/31/2025 12:00 AM MST","0.0","0 Defined, 0 In-Progress, 0 Completed, 0 Blocked","","0 None Run, 0 Blocked, 0 Error, 0 Fail, 0 Inconclusive, 0 Pass","0.0",""
"DE652455","Incorrect Add button on Add New Sandbox window","US5567661: Automation test flows for Sandbox RA Functionality","Closed","Normal","Jatin Kumar","Accepted","AXP 25.1.5 IP","AXP PI 25.1","","03/31/2025 08:21 AM MST","","False","False","","03/19/2025 07:34 AM MST","#df1a7b","Jatin Kumar","02/19/2025 11:14 PM MST","","","","","","","","Code","SIT Test","STR:Go to Customer Risk Rating -> Sandbox page tabClick on Add New ButtonActual: Apply Button is populating instead of Add Button on Add New Sandbox window (PFA)Expected: Add button should reflect on Add New Sandbox window (PFA) Note: By default, if we are not giving any input, Add Button should be in disabled state.","1","Test","False","Others","","Accepted","","","03/17/2025 07:49 AM MST","","","","","11/09/2025 10:02 PM MST","","","","03/04/2025 09:36 PM MST","","","E_SLPM_ST15_CRR Rule Configuration","False","False","User Interface","","","Custom Code Issue","","","","Minor Problem","","Jatin Kumar","","03/31/2025 12:00 AM MST","0.0","0 Defined, 0 In-Progress, 0 Completed, 0 Blocked","","0 None Run, 0 Blocked, 0 Error, 0 Fail, 0 Inconclusive, 0 Pass","0.0",""
"DE652786","Incorrect confirmation message on creating New Sandbox","US5567661: Automation test flows for Sandbox RA Functionality","Closed","Normal","Jatin Kumar","Accepted","AXP 25.1.4","AXP PI 25.1","","03/31/2025 08:22 AM MST","","False","False","","03/05/2025 05:02 AM MST","#df1a7b","Jatin Kumar","02/21/2025 06:44 AM MST","","","","","","","","Other","SIT Test","STR:Go to Customer Risk Rating -> Sandbox page tabClick on Add New ButtonGive inputs - Name, Description, ScopeClick on Add/ApplyActual: Incorrect confirmation message on creating New Sandbox (PFA)Expected: Confirmation message should be matched with the Figma output (PFA)","1","Test","False","Others","","Accepted","","","02/24/2025 09:53 PM MST","","","","","11/09/2025 10:03 PM MST","","","This is fixed and ready to re-test","","","","E_SLPM_ST15_CRR Rule Configuration","False","False","Code Change","","","Configuration Issue","","","","Minor Problem","","Jatin Kumar","","03/17/2025 12:00 AM MST","0.0","0 Defined, 0 In-Progress, 0 Completed, 0 Blocked","","0 None Run, 0 Blocked, 0 Error, 0 Fail, 0 Inconclusive, 0 Pass","0.0",""
"DE653013","Incorrect Risk Threshold window format/layout","US5648401: View Risk Thresholds from CRR Landing Page","Closed","Normal","Jatin Kumar","Accepted","AXP 25.2.9","AXP PI 25.2","","05/26/2025 09:27 PM MST","","False","False","","05/23/2025 05:12 AM MST","#df1a7b","Jatin Kumar","02/24/2025 03:01 AM MST","","","","","","","","Requirement","SIT Test","STR:Go to Customer Risk Rating -> CRR page tabClick on 'Risk Threshold' buttonActual: Risk Threshold window format/layout is not populating as expected.Expected: Risk Threshold window layout of data values should be populated as Figma screens.","7","Test","False","Others","","Accepted","","","05/15/2025 08:08 AM MST","","","","","11/09/2025 10:03 PM MST","","","Ranjana : Hi @Jatin Kumar We will take this defect in next PI, The Risk Threshold Modal is for demo purpose only at the moment.CC: @Satvik Jain Satvik : Hi @Ranjana Panwar will add this defect number to notes on that user story in 25.2 ","03/12/2025 05:55 AM MST","","","E_SLPM_ST15_CRR Rule Configuration","False","False","Documentation","","","Requirements","","","","Minor Problem","","Jatin Kumar","","05/26/2025 12:00 AM MST","0.0","0 Defined, 0 In-Progress, 0 Completed, 0 Blocked","","0 None Run, 0 Blocked, 0 Error, 0 Fail, 0 Inconclusive, 0 Pass","0.0",""
"DE655550","Missing data in Scope country list (Add New Sandbox Window)","US5594466: New RA Sandbox creation retesting","Closed","Normal","Shweta Jha","Accepted","AXP 25.1.4","AXP PI 25.1","","03/31/2025 08:20 AM MST","","False","False","","03/19/2025 10:33 PM MST","#df1a7b","Jatin Kumar","03/06/2025 10:37 PM MST","","","","","","","","Data","SIT Test","STR: Go to Sandbox tabClick on Add New buttonActual: Missing IN-India country missing in Scope list on add new sandbox windowExpected: IN-India should be populated in Scope list","1","Test","False","Others","","Accepted","","","03/19/2025 11:15 PM MST","","","","","11/09/2025 10:03 PM MST","","","","","","","E_SLPM_ST15_CRR Rule Configuration","False","False","Data Fix","","","Data Issue","","","","Crash/Data Loss","","Jatin Kumar","","03/17/2025 12:00 AM MST","0.0","0 Defined, 0 In-Progress, 0 Completed, 0 Blocked","","0 None Run, 0 Blocked, 0 Error, 0 Fail, 0 Inconclusive, 0 Pass","0.0",""
"DE655814","Incorrect error message for name field on New Sandbox window","US5594466: New RA Sandbox creation retesting","Closed","Low","Jatin Kumar","Accepted","AXP 25.1.5 IP","AXP PI 25.1","","03/25/2025 05:23 AM MST","","False","False","","03/18/2025 11:06 AM MST","#df1a7b","Jatin Kumar","03/09/2025 11:54 PM MST","","","@Jatin Kumar its fixed . u can pick this ","","","","","Requirement","SIT Test","STR: Go to Sandbox tabClick on Add New buttonActual: Spaces are not allowed in the name, use _ or -.Expected: Space is not allowed in name, please use _ or -(PFA)NOTE: Same Issue exists for Edit Sandbox window","1","Test","False","Others","","Accepted","","","03/17/2025 10:44 PM MST","","","","","11/09/2025 10:04 PM MST","","","@Jatin Kumar   i will take this in upcoming sprint  ","","","","E_SLPM_ST15_CRR Rule Configuration","False","False","Requirements","","","Requirements","","","","Cosmetic","","Jatin Kumar","","03/31/2025 12:00 AM MST","0.0","0 Defined, 0 In-Progress, 0 Completed, 0 Blocked","","0 None Run, 0 Blocked, 0 Error, 0 Fail, 0 Inconclusive, 0 Pass","0.0",""
"DE656450","Incorrect apply button for edit sandbox window","US5594466: New RA Sandbox creation retesting","Closed","Normal","Jatin Kumar","Accepted","AXP 25.1.5 IP","AXP PI 25.1","","03/31/2025 08:20 AM MST","","False","False","","03/26/2025 10:48 AM MST","#df1a7b","Jatin Kumar","03/12/2025 04:12 AM MST","","","","","","","","Environment","SIT Test","STR: Go to Sandbox tabClick on Edit button to open Edit Sandbox windowActual: Apply button appearing to save the details for Edit SandboxExpected: Save button should be there for saving the details of Edit Sandbox changes","4","Test","False","Others","","Accepted","","","03/17/2025 08:04 AM MST","","","","","08/03/2025 10:35 PM MST","","","","03/18/2025 11:00 AM MST","","","E_SLPM_ST15_CRR Rule Configuration","False","False","Environment","","","Deployment Issue","","","","Minor Problem","","Jatin Kumar","","03/31/2025 12:00 AM MST","0.0","0 Defined, 0 In-Progress, 0 Completed, 0 Blocked","","0 None Run, 0 Blocked, 0 Error, 0 Fail, 0 Inconclusive, 0 Pass","0.0",""
"DE657601","Space between Asterisk and suffix letter for mandatory fields","US5627323: CRR and Sandbox Retesting","Closed","Low","Jatin Kumar","Accepted","AXP 25.1.5 IP","AXP PI 25.1","","03/31/2025 08:20 AM MST","","False","False","","03/26/2025 05:29 AM MST","#df1a7b","Jatin Kumar","03/18/2025 06:29 AM MST","","","","","","","","Requirement","SIT Test","STR:Go to Sandbox tabClick on Add New buttonActual: Space occurring between Asterisk (*) and suffix letter for mandatory fieldsExpected: Space should not be there between Asterisk and suffix letter Note: Same exists for Edit Sandbox window, Add Risk Category window and Add Risk Element window","3","Test","False","Others","","Accepted","","","03/25/2025 07:45 AM MST","","","","","11/09/2025 10:03 PM MST","","","Fixes has been done to all 3 Modals ( Sandbox, Category, Element)Figma Version: 1.1","03/18/2025 08:38 PM MST","","","E_SLPM_ST15_CRR Rule Configuration","False","False","User Interface","","","Requirements","","","","Cosmetic","","Jatin Kumar","","03/31/2025 12:00 AM MST","0.0","0 Defined, 0 In-Progress, 0 Completed, 0 Blocked","","0 None Run, 0 Blocked, 0 Error, 0 Fail, 0 Inconclusive, 0 Pass","0.0",""
"DE658094","Missing select text under scope dropdown","US5627323: CRR and Sandbox Retesting","Closed","Low","Satvik Jain","Accepted","AXP 25.1.5 IP","AXP PI 25.1","","03/26/2025 11:27 PM MST","","False","False","","03/26/2025 10:51 PM MST","#df1a7b","Jatin Kumar","03/20/2025 12:27 AM MST","","","","","","","","Requirement","SIT Test","STR:Go to Customer Risk Rating -> Sandbox page tabClick on Add New ButtonClick to open Scope dropdownActual: Presently, select default text is populating under scope dropdown (PFA)Expected: As per figma screens v1.1, select default text is NOT populating under scope dropdown (PFA) ","2","Test","False","Others","","Accepted","","","03/26/2025 11:27 PM MST","","","","","11/09/2025 10:04 PM MST","","","Figma Version: 1.1","","","","E_SLPM_ST15_CRR Rule Configuration","False","False","Code Change","","","Requirements","","","","Minor Problem","","Jatin Kumar","","03/31/2025 12:00 AM MST","0.0","0 Defined, 0 In-Progress, 0 Completed, 0 Blocked","","0 None Run, 0 Blocked, 0 Error, 0 Fail, 0 Inconclusive, 0 Pass","0.0",""
"DE658361","Default texts for Name and Description not matching for Add Risk Element","US5627319: Automate Risk Element","Closed","Low","Jatin Kumar","Accepted","AXP 25.1.5 IP","AXP PI 25.1","","03/31/2025 08:20 AM MST","","False","False","","03/27/2025 12:00 PM MST","#df1a7b","Jatin Kumar","03/20/2025 10:11 PM MST","","","","","","","","Requirement","SIT Test","STR:Go to Add New Sandbox windowClick on any existing Risk_Assessment -> Click on Risk CategoryClick on Add Risk ElementActual: Default text for name and description are not as expectedExpected: Default texts should match with figma screens","3","Test","False","Others","","Accepted","","","03/21/2025 01:20 AM MST","","","","","11/09/2025 10:05 PM MST","","","","03/21/2025 01:20 AM MST","","","E_SLPM_ST15_CRR Rule Configuration","False","False","Requirements","","","Requirements","","","","Cosmetic","","Jatin Kumar","","03/31/2025 12:00 AM MST","0.0","0 Defined, 0 In-Progress, 0 Completed, 0 Blocked","","0 None Run, 0 Blocked, 0 Error, 0 Fail, 0 Inconclusive, 0 Pass","0.0",""
"DE658370","Getting error message for Name field on Add Risk Category","US5627306: Automate Risk category","Closed","Normal","Jatin Kumar","Accepted","AXP 25.1.5 IP","AXP PI 25.1","","03/31/2025 08:20 AM MST","","False","False","","03/26/2025 10:50 AM MST","#df1a7b","Jatin Kumar","03/20/2025 11:06 PM MST","","","","","","","","Requirement","SIT Test","STR:Go to Add New Sandbox windowClick on any existing Risk_Assessment -> Click on Risk CategoryGive any name and remove the textActual: Getting error message for name fieldExpected: There is no such screen on figma screen","5","Test","False","Others","","Accepted","","","03/21/2025 01:17 AM MST","","","","","11/09/2025 10:05 PM MST","","","","03/21/2025 01:20 AM MST","","","E_SLPM_ST15_CRR Rule Configuration","False","False","Requirements","","","Requirements","","","","Minor Problem","","Jatin Kumar","","03/31/2025 12:00 AM MST","0.0","0 Defined, 0 In-Progress, 0 Completed, 0 Blocked","","0 None Run, 0 Blocked, 0 Error, 0 Fail, 0 Inconclusive, 0 Pass","0.0",""
"DE658396","Incorrect apply button for risk element window","US5627319: Automate Risk Element","Closed","Normal","Jatin Kumar","Accepted","AXP 25.1.5 IP","AXP PI 25.1","","03/31/2025 08:39 AM MST","","False","False","","04/23/2025 10:39 AM MST","#df1a7b","Jatin Kumar","03/21/2025 02:41 AM MST","","","","","","","","Code","SIT Test","STR:Go to Add New Sandbox windowClick on any existing Risk_Assessment -> Click on Risk CategoryClick on Add Risk ElementActual: Apply button getting displayed on Risk Element window (PFA)Expected: Add button should be there (PFA)","5","Test","False","Others","","Accepted","","","03/28/2025 08:40 AM MST","","","","","11/09/2025 10:05 PM MST","","","","03/30/2025 10:44 PM MST","","","E_SLPM_ST15_CRR Rule Configuration","False","False","Code Change","","","Custom Code Issue","","","","Minor Problem","","Jatin Kumar","","03/31/2025 12:00 AM MST","0.0","0 Defined, 0 In-Progress, 0 Completed, 0 Blocked","","0 None Run, 0 Blocked, 0 Error, 0 Fail, 0 Inconclusive, 0 Pass","0.0",""
"DE659418","Getting duplication of scope countries on listing and scope dropdown","US5627323: CRR and Sandbox Retesting","Closed","High Attention","Jatin Kumar","Accepted","AXP 25.1.5 IP","AXP PI 25.1","","03/31/2025 08:20 AM MST","","False","False","","03/27/2025 12:16 AM MST","#df1a7b","Jatin Kumar","03/26/2025 11:11 AM MST","","","","","","","","Code","SIT Test","STR:Go to Sandbox TabClick on Add New ButtonSelect any country existing in scope dropdownActual: User is able to select same country and able to create new assessment. Ideally one country should have one assessmentExpected: User should not be able to create assessment with the existing country, that means same country should be present under the scope dropdownNote: in attachment Act_Scope2, we have already created assessment with china and seeing same country in the scope dropdown","3","Test","False","Others","","Accepted","","","03/27/2025 12:16 AM MST","","","","","11/09/2025 10:05 PM MST","","","","03/26/2025 11:59 PM MST","","","E_SLPM_ST15_CRR Rule Configuration","False","False","Code Change","","","Custom Code Issue","","","","Major Problem","","Jatin Kumar","","03/31/2025 12:00 AM MST","0.0","0 Defined, 0 In-Progress, 0 Completed, 0 Blocked","","0 None Run, 0 Blocked, 0 Error, 0 Fail, 0 Inconclusive, 0 Pass","0.0",""
"DE661439","Able to create duplicate Risk Category and Element","US5685892: Automate Risk Element","Closed","Normal","Jatin Kumar","Accepted","AXP 25.2.7","AXP PI 25.2","","04/28/2025 09:41 AM MST","","False","False","","04/22/2025 03:43 AM MST","#df1a7b","Jatin Kumar","04/07/2025 03:32 AM MST","","","","","","","","Requirement","SIT Test","STR:Click on Sandbox tabGo to created Risk AssessmentClick on Add Risk Category and Risk ElementCreate atleast two new risk category and risk element with same name and same descriptionActual: Able to create duplicate risk category and risk elementExpected: Only allow one risk category and risk element with the same name, not allow duplication","4","Test","False","Others","","Accepted","","","04/13/2025 09:30 PM MST","","","","","11/09/2025 10:05 PM MST","","","","04/13/2025 09:30 PM MST","","","E_SLPM_ST15_CRR Rule Configuration","False","False","Requirements","","","Requirements","","","","Minor Problem","","Jatin Kumar","","04/28/2025 12:00 AM MST","0.0","0 Defined, 0 In-Progress, 0 Completed, 0 Blocked","","0 None Run, 0 Blocked, 0 Error, 0 Fail, 0 Inconclusive, 0 Pass","0.0",""
"DE661448","Getting unexpected duplicate error on Risk Category","US5685892: Automate Risk Element","Closed","Normal","Jatin Kumar","Accepted","AXP 25.2.6","AXP PI 25.2","","04/14/2025 11:12 PM MST","","False","False","","04/14/2025 04:26 AM MST","#df1a7b","Jatin Kumar","04/07/2025 04:02 AM MST","","","","","","","","Environment","SIT Test","STR:Click on Sandbox tabGo to created Risk AssessmentClick on Add Risk Category and createCreate again new Risk Category and give a same previous name and with different description","3","Test","False","Others","","Accepted","","","04/13/2025 09:28 PM MST","","","","","11/09/2025 10:05 PM MST","","","","","","","E_SLPM_ST15_CRR Rule Configuration","False","False","Code Change","","","Deployment Issue","","","","Major Problem","","Jatin Kumar","","04/14/2025 12:00 AM MST","0.0","0 Defined, 0 In-Progress, 0 Completed, 0 Blocked","","0 None Run, 0 Blocked, 0 Error, 0 Fail, 0 Inconclusive, 0 Pass","0.0",""
"DE661451","Getting unexpected error on creating Risk Element","US5685892: Automate Risk Element","Closed","Normal","Jatin Kumar","Accepted","AXP 25.2.7","AXP PI 25.2","","04/28/2025 09:41 AM MST","","False","False","","04/22/2025 03:41 AM MST","#df1a7b","Jatin Kumar","04/07/2025 04:06 AM MST","","","","","","","","Requirement","SIT Test","STR:Click on Sandbox tabGo to created Risk AssessmentClick on created Risk Category and create new Risk Element with name and descriptionCreate again new Risk Element and give a same previous name with different description","3","Test","False","Others","","Accepted","","","04/15/2025 10:08 PM MST","","","","","11/09/2025 10:05 PM MST","","","","04/13/2025 10:05 PM MST","","","E_SLPM_ST15_CRR Rule Configuration","False","False","Requirements","","","Requirements","","","","Major Problem","","Jatin Kumar","","04/28/2025 12:00 AM MST","0.0","0 Defined, 0 In-Progress, 0 Completed, 0 Blocked","","0 None Run, 0 Blocked, 0 Error, 0 Fail, 0 Inconclusive, 0 Pass","0.0",""
"DE661678","Disabled Save button for Edit Functionality","US5685892: Automate Risk Element","Closed","Normal","Jatin Kumar","Accepted","AXP 25.2.7","AXP PI 25.2","","04/28/2025 09:41 AM MST","","False","False","","04/22/2025 03:31 AM MST","#df1a7b","Jatin Kumar","04/08/2025 12:29 AM MST","","","","","","","","Requirement","SIT Test","STR:Go to Sandbox tab and create new risk assessmentEdit that risk assessmentActual: Save button is in disabled state at present for edit windowsExpected: Save should be in Enabled state as a default for Edit windows for Risk Assessment, Risk Category and Risk Element ","7","Test","False","Others","","Accepted","","","04/10/2025 12:37 AM MST","","","","","11/09/2025 10:05 PM MST","","","","04/14/2025 12:48 AM MST","","","E_SLPM_ST15_CRR Rule Configuration","False","False","Code Change","","","Requirements","","","","Minor Problem","","Jatin Kumar","","04/28/2025 12:00 AM MST","0.0","0 Defined, 0 In-Progress, 0 Completed, 0 Blocked","","0 None Run, 0 Blocked, 0 Error, 0 Fail, 0 Inconclusive, 0 Pass","0.0",""
"DE663361","Not getting Risk Element Name in Breadcrumb list","US5718334: Automate duplicate prevention for add new and edit risk element","Closed","Normal","Jatin Kumar","Accepted","AXP 25.2.7","AXP PI 25.2","","07/22/2025 10:56 AM MST","","False","False","","07/22/2025 10:56 AM MST","#df1a7b","Jatin Kumar","04/16/2025 12:47 AM MST","","","","","","","","Code","SIT Test","STR:Go to Sandbox tabGo to Risk Category Listing page ->Select already created Risk Category -> Select already created Risk ElementActual: Not getting Risk Element Name in Breadcrumb listExpected: Risk element name should be displayed in breadcrumb list","2","Test","False","Others","","Accepted","","","04/16/2025 11:37 AM MST","","","","","11/09/2025 10:05 PM MST","","","This is fixed, Please find the attached","04/16/2025 11:37 AM MST","","","E_SLPM_ST15_CRR Rule Configuration","False","False","Code Change","","","Custom Code Issue","","","","Minor Problem","","Jatin Kumar","","04/28/2025 12:00 AM MST","0.0","0 Defined, 0 In-Progress, 0 Completed, 0 Blocked","","0 None Run, 0 Blocked, 0 Error, 0 Fail, 0 Inconclusive, 0 Pass","0.0",""
"DE663388","Incorrect Risk Category header name on listing page","US5718332: Automate duplicate prevention for add new and edit risk category","Closed","Low","Jatin Kumar","Accepted","AXP 25.2.7","AXP PI 25.2","","04/28/2025 09:41 AM MST","","False","False","","04/22/2025 03:20 AM MST","#df1a7b","Jatin Kumar","04/16/2025 02:25 AM MST","","","","","","","","Code","SIT Test","STR:Go to sandbox tabGo to created risk assessment -> Navigates to Risk Category listing pageActual: Risk Category headerExpected: Risk Categories header","2","Test","False","Others","","Accepted","","","04/16/2025 11:38 AM MST","","","","","11/09/2025 10:05 PM MST","","","This Defect is fixed. please perform re-testing. Thanks","04/16/2025 11:38 AM MST","","","E_SLPM_ST15_CRR Rule Configuration","False","False","Code Change","","","Custom Code Issue","","","","Cosmetic","","Jatin Kumar","","04/28/2025 12:00 AM MST","0.0","0 Defined, 0 In-Progress, 0 Completed, 0 Blocked","","0 None Run, 0 Blocked, 0 Error, 0 Fail, 0 Inconclusive, 0 Pass","0.0",""
"DE664931","Incorrect Default value for Weighting under Setting window","US5718334: Automate duplicate prevention for add new and edit risk element","Closed","Low","Jatin Kumar","Accepted","AXP 25.2.7","AXP PI 25.2","","04/28/2025 09:41 AM MST","","False","False","","04/28/2025 03:09 AM MST","#df1a7b","Jatin Kumar","04/24/2025 02:08 AM MST","","","","","","","","Requirement","SIT Test","STR:Go to sandbox tabGo to risk assessment -> risk category -> risk element listing pageClick on already created risk element -> Click on setting buttonActual: Default value of weighting displaying ' - 'Expected: Default value of weighting should be ' 0 '","3","Test","False","Others","","Accepted","","","04/24/2025 07:39 PM MST","","","","","11/09/2025 10:05 PM MST","","","","","","","E_SLPM_ST15_CRR Rule Configuration","False","False","Requirements","","","Requirements","","","","Minor Problem","","Jatin Kumar","","04/28/2025 12:00 AM MST","0.0","0 Defined, 0 In-Progress, 0 Completed, 0 Blocked","","0 None Run, 0 Blocked, 0 Error, 0 Fail, 0 Inconclusive, 0 Pass","0.0",""
"DE665807","Delete functionality is not working for RA, RC, RE","US5632686: Automation of Delete Functionality for Risk Assessment","Closed","High Attention","Jatin Kumar","Accepted","AXP 25.2.8","AXP PI 25.2","","05/12/2025 09:46 PM MST","","False","False","","04/30/2025 01:43 AM MST","#df1a7b","Jatin Kumar","04/29/2025 03:01 AM MST","","","","","","","","Code","SIT Test","STR:Go to Sandbox TabCreate RA, RC and REClick on DeleteActual: Delete functionality is working for all RA RC REExpected: Delete funtionality should be worked, and delete respective RA RC RE from their listing page","2","Test","False","Others","","Accepted","","","04/29/2025 10:53 PM MST","","","","","11/09/2025 10:05 PM MST","","","","","","","E_SLPM_ST15_CRR Rule Configuration","False","False","Code Change","","","Custom Code Issue","","","","Major Problem","","Jatin Kumar","","05/12/2025 12:00 AM MST","0.0","0 Defined, 0 In-Progress, 0 Completed, 0 Blocked","","0 None Run, 0 Blocked, 0 Error, 0 Fail, 0 Inconclusive, 0 Pass","0.0",""
"DE666178","Incorrect delete successfully message for RA, RC, RE","US5632686: Automation of Delete Functionality for Risk Assessment","Closed","Normal","Jatin Kumar","Accepted","AXP 25.2.8","AXP PI 25.2","","05/12/2025 09:46 PM MST","","False","False","","05/09/2025 01:22 AM MST","#df1a7b","Jatin Kumar","04/29/2025 11:47 PM MST","","","","","","","","Requirement","SIT Test","STR:Create new RA, RC, REDelete respective created RA, RC, REActual: PFA ScreenshotsExpected: Risk Assessment was deleted successfully.Risk Category was deleted successfully.Risk Element was deleted successfully.","6","Test","False","Others","","Accepted","","","05/01/2025 01:09 PM MST","","","","","11/09/2025 10:05 PM MST","","","","05/08/2025 04:13 AM MST","","","E_SLPM_ST15_CRR Rule Configuration","False","False","Code Change","","","Requirements","","","","Minor Problem","","Jatin Kumar","","05/12/2025 12:00 AM MST","0.0","0 Defined, 0 In-Progress, 0 Completed, 0 Blocked","","0 None Run, 0 Blocked, 0 Error, 0 Fail, 0 Inconclusive, 0 Pass","0.0",""
"DE666199","Incorrect delete warning message for RA, RC, RE","US5632686: Automation of Delete Functionality for Risk Assessment","Closed","Low","Jatin Kumar","Accepted","AXP 25.2.8","AXP PI 25.2","","05/12/2025 09:46 PM MST","","False","False","","05/08/2025 04:08 AM MST","#df1a7b","Jatin Kumar","04/30/2025 01:58 AM MST","","","","","","","","Requirement","SIT Test","STR:Create new RA, RC, REClick on Delete button respective created RA, RC, REActual: PFA ScreenshotsExpected:1. Are you sure you want to delete this risk assessment?All related configuration will be lost.2. Are you sure you want to delete this risk category?All related configuration will be lost.3. Are you sure you want to delete this risk element?All related configuration will be lost.","4","Test","False","Others","","Accepted","","","05/01/2025 01:12 PM MST","","","","","11/09/2025 10:05 PM MST","","","","05/01/2025 10:52 PM MST","","","E_SLPM_ST15_CRR Rule Configuration","False","False","Requirements","","","Requirements","","","","Minor Problem","","Jatin Kumar","","05/12/2025 12:00 AM MST","0.0","0 Defined, 0 In-Progress, 0 Completed, 0 Blocked","","0 None Run, 0 Blocked, 0 Error, 0 Fail, 0 Inconclusive, 0 Pass","0.0",""
"DE666985","Incorrect Add category successful message","US5742573: Automation of Delete Functionality for Risk Category","Closed","Low","Jatin Kumar","Accepted","AXP 25.2.8","AXP PI 25.2","","05/26/2025 10:21 PM MST","","False","False","","05/09/2025 07:02 AM MST","#df1a7b","Jatin Kumar","05/02/2025 06:35 AM MST","","","","","","","","Requirement","SIT Test","STR:Go to Sandbox tabCreate new assessment -> Create new categoryClick on AddActual: Category was added successfully.Expected: Risk Category was added successfully.","2","Test","False","Others","","Accepted","","","05/09/2025 04:31 AM MST","","","","","11/09/2025 10:05 PM MST","","","","","1.0","","E_SLPM_ST15_CRR Rule Configuration","False","False","Requirements","","","Requirements","","","","Minor Problem","","Jatin Kumar","","05/12/2025 12:00 AM MST","6.0","0 Defined, 0 In-Progress, 1 Completed, 0 Blocked","","0 None Run, 0 Blocked, 0 Error, 0 Fail, 0 Inconclusive, 0 Pass","0.0",""
"DE666986","Incorrect Edit Assessment, Category successful message","US5742573: Automation of Delete Functionality for Risk Category","Closed","Low","Jatin Kumar","Accepted","AXP 25.2.9","AXP PI 25.2","","05/26/2025 09:27 PM MST","","False","False","","05/25/2025 07:16 AM MST","#df1a7b","Jatin Kumar","05/02/2025 06:41 AM MST","","","","","","","","Code","SIT Test","STR:Go to sandbox tabCreate new assessment and new categoryEdit created assessment and categoryClick on Save buttonActual for RA: Assessment """"Name"""" was edited successfully.Expected for RA: Risk Assessment """"Name"""" was edited successfully. Actual for RC: Category was edited successfully.Expected for RC: Risk Category was edited successfully.","3","Test","False","Others","","Accepted","","","05/22/2025 10:18 PM MST","","","","","11/09/2025 10:05 PM MST","","","","05/16/2025 06:09 PM MST","1.0","","E_SLPM_ST15_CRR Rule Configuration","False","False","Code Change","","","Custom Code Issue","","","","Minor Problem","","Jatin Kumar","","05/26/2025 12:00 AM MST","6.0","0 Defined, 0 In-Progress, 1 Completed, 0 Blocked","","0 None Run, 0 Blocked, 0 Error, 0 Fail, 0 Inconclusive, 0 Pass","0.0",""
"DE667509","Incorrect duplication inline error message for RA, RC, RE","US5632686: Automation of Delete Functionality for Risk Assessment","Closed","Normal","Jatin Kumar","Accepted","AXP 25.2.8","AXP PI 25.2","","05/12/2025 09:46 PM MST","","False","False","","05/09/2025 07:00 AM MST","#df1a7b","Jatin Kumar","05/05/2025 11:24 PM MST","","","","","","","","Requirement","SIT Test","STR:Create two new risk assessment, risk category and risk element.Add new or edit one of the created RA, RC, RE and give the duplicate name or already created RA, RC, RE name.Actual:RA: Assessment already existsRC: Category already exists.RE: Element already exists Expected: RA: Risk Assessment already exists.RC: Risk Category already exists.RE: Risk Element already exists.","2","Test","False","Others","","Accepted","","","05/08/2025 11:14 PM MST","","","","","11/09/2025 10:05 PM MST","","","","05/08/2025 11:14 PM MST","","","E_SLPM_ST15_CRR Rule Configuration","False","False","Requirements","","","Requirements","","","","Minor Problem","","Jatin Kumar","","05/12/2025 12:00 AM MST","0.0","0 Defined, 0 In-Progress, 0 Completed, 0 Blocked","","0 None Run, 0 Blocked, 0 Error, 0 Fail, 0 Inconclusive, 0 Pass","0.0",""
"DE667529","Displaying incorrect name/description with multiple spaces for RC RE","US5742573: Automation of Delete Functionality for Risk Category","Closed","Normal","Jatin Kumar","Accepted","AXP 25.2.8","AXP PI 25.2","","05/12/2025 09:46 PM MST","","False","False","","05/09/2025 06:55 AM MST","#df1a7b","Jatin Kumar","05/06/2025 01:47 AM MST","","","","","","","","Requirement","SIT Test","STR:Create new category or new elementEnter Name: rcf                 123Description:  rr                   133Actual: Displaying name with a single space despite giving multiple spaces.Expected: Should display a name/desc with given spaces as a data input on listing page. Note: In a API Response as well, populating a given spaces in a name/desc (PFA)","2","Test","False","Others","","Accepted","","","05/08/2025 02:31 AM MST","","","","","11/09/2025 10:05 PM MST","","","","05/08/2025 10:58 PM MST","","","E_SLPM_ST15_CRR Rule Configuration","False","False","Requirements","","","Requirements","","","","Minor Problem","","Jatin Kumar","","05/12/2025 12:00 AM MST","0.0","0 Defined, 0 In-Progress, 0 Completed, 0 Blocked","","0 None Run, 0 Blocked, 0 Error, 0 Fail, 0 Inconclusive, 0 Pass","0.0",""
"DE668095","Not displaying error message for already deleted RA,RC,RE on dual screens","US5866765: Delete action performed on dual screens should return error message","Closed","Normal","Jatin Kumar","Accepted","AXP 25.3.12","AXP PI 25.3","CRR_Deferred","07/07/2025 09:38 PM MST","","False","False","","07/07/2025 03:51 AM MST","#df1a7b","Jatin Kumar","05/08/2025 07:14 AM MST","","","","","","","","Code","SIT Test","STR:Create new assessment/category/elementDuplicate that browser tabDelete created assessment/category/element on one screenGo back to other duplicated screen and try to delete the sameActual: Not getting error message on deleting already deleted assessment/category/element from duplicated screen (PFA)Expected: Should reflect backend data error message. NOTES: As discussed for All the screens, we are not seeing fixes for other functionalities.For RA: We are able to create two assessment with same name (PFA) and also we are not able to delete either, getting backend error for both of the RAsIdeally, on closing backend error window it should refresh the listing page and remove already deleted assessment.This might be same scenario for RC RE RR as well.Hence, Re-opening this bug and kindly before moving to Fixed state, kindly discuss with QA, this would create better understanding.","7","Test","False","Others","","Accepted","","","05/22/2025 10:38 PM MST","","","","","08/03/2025 10:33 PM MST","","","","06/23/2025 12:48 AM MST","","","E_SLPM_ST15_CRR Rule Configuration","False","False","Code Change","","","Custom Code Issue","","","","Minor Problem","","Jatin Kumar","","07/07/2025 12:00 AM MST","0.0","0 Defined, 0 In-Progress, 0 Completed, 0 Blocked","","0 None Run, 0 Blocked, 0 Error, 0 Fail, 0 Inconclusive, 0 Pass","0.0",""
"DE668333","Getting red colour boundary on Name field box on adding/editing Risk Assessment","US5632686: Automation of Delete Functionality for Risk Assessment","Closed","Low","Jatin Kumar","Accepted","AXP 25.2.9","AXP PI 25.2","","05/26/2025 09:27 PM MST","","False","False","","05/23/2025 05:20 AM MST","#df1a7b","Jatin Kumar","05/09/2025 06:36 AM MST","","","","","","","","Requirement","SIT Test","STR:Go to sandbox tabClick on Add New ButtonEnter Name, Description and Scope and click on Add buttonActual: Getting red colour boundary on Name field box on clicking add button and save buttonExpected: On clicking Add/Save button, all fields box boundaries should be in natural colour ie, Black","2","Test","False","Others","","Accepted","","","05/16/2025 06:10 PM MST","","","","","11/09/2025 10:05 PM MST","","","","05/16/2025 06:10 PM MST","","","E_SLPM_ST15_CRR Rule Configuration","False","False","Code Change","","","Custom Code Issue","","","","Minor Problem","","Jatin Kumar","","05/26/2025 12:00 AM MST","0.0","0 Defined, 0 In-Progress, 0 Completed, 0 Blocked","","0 None Run, 0 Blocked, 0 Error, 0 Fail, 0 Inconclusive, 0 Pass","0.0",""
"DE669147","Allowing incorrect/alphanumeric value for User input field under Risk Rule","US5774876: Automate add basic risk rule","Closed","Normal","Jatin Kumar","Accepted","AXP 25.2.9","AXP PI 25.2","","05/26/2025 09:27 PM MST","","False","False","","05/25/2025 06:13 AM MST","#df1a7b","Jatin Kumar","05/13/2025 06:15 AM MST","","","","","","","","Requirement","SIT Test","STR:Go to created Risk ElementClick on Add Risk RuleSelect Multiplier-> User InputGive value: 111222222123123123123123121231231231231231231231231231231231231231231231                   ashsa&&&&-----$$99Actual: PFAExpected: Should be numeric and capped to 99 (Two digits numeric max, 0-99)","2","Test","False","Others","","Accepted","","","05/20/2025 06:43 AM MST","","","","","11/09/2025 10:05 PM MST","","","","05/20/2025 06:43 AM MST","","","E_SLPM_ST15_CRR Rule Configuration","False","False","Requirements","","","Requirements","","","","Major Problem","","Jatin Kumar","","05/26/2025 12:00 AM MST","0.0","0 Defined, 0 In-Progress, 0 Completed, 0 Blocked","","0 None Run, 0 Blocked, 0 Error, 0 Fail, 0 Inconclusive, 0 Pass","0.0",""
"DE669292","Risk Rule data inputs are getting reset on switching tabs","US5805195: Risk Rule data inputs are getting reset on switching tabs","Closed","Normal","Satvik Jain","Accepted","AXP 25.3.11","AXP PI 25.3","CRR_Deferred","06/09/2025 11:04 PM MST","","False","False","","05/26/2025 09:16 PM MST","#df1a7b","Jatin Kumar","05/13/2025 09:27 PM MST","","","","","","","","Requirement","SIT Test","STR:Go to Add Risk RuleGive inputs such as Desc, Multiplier, Data InputActual: Data values are getting reset on switching other tabs and switching back to Risk Rule TabExpected: Given Risk Rule Data values should be retained same on switching tabs","3","Test","False","Others","","Accepted","","","06/09/2025 11:04 PM MST","","","","","11/09/2025 10:05 PM MST","","","","","","","E_SLPM_ST15_CRR Rule Configuration","False","False","Code Change","","","Requirements","","","","Minor Problem","","Jatin Kumar","","06/23/2025 12:00 AM MST","0.0","0 Defined, 0 In-Progress, 0 Completed, 0 Blocked","","0 None Run, 0 Blocked, 0 Error, 0 Fail, 0 Inconclusive, 0 Pass","0.0",""
"DE669368","Getting incorrect dialog message with long data input on editing RA RC RE","US5774876: Automate add basic risk rule","Closed","Normal","Jatin Kumar","Accepted","AXP 25.2.10 IP","AXP PI 25.2","","06/09/2025 07:03 PM MST","","False","False","","06/06/2025 03:48 AM MST","#df1a7b","Jatin Kumar","05/14/2025 03:54 AM MST","","","","","","","","Code","SIT Test","STR:Create/Add new RA, RC, REEdit RA, RC, RE and give long input on Name field : nskkdsjfhsjdnfjksdbkjasdaksdlkasjdlkasjdklasjdklsajdlkjaklsjdjkabhjdbskActual: Getting success message for RA and RE but not reflecting updated input on respective listing page. (PFA)            Getting incorrect dialog message for editing RC. (PFA)Expected: Should display backend valid error dialog box in such case. Note: Above same issue exist for Adding RA RC RE with same long data input for name field","11","Test","False","Others","","Accepted","","","05/26/2025 04:06 AM MST","","","","","11/09/2025 10:05 PM MST","","","","06/05/2025 04:55 AM MST","","","E_SLPM_ST15_CRR Rule Configuration","False","False","Code Change","","","Custom Code Issue","","","","Minor Problem","","Jatin Kumar","","06/09/2025 12:00 AM MST","0.0","0 Defined, 0 In-Progress, 0 Completed, 0 Blocked","","0 None Run, 0 Blocked, 0 Error, 0 Fail, 0 Inconclusive, 0 Pass","0.0",""
"DE669918","Getting incorrect dialog message to Save Risk Rule with switching tab","US5805195: Risk Rule data inputs are getting reset on switching tabs","Closed","Normal","Satvik Jain","Accepted","AXP 25.3.11","AXP PI 25.3","CRR_Deferred","06/09/2025 11:04 PM MST","","False","False","","05/26/2025 09:23 PM MST","#df1a7b","Jatin Kumar","05/16/2025 01:37 AM MST","","","","","","","","Requirement","SIT Test","STR: Go to Add Risk RuleGive inputs, Rule Desc: Any, User Input Value: 0, DataPoint- Center Code, Operator: Equals, Value: 8Case: Give same inputs, switch to any other tab and back to already opened risk rule tab. Now, try to give same details and save it.You will get backend error: Unable to save the changes. Please contact support. (PFA)Click on Save buttonActual: Error message: """"Unable to save the changes. Please contact support.""""Expected: Risk Rule was added successfully.","4","Test","False","Others","","Accepted","","","06/09/2025 11:04 PM MST","","","","","11/09/2025 10:05 PM MST","","","","05/18/2025 10:59 PM MST","","","E_SLPM_ST15_CRR Rule Configuration","False","False","Code Change","","","Requirements","","","","Minor Problem","","Jatin Kumar","","06/23/2025 12:00 AM MST","0.0","0 Defined, 0 In-Progress, 0 Completed, 0 Blocked","","0 None Run, 0 Blocked, 0 Error, 0 Fail, 0 Inconclusive, 0 Pass","0.0",""
"DE670007","Unexpected behaviour for adding and removing data point on Risk Rule","US5774876: Automate add basic risk rule","Closed","Normal","Jatin Kumar","Accepted","AXP 25.2.9","AXP PI 25.2","","05/26/2025 09:27 PM MST","","False","False","","05/23/2025 08:34 AM MST","#df1a7b","Jatin Kumar","05/16/2025 05:48 AM MST","","","","","","","","Code","SIT Test","STR:Go to Add Risk RuleAdd two Data point rowsRemove 2nd Data point rowAdd again one Data point with 2nd Data point row +Select Data Point value from drop down on 2nd DP rowActual: Whatever we are selecting DP dropdown value on 2nd, it's keep changing for 3rd DP row as well, so storing the same value to 3rd DP as well (PFA)Expected: In such case, DP dropdown value of 3rd DP row should not be changed/updated with the 2nd DP row inputs.","2","Test","False","Others","","Accepted","","","05/20/2025 06:42 AM MST","","","","","11/09/2025 10:05 PM MST","","","","05/20/2025 06:42 AM MST","","","E_SLPM_ST15_CRR Rule Configuration","False","False","Code Change","","","Custom Code Issue","","","","Major Problem","","Jatin Kumar","","05/26/2025 12:00 AM MST","0.0","0 Defined, 0 In-Progress, 0 Completed, 0 Blocked","","0 None Run, 0 Blocked, 0 Error, 0 Fail, 0 Inconclusive, 0 Pass","0.0",""
"DE670493","Risk Rule DP values are not getting reset on selecting other Data Point category","US5774876: Automate add basic risk rule","Closed","Normal","Jatin Kumar","Accepted","AXP 25.2.9","AXP PI 25.2","","05/26/2025 09:27 PM MST","","False","False","","05/25/2025 05:52 AM MST","#df1a7b","Jatin Kumar","05/19/2025 11:35 PM MST","","","","","","","","Code","SIT Test","STR:Go to 'Add Risk Rule'Give Data Inputs values: DP Category- Transaction Count, Value: 12345, Lookback (Month): 1234434222Select different Data Input which has same data point value fields : Select DP Category Transaction AmountActual: Entered Values are not getting reset for selecting other Data Point category (PFA)Expected: Entered Values should get reset on selecting other Data Point category and reset to default values.","2","Test","False","Others","","Accepted","","","05/20/2025 06:39 AM MST","","","","","11/09/2025 10:05 PM MST","","","","05/20/2025 06:39 AM MST","","","E_SLPM_ST15_CRR Rule Configuration","False","False","Code Change","","","Custom Code Issue","","","","Minor Problem","","Jatin Kumar","","05/26/2025 12:00 AM MST","0.0","0 Defined, 0 In-Progress, 0 Completed, 0 Blocked","","0 None Run, 0 Blocked, 0 Error, 0 Fail, 0 Inconclusive, 0 Pass","0.0",""
"DE670501","On Risk Rule, Risk assessment scope getting changed on switching tab to sandbox-assessment","US5805195: Risk Rule data inputs are getting reset on switching tabs","Closed","Normal","Satvik Jain","Accepted","AXP 25.3.11","AXP PI 25.3","CRR_Deferred","06/09/2025 11:05 PM MST","","False","False","","05/26/2025 09:26 PM MST","#df1a7b","Jatin Kumar","05/20/2025 12:08 AM MST","","","","","","","","Requirement","SIT Test","STR:Go to RA -> RC -> REGo to add risk rule and then risk rule tab gets opened with Risk Assessment Scope name, E.g,-E-E/ME/A Division (PFA)Switch to Sandbox tab & click on Assessment breadcrumb, it will navigate to RA listing page (Note: Risk Rule tab already in open position)Now select scope other than -E-E/ME/A Division, eg, India (PFA) and now go back to opened Risk Rule tab Actual: On Risk Rule, Risk assessment scope getting changed on switching tab to sandbox and selecting other scope on RA listing pageExpected: On Risk Rule, Risk assessment scope should not be changed to previously displayed RA, even on switching tab to RA list page & selecting other scope.","2","Test","False","Others","","Accepted","","","06/09/2025 11:05 PM MST","","","","","11/09/2025 10:05 PM MST","","","","","","","E_SLPM_ST15_CRR Rule Configuration","False","False","Code Change","","","Requirements","","","","Major Problem","","Jatin Kumar","","06/23/2025 12:00 AM MST","0.0","0 Defined, 0 In-Progress, 0 Completed, 0 Blocked","","0 None Run, 0 Blocked, 0 Error, 0 Fail, 0 Inconclusive, 0 Pass","0.0",""
"DE670510","Allowing letter/symbol input to Risk rating field on Risk Threshold","US5774864: Automate risk threshold layout","Closed","Normal","Jatin Kumar","Accepted","AXP 25.2.9","AXP PI 25.2","","05/26/2025 10:17 PM MST","","False","False","","05/26/2025 10:16 PM MST","#df1a7b","Jatin Kumar","05/20/2025 12:39 AM MST","","","","","","","","Requirement","SIT Test","STR:Create Assessment and CategoryGo to Category -> Click on Edit ThresholdGive input 'e', '--' , ' . ' to risk rating fieldActual: Risk rating field allowing letter 'e', symbol '-' and dot . input.Expected: Risk rating field should only allows Numeric value input.","4","Test","False","Others","","Accepted","","","05/20/2025 07:17 AM MST","","","","","11/09/2025 10:05 PM MST","","","","05/20/2025 07:17 AM MST","","","E_SLPM_ST15_CRR Rule Configuration","False","False","Requirements","","","Requirements","","","","Major Problem","","Jatin Kumar","","05/26/2025 12:00 AM MST","0.0","0 Defined, 0 In-Progress, 0 Completed, 0 Blocked","","0 None Run, 0 Blocked, 0 Error, 0 Fail, 0 Inconclusive, 0 Pass","0.0",""
"DE670834","Risk Rule: Allowing incorrect data inputs of Data Point's Value and LookBack(Month) fields","US5774876: Automate add basic risk rule","Closed","Normal","Jatin Kumar","Accepted","AXP 25.2.10 IP","AXP PI 25.2","","06/09/2025 07:03 PM MST","","False","False","","06/03/2025 11:34 PM MST","#df1a7b","Jatin Kumar","05/21/2025 12:09 AM MST","","","","","","","","Requirement","SIT Test","STR:Go to Risk RuleData Point Row: Give data input to Value Field: 00000000000000000 and LookBack (Month): 2936492367862378Actual: Value field allowing multiple 0 numeric value and LookBack (Month) field allowing more than 24 value input (PFA)Expected: Value field should allows only numeric value with the stoppage of length violation                 LookBack(Month): Only allows value 24 or less than 24 (0-24) ","7","Test","False","Others","","Accepted","","","05/21/2025 12:19 AM MST","","","","","11/09/2025 10:05 PM MST","","","","05/27/2025 10:50 AM MST","","","E_SLPM_ST15_CRR Rule Configuration","False","False","Requirements","","","Requirements","","","","Minor Problem","","Jatin Kumar","","06/09/2025 12:00 AM MST","0.0","0 Defined, 0 In-Progress, 0 Completed, 0 Blocked","","0 None Run, 0 Blocked, 0 Error, 0 Fail, 0 Inconclusive, 0 Pass","0.0",""
"DE671858","Risk Category: No stoppage for Name field and incorrect default value for name and desc fields","US5809433: Retesting of CRR defects","Closed","Normal","Jatin Kumar","Accepted","AXP 25.2.10 IP","AXP PI 25.2","","06/09/2025 09:58 PM MST","","False","False","","06/03/2025 11:38 PM MST","#df1a7b","Jatin Kumar","05/27/2025 02:50 AM MST","","","","","","","","Requirement","SIT Test","STR:Go to sandboxCreate risk assessment and go to Add/Edit Risk CategoryEnter random long input to Name fieldActual: There is no stoppage for input for name field and incorrect default values are 'Insert name here' and 'Insert description here' for name and desc fieldsExpected: There should be expected stoppage for Name field input and default values should be:                  'Enter name here' and 'Enter description here' ","2","Test","False","Others","","Accepted","","","05/28/2025 04:33 AM MST","","","","","11/09/2025 10:05 PM MST","","","","05/28/2025 04:33 AM MST","","","E_SLPM_ST15_CRR Rule Configuration","False","False","Requirements","","","Requirements","","","","Minor Problem","","Jatin Kumar","","06/09/2025 12:00 AM MST","0.0","0 Defined, 0 In-Progress, 0 Completed, 0 Blocked","","0 None Run, 0 Blocked, 0 Error, 0 Fail, 0 Inconclusive, 0 Pass","0.0",""
"DE671967","Incorrect sizing of dialog box on Delete/Add/Edit for RA RC RE RR","US5809433: Retesting of CRR defects","Closed","Normal","Jatin Kumar","Accepted","AXP 25.3.12","AXP PI 25.3","CRR_Deferred","07/07/2025 09:38 PM MST","","False","False","","06/26/2025 05:52 AM MST","#df1a7b","Jatin Kumar","05/27/2025 10:20 AM MST","","","","","","","","Code","SIT Test","STR:Go to sandbox tabDelete/Add/Edit RA RC RE RRActual: Sizing has been increased for some dialog boxes, mainly for the deletion (PFA for an example)Expected: Dialog box sizes should be as per DLS design components standard","5","Test","False","Others","","Accepted","","","05/28/2025 03:48 AM MST","","","","","08/03/2025 10:33 PM MST","","","","06/03/2025 11:29 PM MST","","","E_SLPM_ST15_CRR Rule Configuration","False","False","User Interface","","","Custom Code Issue","","","","Minor Problem","","Jatin Kumar","","07/07/2025 12:00 AM MST","0.0","0 Defined, 0 In-Progress, 0 Completed, 0 Blocked","","0 None Run, 0 Blocked, 0 Error, 0 Fail, 0 Inconclusive, 0 Pass","0.0",""
"DE672163","Displaying incorrect desc name on Edit/Save Risk Rule","US5809421: Test flow for Edit risk rule","Closed","High Attention","Jatin Kumar","Accepted","AXP 25.3.11","AXP PI 25.3","CRR_Deferred","07/22/2025 10:56 AM MST","","False","False","","07/22/2025 10:56 AM MST","#df1a7b","Jatin Kumar","05/28/2025 03:23 AM MST","","","","","","","","Code","SIT Test","STR:Create two new risk rules with desc jatin and satvik (pfa step1)Go to Risk rule listing page and edit jatin desc (pfa step2)Select satvik from the desc drop down and save it (pfa step3)Go to risk rule listing pageActual: You will see, on performing above steps, details of desc satvik overlapping desc jatin on risk rule listing page (pfa step 4)Expected: Any update/edit on selecting respective desc it should update within the same desc & should reflect on the listing page.","5","Test","False","Others","","Accepted","","","05/28/2025 09:14 PM MST","","","","","11/09/2025 10:05 PM MST","","","","06/09/2025 12:55 AM MST","","","E_SLPM_ST15_CRR Rule Configuration","False","False","Code Change","","","Custom Code Issue","","","","Major Problem","","Jatin Kumar","","06/23/2025 12:00 AM MST","0.0","0 Defined, 0 In-Progress, 0 Completed, 0 Blocked","","0 None Run, 0 Blocked, 0 Error, 0 Fail, 0 Inconclusive, 0 Pass","0.0",""
"DE672988","RE: Not able to select other values from fields dropdowns other than default values","US5809433: Retesting of CRR defects","Closed","High Attention","Jatin Kumar","Accepted","AXP 25.2.10 IP","AXP PI 25.2","","06/09/2025 09:58 PM MST","","False","False","","06/03/2025 11:39 PM MST","#df1a7b","Jatin Kumar","06/02/2025 07:27 AM MST","","","","","","","","Code","SIT Test","STR:Go to Add Risk Element windowSelect Prohibited, Min/Max Criteria and Time Based Rules values from dropdownActual: Not able to select other value from the dropdown for each field, we only able to select default ones i.e, No, Max, NoExpected: User also able to select other values other than default ones","2","Test","False","Others","","Accepted","","","06/02/2025 10:18 PM MST","","","","","11/09/2025 10:05 PM MST","","","","06/02/2025 10:18 PM MST","","","E_SLPM_ST15_CRR Rule Configuration","False","False","Code Change","","","Custom Code Issue","","","","Major Problem","","Jatin Kumar","","07/09/2025 12:00 AM MST","0.0","0 Defined, 0 In-Progress, 0 Completed, 0 Blocked","","0 None Run, 0 Blocked, 0 Error, 0 Fail, 0 Inconclusive, 0 Pass","0.0",""
"DE672998","RR: Getting multiple desc list rows on each save on RR listing page","US5809433: Retesting of CRR defects","Closed","Normal","Jatin Kumar","Accepted","AXP 25.3.11","AXP PI 25.3","CRR_Deferred","07/22/2025 10:57 AM MST","","False","False","","07/22/2025 10:57 AM MST","#df1a7b","Jatin Kumar","06/02/2025 08:13 AM MST","","","","","","","","Code","SIT Test","STR:Go to Add Risk Rule windowGive Desc: jatin and other mandatory fieldsClick on save button and close dialog box (Repeat this step 4 times)Close Add Risk Rule TabGo to RR listing pageActual: You will see, 4 desc field rows are getting populated with same desc nameExpected: If we are adding RR and clicking on save, Even if we are clicking save button n number of times, Desc row should appear once on RR listing page","2","Test","False","Others","","Accepted","","","06/17/2025 11:24 PM MST","","","","","11/09/2025 10:05 PM MST","","","","","","","E_SLPM_ST15_CRR Rule Configuration","False","False","Code Change","","","Custom Code Issue","","","","Major Problem","","Jatin Kumar","","06/23/2025 12:00 AM MST","0.0","0 Defined, 0 In-Progress, 0 Completed, 0 Blocked","","0 None Run, 0 Blocked, 0 Error, 0 Fail, 0 Inconclusive, 0 Pass","0.0",""
"DE673218","RR Advanced View: Not getting inline error message for mandatory LookBack field data input","US5809426: Automate Risk Rule Advanced View","Closed","Normal","Jatin Kumar","Accepted","AXP 25.2.10 IP","AXP PI 25.2","","06/09/2025 09:58 PM MST","","False","False","","06/09/2025 10:35 AM MST","#df1a7b","Jatin Kumar","06/03/2025 06:24 AM MST","","","","","","","","Code","SIT Test","STR:Go to Add Risk Rule WindowSwitch to Advanced View and 'Filter Conditions' inline error message getting displayed for custom rule conditionSelect Transaction Amount as Data PointGive inputs for Operator and Value field (Except giving input for Lookback (Month) field)Actual: With Operator and Value data Inputs, respective inline error message getting vanished without giving input for Lookback (Month) data field which is a mandatory one.Expected: If we are not giving any input for mandatory data field, then it should throw respective inline error message.""""Filter conditions referenced by 1 do not exist or are not valid.""""","2","Test","False","Others","","Accepted","","","06/03/2025 10:52 PM MST","","","","","11/09/2025 10:05 PM MST","","","","06/03/2025 10:52 PM MST","","","E_SLPM_ST15_CRR Rule Configuration","False","False","Code Change","","","Custom Code Issue","","","","Minor Problem","","Jatin Kumar","","06/09/2025 12:00 AM MST","0.0","0 Defined, 0 In-Progress, 0 Completed, 0 Blocked","","0 None Run, 0 Blocked, 0 Error, 0 Fail, 0 Inconclusive, 0 Pass","0.0",""
"DE673368","RR Advanced View: Getting incorrect custom rule condition result on adding Data Points with a switch case","US5822142: Inform user of Changes getting lost while switching from Advanced to Basic view in rule editing window","Closed","Normal","Jatin Kumar","Accepted","AXP 25.3.15 IP","AXP PI 25.3","CRR_Deferred","08/18/2025 09:06 AM MST","","False","False","","08/18/2025 09:06 AM MST","#df1a7b","Jatin Kumar","06/03/2025 08:44 PM MST","","","","","","","","Requirement","SIT Test","STR:Go to Add Risk RuleSwitch to Advanced view Switch to Basic view and Add 1 datapoint center code with mandatory input values on basic viewSwitch to Advanced view (You will see 1 in custom rule condition)Switch back to Basic viewAdd 1 more datapoint with mandatory inputs values on basic view (You will see 1 in custom rule condition instead of 1 AND 2)Actual: Getting incorrect custom rule condition result on adding Data Points with a switch case on performing above stepsExpected: Custom rule condition should follow display correct result on switching between basic and advanced view.If we are adding 2 data points in basic view, then it should display 1 AND 2 in advanced view.If we are adding 3 data points in basic view, then it should display 1 AND 2 AND 3 in advanced view. Note: Please do test for Edit Risk Rule while fixing this behaviour.","8","Test","False","Others","","Accepted","","","08/12/2025 11:44 AM MST","","","","","08/18/2025 09:06 AM MST","","","","08/12/2025 08:53 PM MST","","","E_SLPM_ST15_CRR Rule Configuration","False","False","Requirements","","","Requirements","","","","Major Problem","","Jatin Kumar","","08/15/2025 12:00 AM MST","0.0","0 Defined, 0 In-Progress, 0 Completed, 0 Blocked","","0 None Run, 0 Blocked, 0 Error, 0 Fail, 0 Inconclusive, 0 Pass","0.0",""
"DE674165","RR: Getting backend error on adding Risk Rule","US5809433: Retesting of CRR defects","Closed","High Attention","Jatin Kumar","Accepted","AXP 25.2.10 IP","AXP PI 25.2","","06/09/2025 09:58 PM MST","","False","False","","06/09/2025 10:58 AM MST","#df1a7b","Jatin Kumar","06/08/2025 10:14 PM MST","","","","","","","","Code","SIT Test","STR:Go to Add Risk RuleGive Mandatory fields (For Data Points : PFA)Actual: Getting backend error on adding new risk ruleError in network tab: Response Error:     """"error"""": """"JSON parse error: Instantiation of [simple type, class com.aexp.slpm.crr.controller.request.RuleSetRequest] value failed for JSON property country due to missing (therefore NULL) value for creator parameter country which is a non-nullable type"""".   (PFA for payloads and response) Expected: Should create new risk rule with valid and mandatory data inputs.","2","Test","False","Others","","Accepted","","","06/08/2025 10:19 PM MST","","","","","11/09/2025 10:05 PM MST","","","","","","","E_SLPM_ST15_CRR Rule Configuration","False","False","Code Change","","","Custom Code Issue","","","","Major Problem","","Jatin Kumar","","06/09/2025 12:00 AM MST","0.0","0 Defined, 0 In-Progress, 0 Completed, 0 Blocked","","0 None Run, 0 Blocked, 0 Error, 0 Fail, 0 Inconclusive, 0 Pass","0.0",""
"DE674279","RR: Incorrect values displaying under Operation dropdown & decimal value input issue in Data Point field","US5809421: Test flow for Edit risk rule","Closed","Low","Jatin Kumar","Accepted","AXP 25.3.11","AXP PI 25.3","","07/22/2025 10:57 AM MST","","False","False","","07/22/2025 10:57 AM MST","#df1a7b","Jatin Kumar","06/09/2025 07:16 AM MST","","","","","","","","Environment","SIT Test","STR:Go to Add Risk RuleGo to basic view/advanced view Data pointCheck for operation field dropdownActual: Incorrect values getting displayed in Operation field dropdown and not able to put decimal after giving max 30 numeric valuesExpected: Default values of Operation dropdown should be disabled, only display Operator as default valueWe should be able to put decimal in between 30 numeric values","2","Test","False","Others","","Accepted","","","06/09/2025 07:17 AM MST","","","","","11/09/2025 10:05 PM MST","","","","06/09/2025 07:22 AM MST","","","E_SLPM_ST15_CRR Rule Configuration","False","False","Environment","","","Deployment Issue","","","","Minor Problem","","Jatin Kumar","","06/23/2025 12:00 AM MST","0.0","0 Defined, 0 In-Progress, 0 Completed, 0 Blocked","","0 None Run, 0 Blocked, 0 Error, 0 Fail, 0 Inconclusive, 0 Pass","0.0",""
"DE675168","RR: Not able to delete Risk Rules","US5865088: Test flow for Risk Rule Tab switching feature","Closed","Resolve Immediately","Jatin Kumar","Accepted","AXP 25.3.11","AXP PI 25.3","","07/22/2025 10:57 AM MST","","False","False","","07/22/2025 10:57 AM MST","#df1a7b","Jatin Kumar","06/12/2025 11:13 PM MST","","","","","","","","Code","SIT Test","STR:Create Risk RulesOpen setting window and save the detailsDelete created Risk RulesActual: Getting backend error on deleting respective rulesExpected: Risk rules should be deleted even after saving setting window details Current error : PFA and discussions","4","Test","False","Others","","Accepted","","","06/13/2025 12:32 AM MST","","","","","11/09/2025 10:05 PM MST","","","","06/17/2025 09:24 AM MST","","","E_SLPM_ST15_CRR Rule Configuration","False","False","Code Change","","","Custom Code Issue","","","","Major Problem","","Jatin Kumar","","06/23/2025 12:00 AM MST","0.0","0 Defined, 0 In-Progress, 0 Completed, 0 Blocked","","0 None Run, 0 Blocked, 0 Error, 0 Fail, 0 Inconclusive, 0 Pass","0.0",""
"DE675178","SW: Applicability not getting populated on selection","US5865087: Test and Automate Setting window","Closed","Normal","Satvik Jain","Accepted","AXP 25.3.12","AXP PI 25.3","","06/23/2025 06:49 PM MST","","False","False","","06/23/2025 06:49 PM MST","#df1a7b","Jatin Kumar","06/13/2025 12:26 AM MST","","","","","","","","Requirement","SIT Test","STR:Open setting windowSave with intermediaries applicabilityOpen again setting windowCheck All, uncheck All, uncheck Entity, uncheck IdentityActual: Checked Intermediaries is not getting displayed in Applicability field boxExpected: With any checked applicability, should be displayed in the Applicability field box","2","Test","False","Others","","Accepted","","","06/23/2025 06:49 PM MST","","","","","08/03/2025 10:32 PM MST","","","","","","","E_SLPM_ST15_CRR Rule Configuration","False","False","User Interface","","","Requirements","","","","Minor Problem","","Jatin Kumar","","07/07/2025 12:00 AM MST","0.0","0 Defined, 0 In-Progress, 0 Completed, 0 Blocked","","0 None Run, 0 Blocked, 0 Error, 0 Fail, 0 Inconclusive, 0 Pass","0.0",""
"DE675496","RE not getting deleted with deletion of linked RC under same assessment","US5865102: Retesting of CRR Defects","Closed","Normal","Jatin Kumar","Accepted","AXP 25.3.12","AXP PI 25.3","","07/07/2025 09:38 PM MST","","False","False","","06/26/2025 06:05 AM MST","#df1a7b","Jatin Kumar","06/16/2025 01:23 AM MST","","","","","","","","Code","SIT Test","STR:Create RA123, RC123 and RE123 under same assessmentDelete RC123Create again RC456 and go to Risk Element pageActual: Previous RE123 not getting deleted with deletion of RC123, and on deleting that RE123 getting backend errorExpected: Respective RE should also gets deleted with the linked RC","4","Test","False","Others","","Accepted","","","06/16/2025 12:04 PM MST","","","","","08/03/2025 10:32 PM MST","","","","06/20/2025 01:45 AM MST","","","E_SLPM_ST15_CRR Rule Configuration","False","False","Code Change","","","Custom Code Issue","","","","Major Problem","","Jatin Kumar","","07/07/2025 12:00 AM MST","0.0","0 Defined, 0 In-Progress, 0 Completed, 0 Blocked","","0 None Run, 0 Blocked, 0 Error, 0 Fail, 0 Inconclusive, 0 Pass","0.0",""
"DE676045","RR Advanced View: Not getting inline error message for mandatory LookBack field for multiple data inputs","US5865088: Test flow for Risk Rule Tab switching feature","Closed","Normal","SUNNY PANWAR","Accepted","AXP 25.3.12","AXP PI 25.3","","07/07/2025 09:38 PM MST","","False","False","","07/07/2025 02:04 AM MST","#df1a7b","Jatin Kumar","06/18/2025 12:12 AM MST","","","","","","","","Code","SIT Test","STR:Go to Add Risk Rule WindowSwitch to Advanced View and 'Filter Conditions' inline error message getting displayed for custom rule conditionSelect Cross Border Trans Amount/Bank Account Age as Data PointGive inputs for Operator and Value field (Except giving input for Lookback (Month) field)Actual: With Operator and Value data Inputs, respective inline error message getting vanished without giving input for Lookback (Month) data field which is a mandatory one (PFA for list in which LookBack mandatory field occurs)Expected: If we are not giving any input for mandatory data field, then it should throw respective inline error message and on giving lookback input, inline error message should be vanished.""""Filter conditions referenced by 1 do not exist or are not valid."""" ","8","Test","False","Others","","Accepted","","","06/23/2025 09:46 AM MST","","","","","08/03/2025 10:32 PM MST","","","","06/30/2025 05:08 AM MST","","","E_SLPM_ST15_CRR Rule Configuration","False","False","Code Change","","","Custom Code Issue","","","","Major Problem","","Jatin Kumar","","07/07/2025 12:00 AM MST","0.0","0 Defined, 0 In-Progress, 0 Completed, 0 Blocked","","0 None Run, 0 Blocked, 0 Error, 0 Fail, 0 Inconclusive, 0 Pass","0.0",""
"DE676172","RR: Incorrect Rule Details header and default text value for lookback field","US5865088: Test flow for Risk Rule Tab switching feature","Closed","Normal","Jatin Kumar","Accepted","AXP 25.3.11","AXP PI 25.3","","07/22/2025 10:57 AM MST","","False","False","","07/22/2025 10:57 AM MST","#df1a7b","Jatin Kumar","06/18/2025 08:56 AM MST","","","","","","","","Code","SIT Test","STR:Go to Add Risk Rule pageCheck Rule Details header and default text value for lookback fieldActual: Rules Details and default text value: Lookback (PFA)Expected: Rule Details and default text value: Month (PFA)","3","Test","False","Others","","Accepted","","","06/18/2025 04:04 PM MST","","","","","11/09/2025 10:05 PM MST","","","","06/19/2025 11:30 PM MST","","","E_SLPM_ST15_CRR Rule Configuration","False","False","User Interface","","","Custom Code Issue","","","","Minor Problem","","Jatin Kumar","","06/23/2025 12:00 AM MST","0.0","0 Defined, 0 In-Progress, 0 Completed, 0 Blocked","","0 None Run, 0 Blocked, 0 Error, 0 Fail, 0 Inconclusive, 0 Pass","0.0",""
"DE677259","RR: Incorrect Applicability sequence on RR listing page on Saving All","US5895752: Test CRR RA-RR end to end functionalities","Closed","Normal","Jatin Kumar","Accepted","AXP 25.3.12","AXP PI 25.3","","07/07/2025 09:38 PM MST","","False","False","","07/07/2025 02:57 AM MST","#df1a7b","Jatin Kumar","06/24/2025 09:39 AM MST","","","","","","","","Code","SIT Test","STR: Go to Risk Rule listing page and create new RRGo to market setting windowCheck ALL and save itActual Sequence: Intermediaries, Individual, Entity, All (PFA)Expected Sequence: All, Entity, Individual, Intermediaries ","2","Test","False","Others","","Accepted","","","06/30/2025 05:24 AM MST","","","","","11/09/2025 10:05 PM MST","","","","06/30/2025 05:24 AM MST","","","E_SLPM_ST15_CRR Rule Configuration","False","False","Code Change","","","Custom Code Issue","","","","Minor Problem","","Jatin Kumar","","07/07/2025 12:00 AM MST","0.0","0 Defined, 0 In-Progress, 0 Completed, 0 Blocked","","0 None Run, 0 Blocked, 0 Error, 0 Fail, 0 Inconclusive, 0 Pass","0.0",""
"DE677261","Incorrect Risk Threshold layout","US5895752: Test CRR RA-RR end to end functionalities","Closed","Normal","Jatin Kumar","Accepted","AXP 25.3.12","AXP PI 25.3","","07/07/2025 09:38 PM MST","","False","False","","07/07/2025 03:31 AM MST","#df1a7b","Jatin Kumar","06/24/2025 09:46 AM MST","","","","","","","","Requirement","SIT Test","STR:Go to CRR tab and click on Risk Threshold buttonGo to Sandbox Tab and click on Edit Risk Threshold buttonActual: Incorrect Risk Threshold layout for both Risk Threshold and Edit Risk Threshold windowExpected: Risk Threshold layout should be as expected.","4","Test","False","Others","","Accepted","","","06/24/2025 12:41 PM MST","","","","","11/09/2025 10:05 PM MST","","","","06/26/2025 02:05 AM MST","","","E_SLPM_ST15_CRR Rule Configuration","False","False","User Interface","","","Requirements","","","","Minor Problem","","Jatin Kumar","","07/07/2025 12:00 AM MST","0.0","0 Defined, 0 In-Progress, 0 Completed, 0 Blocked","","0 None Run, 0 Blocked, 0 Error, 0 Fail, 0 Inconclusive, 0 Pass","0.0",""
"DE677263","Incorrect alignment of Actions Column on RA, RC, RE, RR","US5895752: Test CRR RA-RR end to end functionalities","Closed","Low","Jatin Kumar","Accepted","AXP 25.3.12","AXP PI 25.3","","07/07/2025 09:38 PM MST","","False","False","","07/07/2025 03:25 AM MST","#df1a7b","Jatin Kumar","06/24/2025 09:51 AM MST","","","","","","","","Code","SIT Test","STR:Go to RA, RC, RE, RRLook for Actions columnActual: Actions column is not aligned with Edit and Delete or other action items (PFA)Expected: Actions column should be aligned with respective action Items","2","Test","False","Others","","Accepted","","","07/01/2025 07:02 AM MST","","","","","11/09/2025 10:05 PM MST","","","","07/01/2025 07:02 AM MST","","","E_SLPM_ST15_CRR Rule Configuration","False","False","User Interface","","","Custom Code Issue","","","","Minor Problem","","Jatin Kumar","","07/07/2025 12:00 AM MST","0.0","0 Defined, 0 In-Progress, 0 Completed, 0 Blocked","","0 None Run, 0 Blocked, 0 Error, 0 Fail, 0 Inconclusive, 0 Pass","0.0",""
"DE677439","RR: Not displaying inline error message for dot input in value data field","US5895752: Test CRR RA-RR end to end functionalities","Closed","Normal","SUNNY PANWAR","Accepted","AXP 25.3.13","AXP PI 25.3","","07/16/2025 09:38 PM MST","","False","False","","07/08/2025 09:16 PM MST","#df1a7b","Jatin Kumar","06/25/2025 02:35 AM MST","","","","","","","","Requirement","SIT Test","STR:Go to Risk RuleSwitch to advanced modeSelect center code as data point and give inputs for operator: less than and value: .Actual: Taking dot as valid input and not throwing """"Filter conditions referenced by 1 do not exist or are not valid."""" inline error message and also enabling add & save button with dot inputExpected: Must display """"Filter conditions referenced by 1 do not exist or are not valid."""" inline error message and should disabled add button wuith dot input","4","Test","False","Others","","Accepted","","","06/29/2025 11:22 PM MST","","","","","08/03/2025 10:32 PM MST","","","","07/02/2025 08:07 AM MST","","","E_SLPM_ST15_CRR Rule Configuration","False","False","Requirements","","","Requirements","","","","Minor Problem","","Jatin Kumar","","07/21/2025 12:00 AM MST","0.0","0 Defined, 0 In-Progress, 0 Completed, 0 Blocked","","0 None Run, 0 Blocked, 0 Error, 0 Fail, 0 Inconclusive, 0 Pass","0.0",""
"DE677443","Risk Assessment Tooltip Discrepancy in Alignment","US5950004: Testing and Fixing of Previous Defects for CRR UI","Closed","Low","Jatin Kumar","Accepted","AXP 25.3.14","AXP PI 25.3","","08/04/2025 04:20 AM MST","","False","False","","08/04/2025 06:14 AM MST","#df1a7b","Jatin Kumar","06/25/2025 02:44 AM MST","","","","","","","","Requirement;Design","SIT Test","STR:Go to Risk assessment page and create one assessmentHover to view resultsActual: View Results is not aligned in centre AND if we click on 'view results' and 'copy tooltip', it shows as set or last visited tooltip, but then if we need to hover to other action tooltip it must vanish previously visited tooltip.Expected: View Results toop should be centre aligned and last visited tooltip should gets closed with hover to other action tooltip","4","Test","False","Others","","Accepted","","","07/30/2025 02:41 AM MST","","","","","08/04/2025 06:14 AM MST","","","","07/30/2025 02:41 AM MST","1.0","","E_SLPM_ST15_CRR Rule Configuration","False","False","User Interface","","","Configuration Issue","","","","Cosmetic","Change in Requirement","Jatin Kumar","","08/04/2025 12:00 AM MST","0.0","0 Defined, 0 In-Progress, 0 Completed, 0 Blocked","","0 None Run, 0 Blocked, 0 Error, 0 Fail, 0 Inconclusive, 0 Pass","0.0",""
"DE677800","Previously entered data points are cleared upon validation error for >100 entries in risk rule creation","US5895752: Test CRR RA-RR end to end functionalities","Closed","Low","SUNNY PANWAR","Accepted","AXP 25.3.12","AXP PI 25.3","","07/07/2025 09:38 PM MST","","False","False","","07/06/2025 10:23 PM MST","#df1a7b","SUNNY PANWAR","06/26/2025 08:04 AM MST","","","","","","","","Code","SIT Test","Description:When attempting to add more than 100 data points while creating a risk rule, the system correctly displays a validation error on the 101st entry. However, all 100 previously entered data points disappear from the UI once this error is triggered. Steps to Reproduce:Navigate to the Risk Rule Creation pageAdd 100 valid data pointsAttempt to add the 101st data pointObserve the behavior after the validation error is triggeredActual Result:All previously entered 100 data points are cleared from the form after the validation error is shown. Expected Result (as confirmed by Satvik):The first 100 data points should remain visible and editable in the form, even after the validation error is displayed for the 101st data point.","2","Test","False","Others","","Accepted","","","07/01/2025 08:58 AM MST","","","","","11/09/2025 10:05 PM MST","","","","07/01/2025 08:58 AM MST","","","E_SLPM_ST15_CRR Rule Configuration","False","False","Code Change","","","Custom Code Issue","","","","Crash/Data Loss","","SUNNY PANWAR","","07/07/2025 12:00 AM MST","0.0","0 Defined, 0 In-Progress, 0 Completed, 0 Blocked","","0 None Run, 0 Blocked, 0 Error, 0 Fail, 0 Inconclusive, 0 Pass","0.0",""
"DE677955","RR: Incorrect save/edited/deleted dialog message","US5895752: Test CRR RA-RR end to end functionalities","Closed","Low","Jatin Kumar","Accepted","AXP 25.3.13","AXP PI 25.3","","07/16/2025 09:38 PM MST","","False","False","","07/10/2025 05:23 AM MST","#df1a7b","Jatin Kumar","06/27/2025 01:00 AM MST","","","","","","","","Code","SIT Test","STR:Go to Risk Rule page and create new risk ruleEdit created risk rule and click on save.Delete created created risk ruleActual: Risk Rule was updated successfully.Risk rule was deleted successfully.Expected: Risk Rule was edited successfully.Risk Rule was deleted successfully.      Defects should be right-sized to be delivered within a Sprint/Iteration. Description: (Description of the Defect) <Enter your text here> Fault Product / Application: (Product / Application where the defect was identified) <Enter your text here> Other Product / Applications affected: (Other Product(s) / Application(s) impacted by the defect) <Enter your text here> Steps to Reproduce: (Short description on how to reproduce the defect) <Enter your text here> User Impact: (Approximate number of users impacted by this defect - if applicable) <Enter your text here> Impacted Market: (Indicate if the defect is observed for specific geography / market) <Enter your text here> ","2","Test","False","Others","","Accepted","","","07/02/2025 08:14 PM MST","","","","","08/03/2025 10:32 PM MST","","","","07/02/2025 08:14 PM MST","","","E_SLPM_ST15_CRR Rule Configuration","False","False","Requirements","","","Custom Code Issue","","","","Minor Problem","","Jatin Kumar","","07/21/2025 12:00 AM MST","0.0","0 Defined, 0 In-Progress, 0 Completed, 0 Blocked","","0 None Run, 0 Blocked, 0 Error, 0 Fail, 0 Inconclusive, 0 Pass","0.0",""
"DE678203","RA/RE: Incorrect headers for Add/Edit windows","US5921736: Test flow for Simulation version, implement  and roll back functionality","Closed","Low","Jatin Kumar","Accepted","AXP 25.3.13","AXP PI 25.3","","07/16/2025 09:38 PM MST","","False","False","","07/15/2025 01:52 AM MST","#df1a7b","Jatin Kumar","06/30/2025 03:20 AM MST","","","","","","","","Code","SIT Test","STR:Go to Sandbox tab and click on Add New(For Assessment) and look for window headerGo to Risk Element listing page and create one and look for window headerClick on Edit created Risk Element and look for window header Actual: PFAExpected:  For RA: Add Risk Assessment (Add Button)RA Windows: Add Risk Assessment and Edit Risk Assessment For RE Windows: Add Risk ElementEdit Risk ElementDefects should be right-sized to be delivered within a Sprint/Iteration. Description: (Description of the Defect) <Enter your text here> Fault Product / Application: (Product / Application where the defect was identified) <Enter your text here> Other Product / Applications affected: (Other Product(s) / Application(s) impacted by the defect) <Enter your text here> Steps to Reproduce: (Short description on how to reproduce the defect) <Enter your text here> User Impact: (Approximate number of users impacted by this defect - if applicable) <Enter your text here> Impacted Market: (Indicate if the defect is observed for specific geography / market) <Enter your text here> ","4","Test","False","Others","","Accepted","","","07/07/2025 02:12 AM MST","","","","","08/03/2025 10:32 PM MST","","","","07/10/2025 05:55 AM MST","","","E_SLPM_ST15_CRR Rule Configuration","False","False","User Interface","","","Custom Code Issue","","","","Minor Problem","","Jatin Kumar","","07/21/2025 12:00 AM MST","0.0","0 Defined, 0 In-Progress, 0 Completed, 0 Blocked","","0 None Run, 0 Blocked, 0 Error, 0 Fail, 0 Inconclusive, 0 Pass","0.0",""
"DE678759","RR: Getting incorrect rule name in rule dropdown on giving spaces in Rule Name","US5950004: Testing and Fixing of Previous Defects for CRR UI","Closed","Normal","Jatin Kumar","Accepted","AXP 25.3.14","AXP PI 25.3","","07/31/2025 04:52 AM MST","","False","False","","07/31/2025 04:52 AM MST","#df1a7b","Jatin Kumar","07/02/2025 03:21 AM MST","","","","","","","","Code","SIT Test","STR: Go to Risk Rule page and add one risk rule with name:  y                                            e                                                sEdit created risk rule and click on rule dropdownActual: Spaces are not displaying under rule dropdown for rule name (PFA)Expected: Exact given rule name even with multiple spaces should be displayed         Defects should be right-sized to be delivered within a Sprint/Iteration. Description: (Description of the Defect) <Enter your text here> Fault Product / Application: (Product / Application where the defect was identified) <Enter your text here> Other Product / Applications affected: (Other Product(s) / Application(s) impacted by the defect) <Enter your text here> Steps to Reproduce: (Short description on how to reproduce the defect) <Enter your text here> User Impact: (Approximate number of users impacted by this defect - if applicable) <Enter your text here> Impacted Market: (Indicate if the defect is observed for specific geography / market) <Enter your text here> ","4","Test","False","Others","","Accepted","","","07/07/2025 02:21 AM MST","","","","","07/31/2025 08:25 AM MST","","","","07/22/2025 10:00 AM MST","","","E_SLPM_ST15_CRR Rule Configuration","False","False","Requirements","","","Requirements","","","","Minor Problem","","Jatin Kumar","","07/25/2025 12:00 AM MST","0.0","0 Defined, 0 In-Progress, 0 Completed, 0 Blocked","","0 None Run, 0 Blocked, 0 Error, 0 Fail, 0 Inconclusive, 0 Pass","0.0",""
"DE678844","RC/RE: Getting incorrect category/element name on breadcrumb","US5895752: Test CRR RA-RR end to end functionalities","Closed","Low","Jatin Kumar","Accepted","AXP 25.3.13","AXP PI 25.3","","07/16/2025 09:47 PM MST","","False","False","","07/10/2025 05:43 AM MST","#df1a7b","Jatin Kumar","07/02/2025 08:24 AM MST","","","","","","","","Code","SIT Test","STR:Go to RC or RE listing page and create new RC or REGive input name with multiple spaces: j                      a                  t         i         nClick on created RC/RE and check breadcrumbActual: Not showing spaces in breadcrumb for RC and RE (PFA)Expected: Should display exact name with even multiple spaces for RC and RE on breadcrumb    Defects should be right-sized to be delivered within a Sprint/Iteration. Description: (Description of the Defect) <Enter your text here> Fault Product / Application: (Product / Application where the defect was identified) <Enter your text here> Other Product / Applications affected: (Other Product(s) / Application(s) impacted by the defect) <Enter your text here> Steps to Reproduce: (Short description on how to reproduce the defect) <Enter your text here> User Impact: (Approximate number of users impacted by this defect - if applicable) <Enter your text here> Impacted Market: (Indicate if the defect is observed for specific geography / market) <Enter your text here> ","2","Test","False","Others","","Accepted","","","07/07/2025 07:34 AM MST","","","","","08/03/2025 10:32 PM MST","","","","07/03/2025 07:58 AM MST","","","E_SLPM_ST15_CRR Rule Configuration","False","False","Code Change","","","Custom Code Issue","","","","Minor Problem","","Jatin Kumar","","07/21/2025 12:00 AM MST","0.0","0 Defined, 0 In-Progress, 0 Completed, 0 Blocked","","0 None Run, 0 Blocked, 0 Error, 0 Fail, 0 Inconclusive, 0 Pass","0.0",""
"DE680717","Discrepancy for Tooltips of Actions buttons","US5977981: Defects fixing","Closed","Normal","Satvik Jain","Accepted","AXP 25.3.15 IP","AXP PI 25.3","CRR_Deferred","08/04/2025 11:04 AM MST","","False","False","","08/04/2025 04:16 AM MST","#df1a7b","Jatin Kumar","07/11/2025 03:30 AM MST","","","","","","","","Other","SIT Test","STR:Go to RA, RC, RE, RR listing pagesHover on each Actions Column functionality buttonActual: On hovering to Actions respective button, displaying 2 tooltipsExpected: On hovering, it should display a single tooltip i.e, in black box  Defects should be right-sized to be delivered within a Sprint/Iteration. Description: (Description of the Defect) <Enter your text here> Fault Product / Application: (Product / Application where the defect was identified) <Enter your text here> Other Product / Applications affected: (Other Product(s) / Application(s) impacted by the defect) <Enter your text here> Steps to Reproduce: (Short description on how to reproduce the defect) <Enter your text here> User Impact: (Approximate number of users impacted by this defect - if applicable) <Enter your text here> Impacted Market: (Indicate if the defect is observed for specific geography / market) <Enter your text here> ","3","Test","False","Others","","Accepted","","","07/16/2025 09:39 PM MST","","","","","08/04/2025 09:48 PM MST","","","","07/16/2025 09:39 PM MST","","","E_SLPM_ST15_CRR Rule Configuration","False","False","User Interface","","","Configuration Issue","","","","Minor Problem","","Jatin Kumar","","08/18/2025 12:00 AM MST","0.0","0 Defined, 0 In-Progress, 0 Completed, 0 Blocked","","0 None Run, 0 Blocked, 0 Error, 0 Fail, 0 Inconclusive, 0 Pass","0.0",""
"DE680722","RR: Spacing discrepancy between lookback field and - button","US5977981: Defects fixing","Closed","Low","Satvik Jain","Accepted","AXP 25.3.15 IP","AXP PI 25.3","","08/18/2025 02:32 AM MST","","False","False","","08/18/2025 02:32 AM MST","#df1a7b","Jatin Kumar","07/11/2025 03:41 AM MST","","","","","","","","Code","SIT Test","STR:Go to Risk Rule Add PageAdd 3-4 Data points on Basic View where lookback field is present - Transaction Amount, Transaction Count, Cross Border Trans AmountSwitch to Advanced ViewActual: There is spacing or gaping between lookback field and - button (PFA)Expected: Should display same spacing or gaping between lookback field and - button for both Basic and Advanced viewNote: Tested on 100% window resolution  Defects should be right-sized to be delivered within a Sprint/Iteration. Description: (Description of the Defect) <Enter your text here> Fault Product / Application: (Product / Application where the defect was identified) <Enter your text here> Other Product / Applications affected: (Other Product(s) / Application(s) impacted by the defect) <Enter your text here> Steps to Reproduce: (Short description on how to reproduce the defect) <Enter your text here> User Impact: (Approximate number of users impacted by this defect - if applicable) <Enter your text here> Impacted Market: (Indicate if the defect is observed for specific geography / market) <Enter your text here> ","5","Test","False","Others","","Accepted","","","08/08/2025 03:18 AM MST","","","","","08/18/2025 02:32 AM MST","","","","08/08/2025 03:18 AM MST","","","E_SLPM_ST15_CRR Rule Configuration","False","False","User Interface","","","Custom Code Issue","","","","Minor Problem","","Jatin Kumar","","08/18/2025 12:00 AM MST","0.0","0 Defined, 0 In-Progress, 0 Completed, 0 Blocked","","0 None Run, 0 Blocked, 0 Error, 0 Fail, 0 Inconclusive, 0 Pass","0.0",""
"DE680742","SS: Incorrect textlines on Sandbox Simulation window","US5822149: Scroll above partition in the simulation screen","Closed","Low","Jatin Kumar","Accepted","AXP 25.3.15 IP","AXP PI 25.3","","08/18/2025 09:08 AM MST","","False","False","","08/18/2025 09:08 AM MST","#df1a7b","Jatin Kumar","07/11/2025 05:02 AM MST","","","","","","","","Code","SIT Test","STR:Go to sandbox tab and create a new assessmentGo to Risk Category page and click on 'View documentation' buttonVerify text fields on sandbox and simulation windowActual:(PFA)Modifications in the Sandbox as compared to ProductionProduct and ServicesExpected: (PFA)Modifications in this sandbox compared to productionProducts and Services     Defects should be right-sized to be delivered within a Sprint/Iteration. Description: (Description of the Defect) <Enter your text here> Fault Product / Application: (Product / Application where the defect was identified) <Enter your text here> Other Product / Applications affected: (Other Product(s) / Application(s) impacted by the defect) <Enter your text here> Steps to Reproduce: (Short description on how to reproduce the defect) <Enter your text here> User Impact: (Approximate number of users impacted by this defect - if applicable) <Enter your text here> Impacted Market: (Indicate if the defect is observed for specific geography / market) <Enter your text here> ","8","Test","False","Others","","Accepted","","","08/17/2025 10:48 PM MST","","","","","08/18/2025 09:08 AM MST","","","","08/17/2025 10:48 PM MST","1.0","","E_SLPM_ST15_CRR Rule Configuration","False","False","Code Change","","","Custom Code Issue","","","","Cosmetic","","Jatin Kumar","","08/18/2025 12:00 AM MST","0.0","0 Defined, 0 In-Progress, 0 Completed, 0 Blocked","","0 None Run, 0 Blocked, 0 Error, 0 Fail, 0 Inconclusive, 0 Pass","0.0",""
"DE680757","SS: Incorrect text message on cancelled dialog box","US5950004: Testing and Fixing of Previous Defects for CRR UI","Closed","Low","Jatin Kumar","Accepted","AXP 25.3.14","AXP PI 25.3","","07/31/2025 04:41 AM MST","","False","False","","07/31/2025 04:41 AM MST","#df1a7b","Jatin Kumar","07/11/2025 05:47 AM MST","","","","","","","","Code","SIT Test","STR:Go to Risk category and click on View Documentation buttonSubmit and Cancel sandbox simulationActual: Risk Assessment was cancled.Expected: Risk Assessment was cancelled successfully.   Defects should be right-sized to be delivered within a Sprint/Iteration. Description: (Description of the Defect) <Enter your text here> Fault Product / Application: (Product / Application where the defect was identified) <Enter your text here> Other Product / Applications affected: (Other Product(s) / Application(s) impacted by the defect) <Enter your text here> Steps to Reproduce: (Short description on how to reproduce the defect) <Enter your text here> User Impact: (Approximate number of users impacted by this defect - if applicable) <Enter your text here> Impacted Market: (Indicate if the defect is observed for specific geography / market) <Enter your text here> ","2","Test","False","Others","","Accepted","","","07/13/2025 09:55 PM MST","","","","","07/31/2025 04:44 AM MST","","","","07/22/2025 10:01 AM MST","","","E_SLPM_ST15_CRR Rule Configuration","False","False","Code Change","","","Requirements","","","","Cosmetic","","Jatin Kumar","","08/04/2025 12:00 AM MST","0.0","0 Defined, 0 In-Progress, 0 Completed, 0 Blocked","","0 None Run, 0 Blocked, 0 Error, 0 Fail, 0 Inconclusive, 0 Pass","0.0",""
"DE680971","SS: Input text box missing on Cancel and Implement Simulation window","US5949735: UI Modification of Sandbox Screen with Mandatory Reason and Comment","Closed","Normal","Satvik Jain","Accepted","AXP 25.3.14","AXP PI 25.3","","07/29/2025 10:19 PM MST","","False","False","","07/29/2025 10:19 PM MST","#df1a7b","Jatin Kumar","07/14/2025 01:45 AM MST","","","","","","","","Requirement","SIT Test","STR:Go to sandbox tab and create new risk assessmentGo to risk category listing page and click on view documentation buttonSubmit simulation and go to sandbox and simulation window againActual: Input text box missing on cancel simulation window.Expected: According to figma screen, Input text box should be displayed and editable on cancel window. NOTE: Same issue exists on all windows, please test for all the sandbox and simulation windows.  Defects should be right-sized to be delivered within a Sprint/Iteration. Description: (Description of the Defect) <Enter your text here> Fault Product / Application: (Product / Application where the defect was identified) <Enter your text here> Other Product / Applications affected: (Other Product(s) / Application(s) impacted by the defect) <Enter your text here> Steps to Reproduce: (Short description on how to reproduce the defect) <Enter your text here> User Impact: (Approximate number of users impacted by this defect - if applicable) <Enter your text here> Impacted Market: (Indicate if the defect is observed for specific geography / market) <Enter your text here> ","2","Test","False","Others","","Accepted","","","07/29/2025 10:19 PM MST","","","","","07/30/2025 12:06 AM MST","","","","","1.0","","E_SLPM_ST15_CRR Rule Configuration","False","False","Requirements","","","Requirements","","","","Minor Problem","","Jatin Kumar","","07/30/2025 12:00 AM MST","0.0","0 Defined, 0 In-Progress, 0 Completed, 0 Blocked","","0 None Run, 0 Blocked, 0 Error, 0 Fail, 0 Inconclusive, 0 Pass","0.0",""
"DE681615","Incorrect 'View documentation' tooltip for simulation button","US5950004: Testing and Fixing of Previous Defects for CRR UI","Closed","Low","SUNNY PANWAR","Accepted","AXP 25.3.14","AXP PI 25.3","","08/04/2025 09:49 PM MST","","False","False","","08/04/2025 08:51 AM MST","#df1a7b","SUNNY PANWAR","07/16/2025 02:53 AM MST","","","","","","","","Requirement","SIT Test","STR:Navigate to CRR under ISPNavigate to Sandbox tabClick on existing assessment or create a new assessmentHover on simulation icon on Risk Category listing page.Actual: View documentation text displayed.           Defects should be right-sized to be delivered within a Sprint/Iteration. Description: (Description of the Defect) <Enter your text here> Fault Product / Application: (Product / Application where the defect was identified) <Enter your text here> Other Product / Applications affected: (Other Product(s) / Application(s) impacted by the defect) <Enter your text here> Steps to Reproduce: (Short description on how to reproduce the defect) <Enter your text here> User Impact: (Approximate number of users impacted by this defect - if applicable) <Enter your text here> Impacted Market: (Indicate if the defect is observed for specific geography / market) <Enter your text here> ","3","Test","False","Others","","Accepted","","","07/30/2025 07:31 AM MST","","","","","08/04/2025 09:49 PM MST","","","","07/30/2025 07:32 AM MST","","","E_SLPM_ST15_CRR Rule Configuration","False","False","Requirements","","","Requirements","","","","Cosmetic","","SUNNY PANWAR","","08/04/2025 12:00 AM MST","0.0","0 Defined, 0 In-Progress, 0 Completed, 0 Blocked","","0 None Run, 0 Blocked, 0 Error, 0 Fail, 0 Inconclusive, 0 Pass","0.0",""
"DE681620","CRR - RA, RC, RE, RR features - bold fonts for dialog box","US5950004: Testing and Fixing of Previous Defects for CRR UI","Closed","Low","SUNNY PANWAR","Accepted","AXP 25.3.14","AXP PI 25.3","","08/04/2025 09:49 PM MST","","False","False","","08/04/2025 08:57 AM MST","#df1a7b","SUNNY PANWAR","07/16/2025 03:02 AM MST","","","","","","","","Code","SIT Test","STR:Navigate to sandboxPerform add, edit and delete actions for RA,RC,RE and REView Dialog Box fontsActual: Fonts are not bold.Expected: Fonts should be bold. Defects should be right-sized to be delivered within a Sprint/Iteration. Description: (Description of the Defect) <Enter your text here> Fault Product / Application: (Product / Application where the defect was identified) <Enter your text here> Other Product / Applications affected: (Other Product(s) / Application(s) impacted by the defect) <Enter your text here> Steps to Reproduce: (Short description on how to reproduce the defect) <Enter your text here> User Impact: (Approximate number of users impacted by this defect - if applicable) <Enter your text here> Impacted Market: (Indicate if the defect is observed for specific geography / market) <Enter your text here> ","2","Test","False","Others","","Accepted","","","07/30/2025 07:31 AM MST","","","","","08/04/2025 09:49 PM MST","","","","07/30/2025 07:32 AM MST","","","E_SLPM_ST15_CRR Rule Configuration","False","False","User Interface","","","Custom Code Issue","","","","Cosmetic","","SUNNY PANWAR","","08/04/2025 12:00 AM MST","0.0","0 Defined, 0 In-Progress, 0 Completed, 0 Blocked","","0 None Run, 0 Blocked, 0 Error, 0 Fail, 0 Inconclusive, 0 Pass","0.0",""
"DE682364","Discrepancy on risk rule edit page and risk rule listing page spinner message","US5950004: Testing and Fixing of Previous Defects for CRR UI","Closed","Low","Jatin Kumar","Accepted","AXP 25.3.14","AXP PI 25.3","","07/31/2025 04:38 AM MST","","False","False","","07/31/2025 04:38 AM MST","#df1a7b","Jatin Kumar","07/18/2025 06:37 AM MST","","","","","","","","Code","SIT Test","STR:Observation1:Create 2 risk rules: jatin and satvikedit jatin risk ruleselect satvik from select rule drop downsave the changesActual: You will observe, behind save dialog box, selected rule getting changed from satvik to jatinExpected: Selected rule should be remain same even after saving the changes Observation2:Create 2 risk rules jatin and satvikNow you are on risk rule listing pageGo back to risk element page and navigate again to risk rule listing pageActual: You will observe, spinner message """"No configuration exist. Create New Configuration."""" gets displayed first then displays created risk rules after 1-2 seconds.     Defects should be right-sized to be delivered within a Sprint/Iteration. Description: (Description of the Defect) <Enter your text here> Fault Product / Application: (Product / Application where the defect was identified) <Enter your text here> Other Product / Applications affected: (Other Product(s) / Application(s) impacted by the defect) <Enter your text here> Steps to Reproduce: (Short description on how to reproduce the defect) <Enter your text here> User Impact: (Approximate number of users impacted by this defect - if applicable) <Enter your text here> Impacted Market: (Indicate if the defect is observed for specific geography / market) <Enter your text here> ","2","Test","False","Others","","Accepted","","","07/29/2025 09:19 PM MST","","","","","07/31/2025 04:38 AM MST","","","Please reach out to QA for any clarification needed.","07/29/2025 09:19 PM MST","","","E_SLPM_ST15_CRR Rule Configuration","False","False","Code Change","","","Custom Code Issue","","","","Minor Problem","Code","Jatin Kumar","","08/04/2025 12:00 AM MST","0.0","0 Defined, 0 In-Progress, 0 Completed, 0 Blocked","","0 None Run, 0 Blocked, 0 Error, 0 Fail, 0 Inconclusive, 0 Pass","0.0",""
"DE683405","RR: Getting error on updating risk rule market setting window","US5950004: Testing and Fixing of Previous Defects for CRR UI","Closed","High Attention","SUNNY PANWAR","Accepted","AXP 25.3.14","AXP PI 25.3","","08/04/2025 09:49 PM MST","","False","False","","07/30/2025 10:54 PM MST","#df1a7b","SUNNY PANWAR","07/23/2025 05:56 AM MST","","","","","","","","Code;Environment","SIT Test","STR:Create Risk RuleClick on market setting window on Risk Rule listing page.Click on """"Save"""" buttonActual: getting error message - """"Unable to save changes. Please contact support""""Expected: market setting window inputs should be saved and details should be reflected on RR listing page Also network tab shows error for updateMarketSetting api - {   """"error"""": """"could not execute statement [No value specified for parameter 10.] [insert into tcrrd00.ruleset_risk_mthd (creat_ts,creat_user_id,lst_updt_ts,lst_updt_user_id,iso_alpha2_ctry_cd,risk_assess_id,risk_assess_vsn_no,risk_elem_id,rule_set_id,risk_assess_id,risk_assess_vsn_no,risk_elem_id,risk_mthd_cd,rule_set_id,iso_alpha2_ctry_cd) values (?,?,?,?,?,?,?,?,?,?,?,?,?,?,?)]; SQL [insert into tcrrd00.ruleset_risk_mthd (creat_ts,creat_user_id,lst_updt_ts,lst_updt_user_id,iso_alpha2_ctry_cd,risk_assess_id,risk_assess_vsn_no,risk_elem_id,rule_set_id,risk_assess_id,risk_assess_vsn_no,risk_elem_id,risk_mthd_cd,rule_set_id,iso_alpha2_ctry_cd) values (?,?,?,?,?,?,?,?,?,?,?,?,?,?,?)]""""}      Defects should be right-sized to be delivered within a Sprint/Iteration. Description: (Description of the Defect) <Enter your text here> Fault Product / Application: (Product / Application where the defect was identified) <Enter your text here> Other Product / Applications affected: (Other Product(s) / Application(s) impacted by the defect) <Enter your text here> Steps to Reproduce: (Short description on how to reproduce the defect) <Enter your text here> User Impact: (Approximate number of users impacted by this defect - if applicable) <Enter your text here> Impacted Market: (Indicate if the defect is observed for specific geography / market) <Enter your text here> ","3","Test","False","Others","","Accepted","","","07/23/2025 06:17 AM MST","","","E2","08/11/2025 10:40 AM MST","08/11/2025 10:40 AM MST","","","","07/23/2025 06:17 AM MST","","","E_SLPM_ST15_CRR Rule Configuration","False","False","Code Change","","","Deployment Issue","","","","Major Problem","","SUNNY PANWAR","","08/04/2025 12:00 AM MST","0.0","0 Defined, 0 In-Progress, 0 Completed, 0 Blocked","","0 None Run, 0 Blocked, 0 Error, 0 Fail, 0 Inconclusive, 1 Pass","0.0",""
"DE683668","RA : Delete api is not working for all sanbox versions and specific ra id and version","US5950004: Testing and Fixing of Previous Defects for CRR UI","Closed","High Attention","SUNNY PANWAR","Accepted","AXP 25.3.14","AXP PI 25.3","crr-api","08/04/2025 09:49 PM MST","","False","False","","07/30/2025 10:54 PM MST","#df1a7b","SUNNY PANWAR","07/24/2025 12:42 AM MST","","","","","","","","Code","SIT Test","Steps to Reproduce:Create any new Risk assessment either from UI or api call.Fetch id, version, scopeCode, name , desc, userId from response or network tab.Hit Delete API - /api/v1/crr/riskAssessments/:riskAssessmentId/:riskAssessmentVersion with above data.Hit Delete API - /api/v1/crr/riskAssessments/allSandboxVersions  with above data.Verify the response.Actual: Getting 500 status code for specific ra id and version and getting 408 request timeout for all sandbox versionExpected: 200 status code should come with message - Assessment deleted successfully. Screenshot:      Defects should be right-sized to be delivered within a Sprint/Iteration. Description: (Description of the Defect) <Enter your text here> Fault Product / Application: (Product / Application where the defect was identified) <Enter your text here> Other Product / Applications affected: (Other Product(s) / Application(s) impacted by the defect) <Enter your text here> Steps to Reproduce: (Short description on how to reproduce the defect) <Enter your text here> User Impact: (Approximate number of users impacted by this defect - if applicable) <Enter your text here> Impacted Market: (Indicate if the defect is observed for specific geography / market) <Enter your text here> ","2","Test","False","Others","","Accepted","","","07/24/2025 04:03 AM MST","","","","","08/09/2025 01:28 PM MST","","","","07/24/2025 02:50 AM MST","","","E_SLPM_ST15_CRR Rule Configuration","False","False","Code Change","","","Custom Code Issue","","","","Major Problem","","SUNNY PANWAR","","08/04/2025 12:00 AM MST","0.0","0 Defined, 0 In-Progress, 0 Completed, 0 Blocked","","0 None Run, 0 Blocked, 0 Error, 0 Fail, 0 Inconclusive, 0 Pass","0.0",""
"DE684252","RA: Not able to create new risk assessment","US5950004: Testing and Fixing of Previous Defects for CRR UI","Closed","Resolve Immediately","Jatin Kumar","Accepted","AXP 25.3.14","AXP PI 25.3","","07/31/2025 04:21 AM MST","","False","False","","07/31/2025 04:21 AM MST","#df1a7b","Jatin Kumar","07/28/2025 04:32 AM MST","","","","","","","","Code","SIT Test","STR:Go to Sanbox tabCreate new risk assessment, Take Scope:  ChinaActual: Getting Error while adding new risk assessment: {""""error"""":""""Query did not return a unique result: 3 results were returned""""}Expected: Must Add risk assessment, displayed on RA listing page  Defects should be right-sized to be delivered within a Sprint/Iteration. Description: (Description of the Defect) <Enter your text here> Fault Product / Application: (Product / Application where the defect was identified) <Enter your text here> Other Product / Applications affected: (Other Product(s) / Application(s) impacted by the defect) <Enter your text here> Steps to Reproduce: (Short description on how to reproduce the defect) <Enter your text here> User Impact: (Approximate number of users impacted by this defect - if applicable) <Enter your text here> Impacted Market: (Indicate if the defect is observed for specific geography / market) <Enter your text here> ","2","Test","False","Others","","Accepted","","","07/28/2025 09:36 PM MST","","","","","07/31/2025 04:21 AM MST","","","","07/28/2025 09:36 PM MST","","","E_SLPM_ST15_CRR Rule Configuration","False","False","Code Change","","","Custom Code Issue","","","","Major Problem","","Jatin Kumar","","08/04/2025 12:00 AM MST","0.0","0 Defined, 0 In-Progress, 0 Completed, 0 Blocked","","0 None Run, 0 Blocked, 0 Error, 0 Fail, 0 Inconclusive, 0 Pass","0.0",""
"DE684483","RA: Getting conflict error when trying to create the Risk Assessment with a name which is deleted earlier","US5950004: Testing and Fixing of Previous Defects for CRR UI","Closed","Resolve Immediately","SUNNY PANWAR","Accepted","AXP 25.3.14","AXP PI 25.3","","08/04/2025 09:49 PM MST","","False","False","","07/30/2025 10:54 PM MST","#df1a7b","SUNNY PANWAR","07/29/2025 02:39 AM MST","","","","","","","","Code","SIT Test","STR: Create a New Risk Assessment from Sandbox - RA_1857Delete the created Risk AssessmentCreate the new Risk Assessment with name - RA_1857Check the network tab for Risk Assessment - 409 getting conflictExpected - Unable to save the changes.Actual - Risk Assessment should be created successfully. Screenshots      Defects should be right-sized to be delivered within a Sprint/Iteration. Description: (Description of the Defect) <Enter your text here> Fault Product / Application: (Product / Application where the defect was identified) <Enter your text here> Other Product / Applications affected: (Other Product(s) / Application(s) impacted by the defect) <Enter your text here> Steps to Reproduce: (Short description on how to reproduce the defect) <Enter your text here> User Impact: (Approximate number of users impacted by this defect - if applicable) <Enter your text here> Impacted Market: (Indicate if the defect is observed for specific geography / market) <Enter your text here> ","2","Test","False","Others","","Accepted","","","07/29/2025 03:21 AM MST","","","","","08/09/2025 01:28 PM MST","","","","07/29/2025 03:21 AM MST","","","E_SLPM_ST15_CRR Rule Configuration","False","False","Code Change","","","Custom Code Issue","","","","Major Problem","","SUNNY PANWAR","","08/04/2025 12:00 AM MST","0.0","0 Defined, 0 In-Progress, 0 Completed, 0 Blocked","","0 None Run, 0 Blocked, 0 Error, 0 Fail, 0 Inconclusive, 0 Pass","0.0",""
"DE684635","SS: User able to submit sandbox after deletion of risk rule on dual screen","US5950004: Testing and Fixing of Previous Defects for CRR UI","Closed","High Attention","Satvik Jain","Accepted","AXP 25.3.14","AXP PI 25.3","","08/04/2025 04:10 AM MST","","False","False","","08/04/2025 04:10 AM MST","#df1a7b","Jatin Kumar","07/29/2025 10:48 AM MST","","","","","","","","Requirement","SIT Test","STR:Create new ra, rc, re, rrBe on rr listing page and create duplicate tab from same tabOn first tab, go to Sanbox and simulation window via risk category, presently displaying enabled SUBMIT buttonOn second tab, delete created risk ruleGo back to first tab, click on submit button and submit it.Actual: With the deletion of risk rule, user is able to submit sandbox and moving to status : In progressExpected: User should get some backend error message while submitting a sandbox   Defects should be right-sized to be delivered within a Sprint/Iteration. Description: (Description of the Defect) <Enter your text here> Fault Product / Application: (Product / Application where the defect was identified) <Enter your text here> Other Product / Applications affected: (Other Product(s) / Application(s) impacted by the defect) <Enter your text here> Steps to Reproduce: (Short description on how to reproduce the defect) <Enter your text here> User Impact: (Approximate number of users impacted by this defect - if applicable) <Enter your text here> Impacted Market: (Indicate if the defect is observed for specific geography / market) <Enter your text here> ","1","Test","False","Others","","Accepted","","","08/04/2025 04:10 AM MST","","","","","08/04/2025 04:10 AM MST","","","","","","","E_SLPM_ST15_CRR Rule Configuration","False","False","Requirements","","","Requirements","","","","Major Problem","","Jatin Kumar","","08/04/2025 12:00 AM MST","0.0","0 Defined, 0 In-Progress, 0 Completed, 0 Blocked","","0 None Run, 0 Blocked, 0 Error, 0 Fail, 0 Inconclusive, 0 Pass","0.0",""
"DE687001","API exposes internal DB details when saving invalid value from Edit Risk Threshold","US5984348: Perform Sanity and Retesting of Defects","Closed","High Attention","SUNNY PANWAR","Accepted","AXP 25.3.15 IP","AXP PI 25.3","crr-api","08/18/2025 02:22 AM MST","","False","False","","08/17/2025 10:44 PM MST","#df1a7b","SUNNY PANWAR","08/10/2025 11:06 PM MST","","","","","","","","Code","SIT Test","When an invalid numeric value (more than 5 digits) is sent from the Edit Risk Threshold screen, the API returns a detailed SQL error message, revealing database schema and query information. endpoint - https://crrruleconfigurer-qaguse4.aexp.com/api/v1/crr/riskThresholdsmethod - PUTpayload - {""""riskAssessSta"""":""""SANDBOX"""",""""riskThresholds"""":[{""""riskAssessScoreNo"""":""""01"""",""""lowThldRiskScoreNo"""":1},{""""riskAssessScoreNo"""":""""02"""",""""lowThldRiskScoreNo"""":11},{""""riskAssessScoreNo"""":""""03"""",""""lowThldRiskScoreNo"""":111},{""""riskAssessScoreNo"""":""""04"""",""""lowThldRiskScoreNo"""":1111},{""""riskAssessScoreNo"""":""""05"""",""""lowThldRiskScoreNo"""":1112},{""""riskAssessScoreNo"""":""""06"""",""""lowThldRiskScoreNo"""":1114},{""""riskAssessScoreNo"""":""""07"""",""""lowThldRiskScoreNo"""":1115},{""""riskAssessScoreNo"""":""""08"""",""""lowThldRiskScoreNo"""":1117},{""""riskAssessScoreNo"""":""""09"""",""""lowThldRiskScoreNo"""":""""999999""""}],""""userId"""":""""8249557-sunny panwar""""} response - {   """"error"""": """"could not execute statement [ERROR: numeric field overflow\n  Detail: A field with precision 5, scale 0 must round to an absolute value less than 10^5.]     [update tcrrd00.risk_score_thld_config set creat_ts=?,creat_user_id=?,latest_thld_risk_rt_in=?,low_thld_risk_rt_no=?,risk_assess_score_no=?,risk_assess_prod_sta_in=?,lst_updt_ts=?,lst_updt_user_id=? where risk_score_thld_config_id=?]; SQL [update tcrrd00.risk_score_thld_config set creat_ts=?,creat_user_id=?,latest_thld_risk_rt_in=?,low_thld_risk_rt_no=?,risk_assess_score_no=?,risk_assess_prod_sta_in=?,lst_updt_ts=?,lst_updt_user_id=? where risk_score_thld_config_id=?]""""} Expected Result:The API should return a user-friendly error like """"Value must be less than 100000"""", without exposing SQL or schema details.Actual Result:The API returns raw database error text including schema/table name and SQL statement.Impact:Security Risk: Reveals internal DB schema and query structure.     Defects should be right-sized to be delivered within a Sprint/Iteration. Description: (Description of the Defect) <Enter your text here> Fault Product / Application: (Product / Application where the defect was identified) <Enter your text here> Other Product / Applications affected: (Other Product(s) / Application(s) impacted by the defect) <Enter your text here> Steps to Reproduce: (Short description on how to reproduce the defect) <Enter your text here> User Impact: (Approximate number of users impacted by this defect - if applicable) <Enter your text here> Impacted Market: (Indicate if the defect is observed for specific geography / market) <Enter your text here> ","2","Test","False","Others","","Accepted","","","08/13/2025 06:29 AM MST","","","","","11/17/2025 02:37 AM MST","","","","","","","E_SLPM_ST15_CRR Rule Configuration","False","False","Code Change","","","Custom Code Issue","","","","Minor Problem","Code","SUNNY PANWAR","","08/18/2025 12:00 AM MST","0.0","0 Defined, 0 In-Progress, 0 Completed, 0 Blocked","","0 None Run, 0 Blocked, 0 Error, 0 Fail, 0 Inconclusive, 0 Pass","0.0",""
"DE687009","UI Validation Missing in “Edit Risk Threshold” Screen","US5984348: Perform Sanity and Retesting of Defects","Closed","High Attention","SUNNY PANWAR","Accepted","AXP 25.3.15 IP","AXP PI 25.3","","08/18/2025 02:22 AM MST","","False","False","","08/14/2025 09:18 PM MST","#df1a7b","SUNNY PANWAR","08/10/2025 11:29 PM MST","","","","","","","","Code","SIT Test","UI allows entering more than 5 digits in Edit Risk Threshold screen.On the Edit Risk Threshold screen, the numeric fields allow entering values with more than 5 digits. When such values are saved, the API fails due to database constraints. Steps to Reproduce:1. Navigate to the “Edit Risk Threshold” screen.2. Enter a numeric value greater than 99999 in any threshold-related field.3. Click Save. Expected Result:UI should restrict numeric input to a maximum of 5 digits before sending the request to the API.Actual Result:UI accepts larger values and sends them to the API, leading to backend failure. Impact:Invalid values cause avoidable API errors.Poor user experience as error is only visible after submission. ","3","Test","False","Others","","Accepted","","","08/11/2025 09:37 AM MST","","","E2","08/14/2025 09:19 PM MST","08/18/2025 02:22 AM MST","","","","08/11/2025 09:37 AM MST","","","E_SLPM_ST15_CRR Rule Configuration","False","False","Requirements","","","Requirements","","","","Minor Problem","","SUNNY PANWAR","","08/18/2025 12:00 AM MST","0.0","0 Defined, 0 In-Progress, 0 Completed, 0 Blocked","","0 None Run, 0 Blocked, 0 Error, 0 Fail, 0 Inconclusive, 1 Pass","0.0",""
"DE687457","UI/RR: Creating duplicate data points on saving risk rule","US5984348: Perform Sanity and Retesting of Defects","Closed","Normal","Jatin Kumar","Accepted","AXP 25.3.15 IP","AXP PI 25.3","","08/18/2025 03:55 AM MST","","False","False","","08/18/2025 03:55 AM MST","#df1a7b","Jatin Kumar","08/12/2025 08:31 AM MST","","","","","","","","Code","SIT Test","STR:Go to risk rule and add new risk rule - NewRule123Add Data point : Center Code, Any operator, Any ValueEdit NewRule123 and DOUBLE click on Save buttonActual: On double click on save button, creating duplicate data points for existing data pointsExpected: On Saving, it should not create duplicated data points   Defects should be right-sized to be delivered within a Sprint/Iteration. Description: (Description of the Defect) <Enter your text here> Fault Product / Application: (Product / Application where the defect was identified) <Enter your text here> Other Product / Applications affected: (Other Product(s) / Application(s) impacted by the defect) <Enter your text here> Steps to Reproduce: (Short description on how to reproduce the defect) <Enter your text here> User Impact: (Approximate number of users impacted by this defect - if applicable) <Enter your text here> Impacted Market: (Indicate if the defect is observed for specific geography / market) <Enter your text here> ","2","Test","False","Others","","Accepted","","","08/12/2025 11:03 AM MST","","","","","08/18/2025 03:55 AM MST","","","","08/12/2025 09:04 AM MST","","","E_SLPM_ST15_CRR Rule Configuration","False","False","Code Change","","","Custom Code Issue","","","","Major Problem","","Jatin Kumar","","08/15/2025 12:00 AM MST","0.0","0 Defined, 0 In-Progress, 0 Completed, 0 Blocked","","0 None Run, 0 Blocked, 0 Error, 0 Fail, 0 Inconclusive, 0 Pass","0.0",""
"DE687469","Add Risk Rule button disabled when deleting existing risk rule & Applicability field default value incorrect on RR listing page","US5984348: Perform Sanity and Retesting of Defects","Closed","High Attention","SUNNY PANWAR","Accepted","AXP 25.3.15 IP","AXP PI 25.3","crr-ui","08/18/2025 02:22 AM MST","","False","False","","08/17/2025 11:04 PM MST","#df1a7b","SUNNY PANWAR","08/12/2025 09:30 AM MST","","","","","","","","Code","SIT Test","On the Risk Rule Listing page, the following issues are observed:Add Risk Rule button disabled• When an existing Risk Rule is deleted, the Add Risk Rule button remains disabled instead of becoming active. This prevents the user from adding a new risk rule without refreshing the page. Also if user navigates back to risk element, risk category then there also button is disabled. Applicability field default value incorrect• In the risk rule listing page, the Applicability field is showing only “All” as the default value.• Expected default options: All, Entity, Individual, Intermediaries Steps to Reproduce:Navigate to Risk Rule Listing page.Create a new risk rule and add it and navigate to listing pageDelete created risk rule.Observe the Add Risk Rule button status (it remains disabled).Click on Add Risk Rule (if enabled after refresh).Observe the Applicability field default value for created risk ruleExpected Result:    •    After deleting a risk rule, the Add Risk Rule button should remain enabled without requiring a page refresh.    •    The Applicability field should display default values: All, Entity, Individual, Intermediaries.Actual Result:    •    Add Risk Rule button remains disabled after deletion until page refresh.    •    Applicability field shows only “All” by default.","1","Test","False","Others","","Accepted","","","08/12/2025 08:36 PM MST","","","","","08/18/2025 02:22 AM MST","","","","08/14/2025 07:15 AM MST","","","E_SLPM_ST15_CRR Rule Configuration","False","False","Code Change","","","Custom Code Issue","","","","Major Problem","","SUNNY PANWAR","","08/15/2025 12:00 AM MST","0.0","0 Defined, 0 In-Progress, 0 Completed, 0 Blocked","","0 None Run, 0 Blocked, 0 Error, 0 Fail, 0 Inconclusive, 0 Pass","0.0",""
"DE687472","“All” checkbox in Applicability does not auto-select remaining checkboxes in Risk Rule Setting window","US5984348: Perform Sanity and Retesting of Defects","Closed","Normal","SUNNY PANWAR","Accepted","AXP 25.3.15 IP","AXP PI 25.3","crr-ui","08/18/2025 02:22 AM MST","","False","False","","08/17/2025 10:57 PM MST","#df1a7b","SUNNY PANWAR","08/12/2025 09:43 AM MST","","","","","","","","Code","SIT Test","In the Risk Rule Setting window, the Applicability section has four checkboxes:AllEntityIndividualIntermediariesCurrently, when the “All” checkbox is checked (default), the other three checkboxes (Entity, Individual, Intermediaries) remain unchecked. This is inconsistent with the meaning of “All” and can cause confusion. Steps to Reproduce:Navigate to Risk Rule Setting window.Observe the Applicability section with four checkboxes.Check or view the state of the “All” checkbox.Expected Result:• If “All” is selected, the other three checkboxes (Entity, Individual, Intermediaries) should also be automatically selected to reflect the meaning of “All”.Actual Result:• “All” is selected, but Entity, Individual, and Intermediaries remain unchecked.Impact:• Misleading UI behavior may result in incorrect rule applicability selection and potential functional errors in risk rule application.","2","Test","False","Others","","Accepted","","","08/12/2025 08:34 PM MST","","","","","08/18/2025 02:22 AM MST","","","","","","","E_SLPM_ST15_CRR Rule Configuration","False","False","Code Change","","","Custom Code Issue","","","","Minor Problem","Code","SUNNY PANWAR","","08/15/2025 12:00 AM MST","0.0","0 Defined, 0 In-Progress, 0 Completed, 0 Blocked","","0 None Run, 0 Blocked, 0 Error, 0 Fail, 0 Inconclusive, 0 Pass","0.0",""
"DE687639","UI/SS: Getting disabled-deleted risk categories for current sandbox","US5984348: Perform Sanity and Retesting of Defects","Closed","High Attention","Jatin Kumar","Accepted","AXP 25.3.15 IP","AXP PI 25.3","","08/18/2025 09:20 AM MST","","False","False","","08/18/2025 09:20 AM MST","#df1a7b","Jatin Kumar","08/12/2025 11:50 PM MST","","","","","","","","Requirement","SIT Test","STR:Go to risk category listing pageCreate new risk category (Risk_Cat1)-> Note: if there is already enterprise category present then it means enterprise is already merged to production state and getting displayed with the copy functionality applied. And, it should be displayed on simulation windowSuppose on RC listing page, we have enterprise level category within same assessment i'e, Category_XX2 and newly created Risk_Cat1Now, click on simulation button and check for categories listActual: All categories linked with same assessment, getting displayed in disabled-deleted stateExpected: All categories linked with same assessment should displayed in enabled state and user able to expand it  Defects should be right-sized to be delivered within a Sprint/Iteration. Description: (Description of the Defect) <Enter your text here> Fault Product / Application: (Product / Application where the defect was identified) <Enter your text here> Other Product / Applications affected: (Other Product(s) / Application(s) impacted by the defect) <Enter your text here> Steps to Reproduce: (Short description on how to reproduce the defect) <Enter your text here> User Impact: (Approximate number of users impacted by this defect - if applicable) <Enter your text here> Impacted Market: (Indicate if the defect is observed for specific geography / market) <Enter your text here> ","2","Test","False","Others","","Accepted","","","08/13/2025 02:46 AM MST","","","","","08/18/2025 09:20 AM MST","","","","","","","E_SLPM_ST15_CRR Rule Configuration","False","False","Code Change","","","Custom Code Issue","","","","Major Problem","","Jatin Kumar","","08/15/2025 12:00 AM MST","0.0","0 Defined, 0 In-Progress, 0 Completed, 0 Blocked","","0 None Run, 0 Blocked, 0 Error, 0 Fail, 0 Inconclusive, 0 Pass","0.0",""
"DE687653","UI/RR: Able to Add/Save risk rule with incorrect custom rule condition value in advance view","US5984348: Perform Sanity and Retesting of Defects","Closed","Normal","SUNNY PANWAR","Accepted","AXP 25.4.16","AXP PI 25.4","","08/31/2025 11:09 AM MST","","False","False","","08/26/2025 11:35 AM MST","#df1a7b","SUNNY PANWAR","08/13/2025 12:40 AM MST","","","","","","","","Code","SIT Test","STR:click on Add Risk Rulenavigate to advance viewinput description value - testinput custom field value - AAAAAA1AAAAAAAAAAAAAAAAAAAAAAAAAAAAAAAAAAAAAAAAAAAAAAAAAAAAclick on ADD buttonActual Result - User able to Add the risk rule with incorrect value to custom rule field.Expected Result - 1. Add button should be disabled 2. Filter condition is malformed message should display if incorrect and invalid value provided in custom rule condition.","6","Test","False","Others","","Accepted","","","08/18/2025 04:19 AM MST","","","","","08/31/2025 11:09 AM MST","","","","08/18/2025 07:27 AM MST","","","E_SLPM_ST15_CRR Rule Configuration","False","False","Code Change","","","Custom Code Issue","","","","Minor Problem","Code","SUNNY PANWAR","","08/15/2025 12:00 AM MST","0.0","0 Defined, 0 In-Progress, 0 Completed, 0 Blocked","","0 None Run, 0 Blocked, 0 Error, 0 Fail, 0 Inconclusive, 0 Pass","0.0",""
"DE688435","UI/SS: Allowing simulation submit with spacing characters on Reason textbox","US6055861: Submit restriction when reason with just a space is submitted for minimum 5 characters","Submitted","Low","Amit Maity","Defined","AXP 25.5.23","AXP PI 25.5","CRR_Deferred","","","False","False","","","#df1a7b","Jatin Kumar","08/18/2025 03:28 AM MST","","","","","","","","Requirement","SIT Test","STR:Create new risk assessment (Consider copy functionality enabled)Click on simulation buttonProvide spaces on Reason boxActual: Submit button getting Enabled with providing spaces on Reason text boxExpected: Reason textbox should not allow spaces and submit button kept as in disabled state. Submit button can be enabled with atleast a character.  Note: Please fix this on all simulation windows.      Defects should be right-sized to be delivered within a Sprint/Iteration. Description: (Description of the Defect) <Enter your text here> Fault Product / Application: (Product / Application where the defect was identified) <Enter your text here> Other Product / Applications affected: (Other Product(s) / Application(s) impacted by the defect) <Enter your text here> Steps to Reproduce: (Short description on how to reproduce the defect) <Enter your text here> User Impact: (Approximate number of users impacted by this defect - if applicable) <Enter your text here> Impacted Market: (Indicate if the defect is observed for specific geography / market) <Enter your text here> ","2","Test","False","Others","","Defined","","","","","","","","11/24/2025 12:26 AM MST","","","","","","","E_SLPM_ST15_CRR Rule Configuration","False","False","Requirements","","","Requirements","","","","Minor Problem","Change in Requirement","Jatin Kumar","","12/08/2025 12:00 AM MST","0.0","0 Defined, 0 In-Progress, 0 Completed, 0 Blocked","","0 None Run, 0 Blocked, 0 Error, 0 Fail, 0 Inconclusive, 0 Pass","0.0",""
"DE688658","API : Getting null risk assessment id and version in response for POST risk category calls","US6067644: Fix defects raised in the Previous Sprint","Closed","Normal","SUNNY PANWAR","Accepted","AXP 25.4.17","AXP PI 25.4","crr-api","09/15/2025 09:09 AM MST","","False","False","","09/15/2025 01:30 AM MST","#df1a7b","SUNNY PANWAR","08/18/2025 09:47 PM MST","","","","","","","","Code","SIT Test","STRPOST 'https://crrruleconfigurer-qaguse4.aexp.com/api/v1/crr/riskCategory?validateOnly=false'request body - { """"riskAssessmentId"""": 269, """"riskAssessmentVersion"""": 1, """"riskCategoryDescription"""": """"rc-desc"""", """"riskCategoryName"""": """"rc-1"""", """"userId"""": """"8202683-ISP Administrator""""}response body - {   """"riskCategoryId"""": 231,   """"riskCategoryName"""": """"rc-1"""",   """"riskCategoryDescription"""": """"rc-desc"""",   """"riskAssessmentId"""": null,   """"riskAssessmentVersion"""": null}expected - risk assessment id and version should not be nullactual - risk assessment id and version is null ","4","Test","False","Others","","Accepted","","","09/15/2025 01:30 AM MST","","","","","09/15/2025 09:09 AM MST","","","","","","","E_SLPM_ST15_CRR Rule Configuration","False","False","Code Change","","","Custom Code Issue","","","","Minor Problem","Code","SUNNY PANWAR","","09/10/2025 12:00 AM MST","0.0","0 Defined, 0 In-Progress, 0 Completed, 0 Blocked","","0 None Run, 0 Blocked, 0 Error, 0 Fail, 0 Inconclusive, 0 Pass","0.0",""
"DE688659","API : Getting null risk assessment id and version in response for PUT risk category calls","US6067644: Fix defects raised in the Previous Sprint","Closed","Normal","SUNNY PANWAR","Accepted","AXP 25.4.17","AXP PI 25.4","crr-api","09/15/2025 09:09 AM MST","","False","False","","09/15/2025 01:15 AM MST","#df1a7b","SUNNY PANWAR","08/18/2025 09:48 PM MST","","","","","","","","Code","SIT Test","STRPUT 'https://crrruleconfigurer-qaguse4.aexp.com/api/v1/crr/riskCategory?validateOnly=false'request body - { """"riskAssessmentId"""": 269, """"riskAssessmentVersion"""": 1, """"riskCategoryDescription"""": """"test"""", """"riskCategoryName"""": """"test-desc"""", """"userId"""": """"8202683-ISP Administrator"""", """"riskCategoryId"""": 220}response body - {   """"riskCategoryId"""": 220,   """"riskCategoryName"""": """"test-desc"""",   """"riskCategoryDescription"""": """"test"""",   """"riskAssessmentId"""": null,   """"riskAssessmentVersion"""": null}expected - risk assessment id and version should not be nullactual - risk assessment id and version is null ","3","Test","False","Others","","Accepted","","","09/09/2025 11:22 PM MST","","","","","09/15/2025 09:09 AM MST","","","","","","","E_SLPM_ST15_CRR Rule Configuration","False","False","Code Change","","","Custom Code Issue","","","","Minor Problem","Code","SUNNY PANWAR","","09/10/2025 12:00 AM MST","0.0","0 Defined, 0 In-Progress, 0 Completed, 0 Blocked","","0 None Run, 0 Blocked, 0 Error, 0 Fail, 0 Inconclusive, 0 Pass","0.0",""
"DE688661","API : Getting null risk assessment id and version in response for GET risk category calls","US6067644: Fix defects raised in the Previous Sprint","Closed","Normal","SUNNY PANWAR","Accepted","AXP 25.4.17","AXP PI 25.4","crr-api","09/15/2025 09:09 AM MST","","False","False","","09/15/2025 01:16 AM MST","#df1a7b","SUNNY PANWAR","08/18/2025 09:52 PM MST","","","","","","","","Code","SIT Test","STRGET 'https://crrruleconfigurer-qaguse4.aexp.com/api/v1/crr/riskCategory/withAssessment/270/1/C0'response body - {   """"riskAssessmentId"""": 270,   """"riskAssessmentVersion"""": 1,   """"riskCategories"""": [       {           """"riskCategoryId"""": 221,           """"riskCategoryName"""": """"RC-Create-rJ7s"""",           """"riskCategoryDescription"""": """"RC-Desc-jBib"""",           """"riskAssessmentId"""": null,           """"riskAssessmentVersion"""": null       }   ]}expected - risk assessment id and version should not be nullactual - risk assessment id and version is null ","3","Test","False","Others","","Accepted","","","09/09/2025 11:22 PM MST","","","","","09/15/2025 09:09 AM MST","","","","","","","E_SLPM_ST15_CRR Rule Configuration","False","False","Code Change","","","Custom Code Issue","","","","Minor Problem","Code","SUNNY PANWAR","","09/10/2025 12:00 AM MST","0.0","0 Defined, 0 In-Progress, 0 Completed, 0 Blocked","","0 None Run, 0 Blocked, 0 Error, 0 Fail, 0 Inconclusive, 0 Pass","0.0",""
"DE688668","UI : not able to create Risk Assessment due to internal failed call for Copy Functionality api","US5995321: Perform Sanity and Retesting of Defects","Closed","Resolve Immediately","SUNNY PANWAR","Accepted","AXP 25.4.16","AXP PI 25.4","","09/01/2025 07:47 AM MST","","False","False","","08/19/2025 11:08 PM MST","#df1a7b","SUNNY PANWAR","08/18/2025 10:34 PM MST","","","","","","","","Code","SIT Test","STRnavigate to isp>crrclick on Add Risk Assessmentinput name , description and scopeclick add buttonexpected - risk assessment should be added successfully.actual - 1. on ui - showing unable to save the changes.2. on network tab - getting error call for copy functionality - {   """"error"""": """"JDBC exception executing SQL [select rs1_0.iso_alpha2_ctry_cd,rs1_0.risk_assess_id,rs1_0.risk_assess_vsn_no,rs1_0.risk_elem_id,rs1_0.rule_set_id,rs1_0.creat_ts,rs1_0.creat_user_id,rs1_0.mult_da_pt_id,rs1_0.dflt_mult_no,rs1_0.dflt_wt_no,rs1_0.lst_updt_ts,rs1_0.lst_updt_user_id,rs1_0.mult_optn_id,rs1_0.rule_set_cond_tx,rs1_0.rule_set_ds,rs1_0.ruleset_mult_no,rr1_0.iso_alpha2_ctry_cd,rr1_0.risk_assess_id,rr1_0.risk_assess_vsn_no,rr1_0.risk_elem_id,rr1_0.rule_set_id,rr1_0.rule_id,rr1_0.creat_ts,rr1_0.creat_user_id,rr1_0.da_opr_id,rr1_0.da_pt_id,rr1_0.da_pt_val,rr1_0.da_pt_val_da,rr1_0.da_pt_val_fl_nm,rr1_0.lst_updt_ts,rr1_0.lst_updt_user_id,rr1_0.rule_seq_no from tcrrd00.rule_set rs1_0 left join tcrrd00.risk_rule rr1_0 on rs1_0.iso_alpha2_ctry_cd=rr1_0.iso_alpha2_ctry_cd and rs1_0.risk_assess_id=rr1_0.risk_assess_id and rs1_0.risk_assess_vsn_no=rr1_0.risk_assess_vsn_no and rs1_0.risk_elem_id=rr1_0.risk_elem_id and rs1_0.rule_set_id=rr1_0.rule_set_id where (rs1_0.iso_alpha2_ctry_cd,rs1_0.risk_assess_id,rs1_0.risk_assess_vsn_no,rs1_0.risk_elem_id,rs1_0.rule_set_id) in ((?,?,?,?,?))] [ERROR: column rr1_0.da_pt_val_da does not exist\n  Hint: Perhaps you meant to reference the column \""""rr1_0.da_pt_val\"""".\n  Position: 534] [n/a]; SQL [n/a]""""}","2","Test","False","Others","","Accepted","","","08/18/2025 11:53 PM MST","","","","","09/01/2025 07:47 AM MST","","","","08/18/2025 11:53 PM MST","","","E_SLPM_ST15_CRR Rule Configuration","False","False","Database Change","","","Custom Code Issue","","","","Major Problem","","SUNNY PANWAR","","09/01/2025 12:00 AM MST","0.0","0 Defined, 0 In-Progress, 0 Completed, 0 Blocked","","0 None Run, 0 Blocked, 0 Error, 0 Fail, 0 Inconclusive, 0 Pass","0.0",""
"DE688732","API : Risk Assessment delete call exposes sql queries in response body","US6067644: Fix defects raised in the Previous Sprint","Closed","Normal","SUNNY PANWAR","Accepted","AXP 25.4.17","AXP PI 25.4","crr-api","09/15/2025 09:09 AM MST","","False","False","","09/15/2025 01:21 AM MST","#df1a7b","SUNNY PANWAR","08/19/2025 01:36 AM MST","","","","","","","","Code","SIT Test","endpoint - 'https://crrruleconfigurer-qaguse4.aexp.com/api/v1/crr/riskAssessments/295/1'method - DELETE actual result - getting 500 with sql query in response bodyexpected result - 200OK","4","Test","False","Others","","Accepted","","","09/02/2025 04:14 AM MST","","","","","09/15/2025 09:09 AM MST","","","","09/02/2025 04:14 AM MST","","","E_SLPM_ST15_CRR Rule Configuration","False","False","Code Change","","","Custom Code Issue","","","","Major Problem","Code","SUNNY PANWAR","","09/11/2025 12:00 AM MST","0.0","0 Defined, 0 In-Progress, 0 Completed, 0 Blocked","","0 None Run, 0 Blocked, 0 Error, 0 Fail, 0 Inconclusive, 0 Pass","0.0",""
"DE690115","UI/SS: Simulation is getting submitted with missing Risk element and Risk Rule","US5995321: Perform Sanity and Retesting of Defects","Closed","Normal","Jatin Kumar","Accepted","AXP 25.4.16","AXP PI 25.4","","08/31/2025 11:54 PM MST","","False","False","","08/31/2025 11:54 PM MST","#df1a7b","Jatin Kumar","08/25/2025 01:08 AM MST","","","","","","","","Code","SIT Test","STR:Create new assessment and go to risk category pageIf copy functionality enabled, you will see enterprise rules within the same assessment.Go to simulation window, submit button gets enabled and user able to submit sandbox (Don't submit)Before submit, Go back to risk category listing page and create new risk categoryGo to simulation window againActual: Submit button still in enabled state and user able to submit simulation.Expected: With new risk category or with missing risk element and risk rule, submit button should be in disbabled state and display tooltip as """"missing risk element, missing risk rule"""" Note: With page refresh or navigate to other page, working fine.       Defects should be right-sized to be delivered within a Sprint/Iteration. Description: (Description of the Defect) <Enter your text here> Fault Product / Application: (Product / Application where the defect was identified) <Enter your text here> Other Product / Applications affected: (Other Product(s) / Application(s) impacted by the defect) <Enter your text here> Steps to Reproduce: (Short description on how to reproduce the defect) <Enter your text here> User Impact: (Approximate number of users impacted by this defect - if applicable) <Enter your text here> Impacted Market: (Indicate if the defect is observed for specific geography / market) <Enter your text here> ","2","Test","False","Others","","Accepted","","","08/25/2025 11:25 PM MST","","","","","08/31/2025 11:54 PM MST","","","","08/26/2025 09:18 PM MST","","","E_SLPM_ST15_CRR Rule Configuration","False","False","Code Change","","","Custom Code Issue","","","","Major Problem","Code","Jatin Kumar","","09/01/2025 12:00 AM MST","0.0","0 Defined, 0 In-Progress, 0 Completed, 0 Blocked","","0 None Run, 0 Blocked, 0 Error, 0 Fail, 0 Inconclusive, 0 Pass","0.0",""
"DE690435","UI/AM: Discrepancies on Asset Manager Home Screen","US6067644: Fix defects raised in the Previous Sprint","Closed","Normal","Jatin Kumar","Accepted","AXP 25.4.17","AXP PI 25.4","","09/14/2025 11:52 PM MST","","False","False","","09/14/2025 11:52 PM MST","#df1a7b","Jatin Kumar","08/26/2025 04:48 AM MST","","","","","","","","Design","SIT Test","STR:Go to Assets TabActual: Incorrect Add New button, Risk Assets Header, Missing Submit button, Actions header not aligned (PFA)Expected: PFA     Defects should be right-sized to be delivered within a Sprint/Iteration. Description: (Description of the Defect) <Enter your text here> Fault Product / Application: (Product / Application where the defect was identified) <Enter your text here> Other Product / Applications affected: (Other Product(s) / Application(s) impacted by the defect) <Enter your text here> Steps to Reproduce: (Short description on how to reproduce the defect) <Enter your text here> User Impact: (Approximate number of users impacted by this defect - if applicable) <Enter your text here> Impacted Market: (Indicate if the defect is observed for specific geography / market) <Enter your text here> ","3","Test","False","Others","","Accepted","","","09/14/2025 11:52 PM MST","","","","","09/14/2025 11:52 PM MST","","","","","","","E_SLPM_ST15_CRR Rule Configuration","False","False","Code Change","","","Custom Code Issue","","","","Major Problem","Code","Jatin Kumar","","09/11/2025 12:00 AM MST","0.0","0 Defined, 0 In-Progress, 0 Completed, 0 Blocked","","0 None Run, 0 Blocked, 0 Error, 0 Fail, 0 Inconclusive, 0 Pass","0.0",""
"DE690442","UI/Audit: Incorrect header and date format on Audit screen","US6252624: Fixing of Defects & Miscellaneous tasks for completion of end-to-end functionality","Closed","Normal","Jatin Kumar","Accepted","AXP 25.5.22","AXP PI 25.5","crr-ui","11/24/2025 10:17 AM MST","","False","False","","11/24/2025 10:17 AM MST","#df1a7b","Jatin Kumar","08/26/2025 05:25 AM MST","","","","","","","","Design","SIT Test","STR:Go to CRR tabClick on Audit history buttonActual: Incorrect Header and Date format with more spacing between selected dates (PFA)Expected: PFA Few more observations related to Audit screen respective to Figma ScreenThere should be spacing between scope selection,      Eg, Actual: XX-Enterprise, Expected: XX - Enterprise2. Missing Export Hyperlink      Defects should be right-sized to be delivered within a Sprint/Iteration. Description: (Description of the Defect) <Enter your text here> Fault Product / Application: (Product / Application where the defect was identified) <Enter your text here> Other Product / Applications affected: (Other Product(s) / Application(s) impacted by the defect) <Enter your text here> Steps to Reproduce: (Short description on how to reproduce the defect) <Enter your text here> User Impact: (Approximate number of users impacted by this defect - if applicable) <Enter your text here> Impacted Market: (Indicate if the defect is observed for specific geography / market) <Enter your text here> ","7","Test","False","Others","","Accepted","","","11/24/2025 10:17 AM MST","","","","","11/24/2025 10:17 AM MST","","","","11/24/2025 06:18 AM MST","","","E_SLPM_ST15_CRR Rule Configuration","False","False","Code Change","","","Custom Code Issue","","","","Minor Problem","Design Miss","Jatin Kumar","","11/24/2025 12:00 AM MST","0.0","0 Defined, 0 In-Progress, 0 Completed, 0 Blocked","","0 None Run, 0 Blocked, 0 Error, 0 Fail, 0 Inconclusive, 0 Pass","0.0",""
"DE690668","UI/SS: Sandbox is getting vanished from assessment listing page on submitting version2","US6252624: Fixing of Defects & Miscellaneous tasks for completion of end-to-end functionality","Closed","High Attention","Jatin Kumar","Accepted","AXP 25.5.22","AXP PI 25.5","CRR_Deferred","11/21/2025 09:07 AM MST","","False","False","","11/21/2025 09:07 AM MST","#df1a7b","Jatin Kumar","08/27/2025 09:44 AM MST","","","","","","","","Data;Not a Defect","SIT Test","STR:Create an assessment with scope greeceGo to simulation screen, submit sandbox, complete sandboxCreate new version, submit and complete version 2Go back to assessment listing pageActual: Sandbox is getting vanished from assessment listing page on submitting version2Expected: All version sandbox submission should be displayed on assessment listing page. Note: For Proof of testing, please refer defect tracking channel where evidence recording posted.  Defects should be right-sized to be delivered within a Sprint/Iteration. Description: (Description of the Defect) <Enter your text here> Fault Product / Application: (Product / Application where the defect was identified) <Enter your text here> Other Product / Applications affected: (Other Product(s) / Application(s) impacted by the defect) <Enter your text here> Steps to Reproduce: (Short description on how to reproduce the defect) <Enter your text here> User Impact: (Approximate number of users impacted by this defect - if applicable) <Enter your text here> Impacted Market: (Indicate if the defect is observed for specific geography / market) <Enter your text here> ","3","Test","False","Others","","Accepted","","","11/21/2025 09:07 AM MST","","","","","11/21/2025 09:07 AM MST","","","","","","","E_SLPM_ST15_CRR Rule Configuration","False","False","Not a Defect","","","Data Issue","","","","Major Problem","","Jatin Kumar","","11/24/2025 12:00 AM MST","0.0","0 Defined, 0 In-Progress, 0 Completed, 0 Blocked","","0 None Run, 0 Blocked, 0 Error, 0 Fail, 0 Inconclusive, 0 Pass","0.0",""
"DE690680","UI/SS: With 'Complete' API hit, Able to submit & complete sandbox without submitting it on UI","US6067644: Fix defects raised in the Previous Sprint","Closed","Normal","Jatin Kumar","Accepted","AXP 25.4.17","AXP PI 25.4","","09/15/2025 06:48 AM MST","","False","False","","09/15/2025 06:48 AM MST","#df1a7b","Jatin Kumar","08/27/2025 10:54 AM MST","","","","","","","","Other","SIT Test","STR:Create an assessment with scope polandUnder Poland assessment, create only Risk categoryGo to simulation window, presently submit button is in disabled state as there is no RE and RR linked with assessment & category. And, submit button displaying missing risk element and missing risk rule.Hit Complete API request via postman (refer Notes)Go to simulation window againActual: With no RE and RR, complete API run not showing error in response but submitting respective sandbox.So, With 'Complete' API hit, Able to submit & complete sandbox without submitting it on UI (PFA)Expected: With no RE and RR, complete API run must show error in response/results and should not submit/complete sandbox.Also, simulation window's submit toolip keep display missing risk element and missing risk rule.     Defects should be right-sized to be delivered within a Sprint/Iteration. Description: (Description of the Defect) <Enter your text here> Fault Product / Application: (Product / Application where the defect was identified) <Enter your text here> Other Product / Applications affected: (Other Product(s) / Application(s) impacted by the defect) <Enter your text here> Steps to Reproduce: (Short description on how to reproduce the defect) <Enter your text here> User Impact: (Approximate number of users impacted by this defect - if applicable) <Enter your text here> Impacted Market: (Indicate if the defect is observed for specific geography / market) <Enter your text here> ","3","Test","False","Others","","Accepted","","","09/11/2025 09:44 PM MST","","","","","11/09/2025 10:08 PM MST","","","Postman Complete Request Body:{""""sourceRiskAssessmentId"""": 367,""""sourceVersionNumber"""": 1,""""riskAssessmentStatus"""": """"SANDBOX_TESTING_COMPLETED"""",""""userId"""": """"8202683"""",""""comments"""": """"CompletePoland"""",""""scope"""": """"PL"""",""""lastUpdatedAt"""": """"2025-08-27T16:58:49.204+00:00""""}","","","","E_SLPM_ST15_CRR Rule Configuration","False","False","Configuration Change","","","Configuration Issue","","","","Major Problem","","Jatin Kumar","","09/11/2025 12:00 AM MST","0.0","0 Defined, 0 In-Progress, 0 Completed, 0 Blocked","","0 None Run, 0 Blocked, 0 Error, 0 Fail, 0 Inconclusive, 0 Pass","0.0",""
"DE691177","UI/CRR: Incorrect crr and alerts header box borders","US6067644: Fix defects raised in the Previous Sprint","Closed","Low","Jatin Kumar","Accepted","AXP 25.4.17","AXP PI 25.4","","09/15/2025 06:12 AM MST","","False","False","","09/15/2025 06:12 AM MST","#df1a7b","Jatin Kumar","08/29/2025 05:57 AM MST","","","","","","","","Design","SIT Test","STR:Go to CRR landing pageCheck CRR and Alerts header boxes bordersActual: PFAExpected: PFA   Defects should be right-sized to be delivered within a Sprint/Iteration. Description: (Description of the Defect) <Enter your text here> Fault Product / Application: (Product / Application where the defect was identified) <Enter your text here> Other Product / Applications affected: (Other Product(s) / Application(s) impacted by the defect) <Enter your text here> Steps to Reproduce: (Short description on how to reproduce the defect) <Enter your text here> User Impact: (Approximate number of users impacted by this defect - if applicable) <Enter your text here> Impacted Market: (Indicate if the defect is observed for specific geography / market) <Enter your text here> ","4","Test","False","Others","","Accepted","","","09/11/2025 09:18 PM MST","","","","","09/15/2025 06:12 AM MST","","","","","","","E_SLPM_ST15_CRR Rule Configuration","False","False","Code Change","","","Custom Code Issue","","","","Cosmetic","Code;Design Miss","Jatin Kumar","","09/11/2025 12:00 AM MST","0.0","0 Defined, 0 In-Progress, 0 Completed, 0 Blocked","","0 None Run, 0 Blocked, 0 Error, 0 Fail, 0 Inconclusive, 0 Pass","0.0",""
"DE691189","UI/RR: More gaping between Listing headers and Risk Rules header","US6067644: Fix defects raised in the Previous Sprint","Closed","Low","Jatin Kumar","Accepted","AXP 25.4.17","AXP PI 25.4","","09/15/2025 06:33 AM MST","","False","False","","09/15/2025 06:33 AM MST","#df1a7b","Jatin Kumar","08/29/2025 06:29 AM MST","","","","","","","","Design","SIT Test","STR:Go to risk category, risk element and risk rule listing pageActual: Looks more gaping between Listing headers and Risk Rules header. And, differ on all listing page screens of RA, RE, RRExpected: Gaping should be same for Risk Category, Risk Element and Risk Rules listing page   Defects should be right-sized to be delivered within a Sprint/Iteration. Description: (Description of the Defect) <Enter your text here> Fault Product / Application: (Product / Application where the defect was identified) <Enter your text here> Other Product / Applications affected: (Other Product(s) / Application(s) impacted by the defect) <Enter your text here> Steps to Reproduce: (Short description on how to reproduce the defect) <Enter your text here> User Impact: (Approximate number of users impacted by this defect - if applicable) <Enter your text here> Impacted Market: (Indicate if the defect is observed for specific geography / market) <Enter your text here> ","2","Test","False","Others","","Accepted","","","09/05/2025 06:56 AM MST","","","","","09/15/2025 06:33 AM MST","","","","09/05/2025 06:56 AM MST","","","E_SLPM_ST15_CRR Rule Configuration","False","False","Code Change","","","Custom Code Issue","","","","Minor Problem","Design Miss","Jatin Kumar","","09/11/2025 12:00 AM MST","0.0","0 Defined, 0 In-Progress, 0 Completed, 0 Blocked","","0 None Run, 0 Blocked, 0 Error, 0 Fail, 0 Inconclusive, 0 Pass","0.0",""
"DE691190","UI/SS: User is getting out from simulation screen on closing History window","US6212297: Defects from PI 25.4 to be fixed in 25.5.1","Closed","Low","SUNNY PANWAR","Accepted","AXP 25.5.22","AXP PI 25.5","","11/24/2025 09:40 PM MST","","False","False","","11/23/2025 09:08 PM MST","#df1a7b","Jatin Kumar","08/29/2025 06:43 AM MST","","","","","","","","Requirement","SIT Test","STR:Go to simulation windowClick on History tab and close it.Actual: User is getting out from Simulation window on closing History windowExpected: On Closing History window, user should be kept on simulation window.   Defects should be right-sized to be delivered within a Sprint/Iteration. Description: (Description of the Defect) <Enter your text here> Fault Product / Application: (Product / Application where the defect was identified) <Enter your text here> Other Product / Applications affected: (Other Product(s) / Application(s) impacted by the defect) <Enter your text here> Steps to Reproduce: (Short description on how to reproduce the defect) <Enter your text here> User Impact: (Approximate number of users impacted by this defect - if applicable) <Enter your text here> Impacted Market: (Indicate if the defect is observed for specific geography / market) <Enter your text here> ","2","Test","False","Others","","Accepted","","","11/09/2025 09:40 PM MST","","","","","11/24/2025 09:40 PM MST","","","","11/09/2025 09:40 PM MST","","","E_SLPM_ST15_CRR Rule Configuration","False","False","Requirements","","","Requirements","","","","Minor Problem","Change in Requirement","Jatin Kumar","","11/24/2025 12:00 AM MST","0.0","0 Defined, 0 In-Progress, 0 Completed, 0 Blocked","","0 None Run, 0 Blocked, 0 Error, 0 Fail, 0 Inconclusive, 0 Pass","0.0",""
"DE691235","UI/RR: Discrepancy on merged-to-production enterprise category-Risk Rules screen","US6067644: Fix defects raised in the Previous Sprint","Closed","Low","Jatin Kumar","Accepted","AXP 25.4.17","AXP PI 25.4","","09/15/2025 06:57 AM MST","","False","False","","09/15/2025 06:57 AM MST","#df1a7b","Jatin Kumar","08/29/2025 08:45 AM MST","","","","","","","","Code","SIT Test","STR:Create enterprise, merged to productionGo to CRR tab and under risk categories, click on Category1_XXClick on Element_1_XX risk element Change dropdown to All, to Enterprise, to marketActual: Presently, selecting to All then Enterprise and then Market and so on, showing discrepancy as spinner takes twice to show Risk Rules details and sometimes displaying 'No Configuration exist' error message in between.PFA attached evidence video on Defect tracking channel with defect posted.Expected: Spinner takes one take while selecting from ALL dropdown and not display 'No Configuration exist' error message in between.  Defects should be right-sized to be delivered within a Sprint/Iteration. Description: (Description of the Defect) <Enter your text here> Fault Product / Application: (Product / Application where the defect was identified) <Enter your text here> Other Product / Applications affected: (Other Product(s) / Application(s) impacted by the defect) <Enter your text here> Steps to Reproduce: (Short description on how to reproduce the defect) <Enter your text here> User Impact: (Approximate number of users impacted by this defect - if applicable) <Enter your text here> Impacted Market: (Indicate if the defect is observed for specific geography / market) <Enter your text here> ","2","Test","False","Others","","Accepted","","","09/02/2025 10:21 AM MST","","","","","09/15/2025 06:57 AM MST","","","","09/02/2025 10:21 AM MST","","","E_SLPM_ST15_CRR Rule Configuration","False","False","Code Change","","","Custom Code Issue","","","","Minor Problem","Data Refresh","Jatin Kumar","","09/11/2025 12:00 AM MST","0.0","0 Defined, 0 In-Progress, 0 Completed, 0 Blocked","","0 None Run, 0 Blocked, 0 Error, 0 Fail, 0 Inconclusive, 0 Pass","0.0",""
"DE691860","UI/SS: Getting duplicate risk categories with modification of Enterprise categories on CRR tab","US5995395: Perform Sanity and Retesting of Defects","Closed","Normal","SUNNY PANWAR","Accepted","AXP 25.4.19","AXP PI 25.4","crr-ui","10/13/2025 09:27 AM MST","","False","False","","10/12/2025 11:30 PM MST","#df1a7b","Jatin Kumar","09/02/2025 11:09 PM MST","","","","","","","","Code","SIT Test","STR:Current CRR tab view displaying these merged to production categories: Cat1, Cat2, Cat3, Cat4, Cat5Create new Enterprise Assessment (should display already merged-to-production categories), e.g, Cat1, Cat2, Cat3, Cat4, Cat5Now, delete Cat1, Cat2 from the Category listing page with Enterprise assessmentNow, go back to CRR tab view, you will see Cat3, Cat4, Cat5 getting created again or showing duplicity of categories.(PFA )Actual: CRR tab view displaying now: Cat1, Cat2, Cat3, Cat4, Cat5, Cat3, Cat4, Cat5Expected: With any modification on Enterprise assessment displayed categories, should not create any duplicity of categories   Defects should be right-sized to be delivered within a Sprint/Iteration. Description: (Description of the Defect) <Enter your text here> Fault Product / Application: (Product / Application where the defect was identified) <Enter your text here> Other Product / Applications affected: (Other Product(s) / Application(s) impacted by the defect) <Enter your text here> Steps to Reproduce: (Short description on how to reproduce the defect) <Enter your text here> User Impact: (Approximate number of users impacted by this defect - if applicable) <Enter your text here> Impacted Market: (Indicate if the defect is observed for specific geography / market) <Enter your text here> ","2","Test","False","Others","","Accepted","","","09/03/2025 01:23 AM MST","","","","","10/13/2025 09:27 AM MST","","","","","","","E_SLPM_ST15_CRR Rule Configuration","False","False","Code Change","","","Custom Code Issue","","","","Major Problem","Code","Jatin Kumar","","09/29/2025 12:00 AM MST","0.0","0 Defined, 0 In-Progress, 0 Completed, 0 Blocked","","0 None Run, 0 Blocked, 0 Error, 0 Fail, 0 Inconclusive, 0 Pass","0.0",""
"DE691942","UI/CRRView: Incorrect Actions alignment and extra gaping on CRR view Risk Rules page","US5995351: Perform Sanity and Retesting of Defects","Closed","Normal","Jatin Kumar","Accepted","AXP 25.4.17","AXP PI 25.4","","09/15/2025 06:52 AM MST","","False","False","","09/15/2025 06:52 AM MST","#df1a7b","Jatin Kumar","09/03/2025 03:58 AM MST","","","","","","","","Other","SIT Test","STR:Create any assessment and push to merged-to-production (Eg, Enterprise)Go to CRR tab and open its risk category from the listingGo to its risk rules listing pageActual: According to Figma, Incorrect Actions alignment and there is extra gaping between Risk Rules and Description border (PFA)Expected: All alignment and gaping should be according to Figma Screen (PFA) Note: Same exists for Asset Manager screen  Defects should be right-sized to be delivered within a Sprint/Iteration. Description: (Description of the Defect) <Enter your text here> Fault Product / Application: (Product / Application where the defect was identified) <Enter your text here> Other Product / Applications affected: (Other Product(s) / Application(s) impacted by the defect) <Enter your text here> Steps to Reproduce: (Short description on how to reproduce the defect) <Enter your text here> User Impact: (Approximate number of users impacted by this defect - if applicable) <Enter your text here> Impacted Market: (Indicate if the defect is observed for specific geography / market) <Enter your text here> ","2","Test","False","Others","","Accepted","","","09/04/2025 11:05 AM MST","","","","","09/15/2025 06:52 AM MST","","","","","","","E_SLPM_ST15_CRR Rule Configuration","False","False","User Interface","","","Requirements","","","","Minor Problem","Design Miss","Jatin Kumar","","09/15/2025 12:00 AM MST","0.0","0 Defined, 0 In-Progress, 0 Completed, 0 Blocked","","0 None Run, 0 Blocked, 0 Error, 0 Fail, 0 Inconclusive, 0 Pass","0.0",""
"DE691963","UI/AM: Discrepancies on Add New Asset window","US5995334: Test Asset manager addition of asset and list contents","Closed","Normal","SUNNY PANWAR","Accepted","AXP 25.4.19","AXP PI 25.4","","10/27/2025 03:29 AM MST","","False","False","","10/01/2025 12:30 AM MST","#df1a7b","Jatin Kumar","09/03/2025 05:05 AM MST","","","","","","","","Code","SIT Test","STR:Go to Assets TabClick on Add Asset buttonActual Discrepancies below: (PFA)Incorrect default text for Name fieldIncorrect default text for description and also box is bigger in size compared to figma screenIncorrect default text for Search List fieldUpload button is in incorrect colorIncorrect line for Supported FormatIncorrect line for Maximum file sizeExpected below for each actual case: (PFA)Enter name hereEnter description hereSearch instead of Search...Upload button should be in blue colorSupported Format : csvMaximum file size not to exceed 50 MB.   Defects should be right-sized to be delivered within a Sprint/Iteration. Description: (Description of the Defect) <Enter your text here> Fault Product / Application: (Product / Application where the defect was identified) <Enter your text here> Other Product / Applications affected: (Other Product(s) / Application(s) impacted by the defect) <Enter your text here> Steps to Reproduce: (Short description on how to reproduce the defect) <Enter your text here> User Impact: (Approximate number of users impacted by this defect - if applicable) <Enter your text here> Impacted Market: (Indicate if the defect is observed for specific geography / market) <Enter your text here> ","1","Test","False","Others","","Accepted","","","09/04/2025 11:05 AM MST","","","","","10/27/2025 03:29 AM MST","","","","09/10/2025 10:59 PM MST","","","E_SLPM_ST15_CRR Rule Configuration","False","False","Code Change","","","Custom Code Issue","","","","Major Problem","Code","Jatin Kumar","","09/29/2025 12:00 AM MST","0.0","0 Defined, 0 In-Progress, 0 Completed, 0 Blocked","","0 None Run, 0 Blocked, 0 Error, 0 Fail, 0 Inconclusive, 0 Pass","0.0",""
"DE692086","UI/SS: Ruleset level changes are not coming up in the Modifications section in simulation model","US5995351: Perform Sanity and Retesting of Defects","Closed","Normal","SUNNY PANWAR","Accepted","AXP 25.4.19","AXP PI 25.4","crr-ui","10/27/2025 03:29 AM MST","","False","False","","10/12/2025 11:29 PM MST","#df1a7b","Jatin Kumar","09/03/2025 11:42 AM MST","","","","","","","","Code","SIT Test","STR:Create new assessment and go to risk category listing page, it would display merged-to-production categories on RC listing pageClick any of the existing category to go to Risk Rule page and edit any of the ruleActual: With any modifications in the rule, that risk category not displaying in the Modifications section in simulation modelExpected: With any ruleset modifications, that risk category should be displayed in the Modifications section in simulation model  Defects should be right-sized to be delivered within a Sprint/Iteration. Description: (Description of the Defect) <Enter your text here> Fault Product / Application: (Product / Application where the defect was identified) <Enter your text here> Other Product / Applications affected: (Other Product(s) / Application(s) impacted by the defect) <Enter your text here> Steps to Reproduce: (Short description on how to reproduce the defect) <Enter your text here> User Impact: (Approximate number of users impacted by this defect - if applicable) <Enter your text here> Impacted Market: (Indicate if the defect is observed for specific geography / market) <Enter your text here> ","4","Test","False","Others","","Accepted","","","10/08/2025 11:24 PM MST","","","","","11/18/2025 11:10 PM MST","","","","","","","E_SLPM_ST15_CRR Rule Configuration","False","False","Code Change","","","Custom Code Issue","","","","Major Problem","Code","Jatin Kumar","","09/29/2025 12:00 AM MST","0.0","0 Defined, 0 In-Progress, 0 Completed, 0 Blocked","","0 None Run, 0 Blocked, 0 Error, 0 Fail, 0 Inconclusive, 0 Pass","0.0",""
"DE693670","UI : fundamental assessment incorrect alignment for actions header and missing buttons","US5995344: Test Fundamental Assessment - Questions and Answers functionality","Closed","Normal","SUNNY PANWAR","Accepted","AXP 25.4.18","AXP PI 25.4","","09/29/2025 10:21 AM MST","","False","False","","09/20/2025 03:26 AM MST","#df1a7b","SUNNY PANWAR","09/10/2025 10:25 PM MST","","","","","","","","Design","SIT Test","STR:Navigate to fundamental assessment pageVerify submit and implement buttonVerify actions header alignmentExpected : Submit, Implement button should be displayedActions header should be align at right side (please see figma) Actual:buttons are missingalignment is not correct for actions ","3","Test","False","Others","","Accepted","","","09/18/2025 05:01 AM MST","","","","","11/09/2025 10:10 PM MST","","","","","","","E_SLPM_ST15_CRR Rule Configuration","False","False","User Interface","","","Custom Code Issue","","","","Cosmetic","Design Miss","SUNNY PANWAR","","09/29/2025 12:00 AM MST","0.0","0 Defined, 0 In-Progress, 0 Completed, 0 Blocked","","0 None Run, 0 Blocked, 0 Error, 0 Fail, 0 Inconclusive, 0 Pass","0.0",""
"DE693680","UI/AM: Not able to save Asset with re-upload of csv file","US5995334: Test Asset manager addition of asset and list contents","Closed","Normal","SUNNY PANWAR","Accepted","AXP 25.4.18","AXP PI 25.4","","09/29/2025 10:21 AM MST","","False","False","","09/25/2025 11:09 PM MST","#df1a7b","Jatin Kumar","09/10/2025 11:41 PM MST","","","","","","","","Code","SIT Test","Go to Assets Tab and click on Add AssetGive data input - Any Name, Any Description, Amex1 (Search List)Upload CSV file of size : 5kbRe-upload CSV file of size : 5kbClick on ADDActual: Getting error 'Unable to Create Asset. Please contact support.' though csv file limit is 100MBExpected: Should add Asset with re-upload of any csv file which is less than 100MB.   Defects should be right-sized to be delivered within a Sprint/Iteration. Description: (Description of the Defect) <Enter your text here> Fault Product / Application: (Product / Application where the defect was identified) <Enter your text here> Other Product / Applications affected: (Other Product(s) / Application(s) impacted by the defect) <Enter your text here> Steps to Reproduce: (Short description on how to reproduce the defect) <Enter your text here> User Impact: (Approximate number of users impacted by this defect - if applicable) <Enter your text here> Impacted Market: (Indicate if the defect is observed for specific geography / market) <Enter your text here> ","3","Test","False","Others","","Accepted","","","09/11/2025 11:34 PM MST","","","","","09/29/2025 10:21 AM MST","","","","09/14/2025 09:28 PM MST","","","E_SLPM_ST15_CRR Rule Configuration","False","False","Configuration Change","","","Configuration Issue","","","","Major Problem","","Jatin Kumar","","09/29/2025 12:00 AM MST","0.0","0 Defined, 0 In-Progress, 0 Completed, 0 Blocked","","0 None Run, 0 Blocked, 0 Error, 0 Fail, 0 Inconclusive, 0 Pass","0.0",""
"DE693969","UI/RR: Incorrect greyed out colour for Actions column items","US5995351: Perform Sanity and Retesting of Defects","Closed","Low","SUNNY PANWAR","Accepted","AXP 25.4.18","AXP PI 25.4","","09/29/2025 10:21 AM MST","","False","False","","09/25/2025 11:12 PM MST","#df1a7b","Jatin Kumar","09/12/2025 12:15 AM MST","","","","","","","","Design","SIT Test","STR:Create new assessment, RC, RE, RRGo to its risk category listing page and click on Simulation buttonSubmit its sandbox and go back to risk category listing pageActions items gets disabled or greyed out in bluish colour.Go to Risk element and risk rules pageLook for Risk Rules actions items greyed out colourActual: Risk Rules Greyed out/disabled actions items coloured in light grey colorExpected: All Greyed out/disabled actions items for each RA RC RE RR should be coloured in bluish color.    Defects should be right-sized to be delivered within a Sprint/Iteration. Description: (Description of the Defect) <Enter your text here> Fault Product / Application: (Product / Application where the defect was identified) <Enter your text here> Other Product / Applications affected: (Other Product(s) / Application(s) impacted by the defect) <Enter your text here> Steps to Reproduce: (Short description on how to reproduce the defect) <Enter your text here> User Impact: (Approximate number of users impacted by this defect - if applicable) <Enter your text here> Impacted Market: (Indicate if the defect is observed for specific geography / market) <Enter your text here> ","3","Test","False","Others","","Accepted","","","09/18/2025 05:03 AM MST","","","","","09/29/2025 10:21 AM MST","","","","","","","E_SLPM_ST15_CRR Rule Configuration","False","False","User Interface","","","Custom Code Issue","","","","Cosmetic","Design Miss","Jatin Kumar","","09/29/2025 12:00 AM MST","0.0","0 Defined, 0 In-Progress, 0 Completed, 0 Blocked","","0 None Run, 0 Blocked, 0 Error, 0 Fail, 0 Inconclusive, 0 Pass","0.0",""
"DE694131","UI: fundamental assessment missing risk score on question and answer page","US5995344: Test Fundamental Assessment - Questions and Answers functionality","Closed","Normal","SUNNY PANWAR","Accepted","AXP 25.4.18","AXP PI 25.4","crr-ui","09/29/2025 10:21 AM MST","","False","False","","09/20/2025 03:22 AM MST","#df1a7b","SUNNY PANWAR","09/12/2025 10:16 AM MST","","","","","","","","Design","SIT Test","STR:navigate to fundamental assessment tabclick Geography linkclick on any country code linkverify risk score at right headerExpected: Risk Score should be displayedActual: Risk Score is missing","3","Test","False","Others","","Accepted","","","09/18/2025 05:07 AM MST","","","","","11/09/2025 10:10 PM MST","","","","","","","E_SLPM_ST15_CRR Rule Configuration","False","False","Code Change","","","Custom Code Issue","","","","Minor Problem","Design Miss","SUNNY PANWAR","","09/29/2025 12:00 AM MST","0.0","0 Defined, 0 In-Progress, 0 Completed, 0 Blocked","","0 None Run, 0 Blocked, 0 Error, 0 Fail, 0 Inconclusive, 0 Pass","0.0",""
"DE694313","UI/AM: Paging numbers are not underlined","US5995334: Test Asset manager addition of asset and list contents","Closed","Low","SUNNY PANWAR","Accepted","AXP 25.4.18","AXP PI 25.4","","09/29/2025 10:21 AM MST","","False","False","","09/25/2025 11:06 PM MST","#df1a7b","Jatin Kumar","09/15/2025 12:45 AM MST","","","","","","","","Design","SIT Test","STR:Go to Assets Tab to navigate assets listing pageCreate/add new assetActual: Paging numbers are not getting displayed with underlinedExpected: Paging numbers should be displayed with underlined  Defects should be right-sized to be delivered within a Sprint/Iteration. Description: (Description of the Defect) <Enter your text here> Fault Product / Application: (Product / Application where the defect was identified) <Enter your text here> Other Product / Applications affected: (Other Product(s) / Application(s) impacted by the defect) <Enter your text here> Steps to Reproduce: (Short description on how to reproduce the defect) <Enter your text here> User Impact: (Approximate number of users impacted by this defect - if applicable) <Enter your text here> Impacted Market: (Indicate if the defect is observed for specific geography / market) <Enter your text here> ","2","Test","False","Others","","Accepted","","","09/22/2025 07:07 AM MST","","","","","09/29/2025 10:21 AM MST","","","","09/22/2025 11:10 AM MST","","","E_SLPM_ST15_CRR Rule Configuration","False","False","Code Change","","","Requirements","","","","Cosmetic","New Requirement","Jatin Kumar","","09/29/2025 12:00 AM MST","0.0","0 Defined, 0 In-Progress, 0 Completed, 0 Blocked","","0 None Run, 0 Blocked, 0 Error, 0 Fail, 0 Inconclusive, 0 Pass","0.0",""
"DE694315","UI/AM: Add New Asset window is getting cut off from the top","US6089145: Consistency in UI across different web browsers and devices","Closed","Normal","Satvik Jain","Accepted","AXP 25.5.22","AXP PI 25.5","crr-ui","11/24/2025 06:38 AM MST","","False","False","","11/24/2025 06:38 AM MST","#df1a7b","Jatin Kumar","09/15/2025 12:56 AM MST","","","","","","","","Design","SIT Test","STR:Go to assets tabClick on Add Asset buttonActual: Add New Asset window is getting cut off from the topExpected: Add New Asset window should follow the same as figma screen  Defects should be right-sized to be delivered within a Sprint/Iteration. Description: (Description of the Defect) <Enter your text here> Fault Product / Application: (Product / Application where the defect was identified) <Enter your text here> Other Product / Applications affected: (Other Product(s) / Application(s) impacted by the defect) <Enter your text here> Steps to Reproduce: (Short description on how to reproduce the defect) <Enter your text here> User Impact: (Approximate number of users impacted by this defect - if applicable) <Enter your text here> Impacted Market: (Indicate if the defect is observed for specific geography / market) <Enter your text here> ","7","Test","False","Others","","Accepted","","","11/24/2025 06:38 AM MST","","","","","11/24/2025 06:38 AM MST","","","","","","","E_SLPM_ST15_CRR Rule Configuration","False","False","User Interface","","","N/A","","","","Minor Problem","Code","Jatin Kumar","","11/24/2025 12:00 AM MST","0.0","0 Defined, 0 In-Progress, 0 Completed, 0 Blocked","","0 None Run, 0 Blocked, 0 Error, 0 Fail, 0 Inconclusive, 0 Pass","0.0",""
"DE695462","UI/RR: FA input not getting displayed on RR listing page","US5995379: Perform Sanity and Retesting of Defects","Closed","Normal","SUNNY PANWAR","Accepted","AXP 25.4.18","AXP PI 25.4","","09/29/2025 10:21 AM MST","","False","False","","09/25/2025 10:58 PM MST","#df1a7b","Jatin Kumar","09/18/2025 07:14 AM MST","","","","","","","","Requirement","SIT Test","STR:Go to risk rule pageClick on Add Risk rule buttonSelect Multiplier as Fundamental Assessment and Value: Applications's channel and click on AddActual: FA input not getting displayed on RR listing pageExpected: FA input should be displayed on RR listing page on both Adding and Saving    Defects should be right-sized to be delivered within a Sprint/Iteration. Description: (Description of the Defect) <Enter your text here> Fault Product / Application: (Product / Application where the defect was identified) <Enter your text here> Other Product / Applications affected: (Other Product(s) / Application(s) impacted by the defect) <Enter your text here> Steps to Reproduce: (Short description on how to reproduce the defect) <Enter your text here> User Impact: (Approximate number of users impacted by this defect - if applicable) <Enter your text here> Impacted Market: (Indicate if the defect is observed for specific geography / market) <Enter your text here> ","2","Test","False","Others","","Accepted","","","09/24/2025 01:30 AM MST","","","","","09/29/2025 10:21 AM MST","","","","09/24/2025 01:30 AM MST","","","E_SLPM_ST15_CRR Rule Configuration","False","False","Requirements","","","Requirements","","","","Major Problem","New Requirement;Change in Requirement","Jatin Kumar","","09/29/2025 12:00 AM MST","0.0","0 Defined, 0 In-Progress, 0 Completed, 0 Blocked","","0 None Run, 0 Blocked, 0 Error, 0 Fail, 0 Inconclusive, 0 Pass","0.0",""
"DE695523","UI/RR: Incorrect multiplier options and discrepancy on selecting multiplier option","US5995379: Perform Sanity and Retesting of Defects","Closed","Normal","SUNNY PANWAR","Accepted","AXP 25.4.18","AXP PI 25.4","","09/29/2025 10:21 AM MST","","False","False","","09/25/2025 10:54 PM MST","#df1a7b","Jatin Kumar","09/18/2025 10:55 AM MST","","","","","","","","Requirement","SIT Test","STR:Go to risk rule and click on Add risk rule buttonOpen Multiplier options/dropdown Actual: 1. Incorrect User Input and Assessment options2. While selecting user input and then switching to Assessment selection, the width of Multiplier option box getting changed. Expected:1. Options should be: Value and Fundamental Assessment2. Multiplier option box field should not change width while switching to other option. Width of Fundamental Assessment should be kept as default for both of the options.   Defects should be right-sized to be delivered within a Sprint/Iteration. Description: (Description of the Defect) <Enter your text here> Fault Product / Application: (Product / Application where the defect was identified) <Enter your text here> Other Product / Applications affected: (Other Product(s) / Application(s) impacted by the defect) <Enter your text here> Steps to Reproduce: (Short description on how to reproduce the defect) <Enter your text here> User Impact: (Approximate number of users impacted by this defect - if applicable) <Enter your text here> Impacted Market: (Indicate if the defect is observed for specific geography / market) <Enter your text here> ","2","Test","False","Others","","Accepted","","","09/23/2025 09:46 PM MST","","","","","09/29/2025 10:21 AM MST","","","","09/23/2025 09:47 PM MST","","","E_SLPM_ST15_CRR Rule Configuration","False","False","User Interface","","","Requirements","","","","Minor Problem","New Requirement;Change in Requirement","Jatin Kumar","","09/29/2025 12:00 AM MST","0.0","0 Defined, 0 In-Progress, 0 Completed, 0 Blocked","","0 None Run, 0 Blocked, 0 Error, 0 Fail, 0 Inconclusive, 0 Pass","0.0",""
"DE695705","UI/RA: Incorrect search field default text for multiple pages","US5995379: Perform Sanity and Retesting of Defects","Closed","Low","SUNNY PANWAR","Accepted","AXP 25.4.18","AXP PI 25.4","","09/29/2025 10:21 AM MST","","False","False","","09/25/2025 10:52 PM MST","#df1a7b","Jatin Kumar","09/19/2025 03:43 AM MST","","","","","","","","Design","SIT Test"," STR:Go to Sandbox tab, follow Risk assessment listing page.Go through Search field for RA, RE, RR listing pagesActual: Go through Search field for RA, RE, RR listing pages (PFA)Expected: Default text for each page of search field, should be displayed as 'Search' (PFA) Defects should be right-sized to be delivered within a Sprint/Iteration. Description: (Description of the Defect) <Enter your text here> Fault Product / Application: (Product / Application where the defect was identified) <Enter your text here> Other Product / Applications affected: (Other Product(s) / Application(s) impacted by the defect) <Enter your text here> Steps to Reproduce: (Short description on how to reproduce the defect) <Enter your text here> User Impact: (Approximate number of users impacted by this defect - if applicable) <Enter your text here> Impacted Market: (Indicate if the defect is observed for specific geography / market) <Enter your text here> ","2","Test","False","Others","","Accepted","","","09/22/2025 09:40 AM MST","","","","","09/29/2025 10:21 AM MST","","","","09/22/2025 11:12 AM MST","","","E_SLPM_ST15_CRR Rule Configuration","False","False","Code Change","","","Custom Code Issue","","","","Minor Problem","Cosmetic","Jatin Kumar","","09/29/2025 12:00 AM MST","0.0","0 Defined, 0 In-Progress, 0 Completed, 0 Blocked","","0 None Run, 0 Blocked, 0 Error, 0 Fail, 0 Inconclusive, 0 Pass","0.0",""
"DE695872","Values mismatch for risk rule setting window for risk rules created by copy functionality","US6252624: Fixing of Defects & Miscellaneous tasks for completion of end-to-end functionality","Closed","Normal","SUNNY PANWAR","Accepted","AXP 25.5.22","AXP PI 25.5","crr-ui","11/24/2025 09:37 PM MST","","False","False","","11/16/2025 09:25 PM MST","#df1a7b","SUNNY PANWAR","09/20/2025 03:34 AM MST","","","","","","","","Other","SIT Test","STR:Create a new risk assessmentNavigate to default category->element->rules under above risk assessmentVerify values for Applicability, Default Multiplier, Weighting on listingClick setting iconVerifies values for Applicability, Default Multiplier, WeightingActual: Values mismatchExpected Values should be match ","5","Test","False","Others","","Accepted","","","10/26/2025 07:23 AM MST","","","","","11/24/2025 09:37 PM MST","","","","11/11/2025 09:20 PM MST","","","E_SLPM_ST15_CRR Rule Configuration","False","False","Code Change","","","Requirements","","","","Minor Problem","Code","SUNNY PANWAR","","09/29/2025 12:00 AM MST","0.0","0 Defined, 0 In-Progress, 0 Completed, 0 Blocked","","0 None Run, 0 Blocked, 0 Error, 0 Fail, 0 Inconclusive, 0 Pass","0.0",""
"DE695964","UI/RR: Incorrect rule details for merged to production sandbox","US5995395: Perform Sanity and Retesting of Defects","Closed","Normal","SUNNY PANWAR","Accepted","AXP 25.4.19","AXP PI 25.4","crr-ui","10/13/2025 09:28 AM MST","","False","False","","10/08/2025 12:29 AM MST","#df1a7b","Jatin Kumar","09/22/2025 03:30 AM MST","","","","","","","","Design","SIT Test","STR:Create new RA, RC, RE, RRGo to risk category and click on simulation buttonMove respective sandbox to merged to productionGo to crr tab, should display merged to production categories.Click on one category(suggested Enterprise one)Go to Risk rules listing page and open Risk details page by clicking on Eye icon (show details button)Actual: Risk rule details page is not expected as Figma Screen (PFA)Expected: Risk rule details page should be expected as Figma Screen (PFA)  Defects should be right-sized to be delivered within a Sprint/Iteration. Description: (Description of the Defect) <Enter your text here> Fault Product / Application: (Product / Application where the defect was identified) <Enter your text here> Other Product / Applications affected: (Other Product(s) / Application(s) impacted by the defect) <Enter your text here> Steps to Reproduce: (Short description on how to reproduce the defect) <Enter your text here> User Impact: (Approximate number of users impacted by this defect - if applicable) <Enter your text here> Impacted Market: (Indicate if the defect is observed for specific geography / market) <Enter your text here> ","2","Test","False","Others","","Accepted","","","09/22/2025 09:40 AM MST","","","","","10/13/2025 09:28 AM MST","","","","09/22/2025 11:13 AM MST","","","E_SLPM_ST15_CRR Rule Configuration","False","False","Code Change","","","Custom Code Issue","","","","Minor Problem","Cosmetic","Jatin Kumar","","09/29/2025 12:00 AM MST","0.0","0 Defined, 0 In-Progress, 0 Completed, 0 Blocked","","0 None Run, 0 Blocked, 0 Error, 0 Fail, 0 Inconclusive, 0 Pass","0.0",""
"DE695969","UI/RR: Incorrect inline error messages for custom rule condition","US5995379: Perform Sanity and Retesting of Defects","Closed","Low","SUNNY PANWAR","Accepted","AXP 25.4.18","AXP PI 25.4","","09/29/2025 10:21 AM MST","","False","False","","09/25/2025 10:48 PM MST","#df1a7b","Jatin Kumar","09/22/2025 03:43 AM MST","","","","","","","","Requirement","SIT Test","STR:Go to risk rule page and click on add risk ruleSwitch to advanced viewAdd 3 Data points and modify custom rule condition and give input: 123+Actual: Filter conditions referenced by 123 do not exist or are not valid.           Filter condition is malformed. Expected: Rule conditions referenced by 123 do not exist or are not valid.                Rule condition is malformed. Defects should be right-sized to be delivered within a Sprint/Iteration. Description: (Description of the Defect) <Enter your text here> Fault Product / Application: (Product / Application where the defect was identified) <Enter your text here> Other Product / Applications affected: (Other Product(s) / Application(s) impacted by the defect) <Enter your text here> Steps to Reproduce: (Short description on how to reproduce the defect) <Enter your text here> User Impact: (Approximate number of users impacted by this defect - if applicable) <Enter your text here> Impacted Market: (Indicate if the defect is observed for specific geography / market) <Enter your text here> ","2","Test","False","Others","","Accepted","","","09/22/2025 03:55 PM MST","","","","","09/29/2025 10:21 AM MST","","","","","","","E_SLPM_ST15_CRR Rule Configuration","False","False","Requirements","","","Requirements","","","","Minor Problem","Change in Requirement","Jatin Kumar","","09/29/2025 12:00 AM MST","0.0","0 Defined, 0 In-Progress, 0 Completed, 0 Blocked","","0 None Run, 0 Blocked, 0 Error, 0 Fail, 0 Inconclusive, 0 Pass","0.0",""
"DE695973","Risk Threshold API - able to update lower value for higher risk assess score number","US5945042: Defect fixing for CRR","Closed","High Attention","SUNNY PANWAR","Accepted","AXP 25.4.19","AXP PI 25.4","crr-api","10/13/2025 09:28 AM MST","","False","False","","10/01/2025 12:16 AM MST","#df1a7b","SUNNY PANWAR","09/22/2025 03:58 AM MST","","","","","","","","Code","SIT Test","Endpoint - /api/v1/crr/riskThresholdsPayload -{    """"riskAssessSta"""": """"SANDBOX"""",    """"riskThresholds"""": [        {            """"riskAssessScoreNo"""": """"01"""",            """"lowThldRiskScoreNo"""": 1        },        {            """"riskAssessScoreNo"""": """"02"""",            """"lowThldRiskScoreNo"""": 11        },        {            """"riskAssessScoreNo"""": """"03"""",            """"lowThldRiskScoreNo"""": 111        },        {            """"riskAssessScoreNo"""": """"04"""",            """"lowThldRiskScoreNo"""": 1111        },        {            """"riskAssessScoreNo"""": """"05"""",            """"lowThldRiskScoreNo"""": 1112        },        {            """"riskAssessScoreNo"""": """"06"""",            """"lowThldRiskScoreNo"""": 1114        },        {            """"riskAssessScoreNo"""": """"07"""",            """"lowThldRiskScoreNo"""": 1115        },        {            """"riskAssessScoreNo"""": """"08"""",            """"lowThldRiskScoreNo"""": 1117        },        {            """"riskAssessScoreNo"""": """"09"""",            """"lowThldRiskScoreNo"""": """"999""""        }    ],    """"userId"""": """"8249557""""}Response: Getting 200 Success Expected: Should throw 400 bad request and response message should have this message - Risk Thresholds must be in ascending order","4","Test","False","Others","","Accepted","","","09/30/2025 08:01 AM MST","","","","","10/13/2025 09:28 AM MST","","","","09/24/2025 02:00 AM MST","","","E_SLPM_ST15_CRR Rule Configuration","False","False","Code Change","","","Control Failure","","","","Major Problem","Code","SUNNY PANWAR","","10/13/2025 12:00 AM MST","0.0","0 Defined, 0 In-Progress, 0 Completed, 0 Blocked","","0 None Run, 0 Blocked, 0 Error, 0 Fail, 0 Inconclusive, 0 Pass","0.0",""
"DE696240","UI/AM: Inline error message discrepancy on Add Asset name field","US5945042: Defect fixing for CRR","Closed","Low","SUNNY PANWAR","Accepted","AXP 25.4.19","AXP PI 25.4","crr-ui","10/13/2025 09:29 AM MST","","False","False","","10/07/2025 10:22 PM MST","#df1a7b","Jatin Kumar","09/23/2025 12:50 AM MST","","","","","","","","Code","SIT Test","STR:Go to Assets TabClick on Add Asset buttonGive input in Name field: &  . %Actual: Discrepancy in inline error messages display (PFA)Actual: Name already exists.Expected: Both space and symbol inline error messages should be displayed in new lines (PFA)Expected: Asset already exists. NOTE: There should be some gaping/spacing between name field bottom boundary and caution symbol/error message (Please actual and exp attachments)    Defects should be right-sized to be delivered within a Sprint/Iteration. Description: (Description of the Defect) <Enter your text here> Fault Product / Application: (Product / Application where the defect was identified) <Enter your text here> Other Product / Applications affected: (Other Product(s) / Application(s) impacted by the defect) <Enter your text here> Steps to Reproduce: (Short description on how to reproduce the defect) <Enter your text here> User Impact: (Approximate number of users impacted by this defect - if applicable) <Enter your text here> Impacted Market: (Indicate if the defect is observed for specific geography / market) <Enter your text here> ","2","Test","False","Others","","Accepted","","","10/06/2025 03:52 PM MST","","","","","10/13/2025 09:29 AM MST","","","","10/06/2025 03:52 PM MST","","","E_SLPM_ST15_CRR Rule Configuration","False","False","Code Change","","","Custom Code Issue","","","","Cosmetic","Code","Jatin Kumar","","10/13/2025 12:00 AM MST","0.0","0 Defined, 0 In-Progress, 0 Completed, 0 Blocked","","0 None Run, 0 Blocked, 0 Error, 0 Fail, 0 Inconclusive, 0 Pass","0.0",""
"DE696419","UI/FA : Unable to open FA tab, getting internal server error for gate type","US5995372: Test Fundamental Assessment - Attribute Listing Screen","Closed","Resolve Immediately","SUNNY PANWAR","Accepted","AXP 25.4.18","AXP PI 25.4","crr-ui","09/29/2025 10:21 AM MST","","False","False","","09/25/2025 03:02 AM MST","#df1a7b","SUNNY PANWAR","09/23/2025 11:12 AM MST","","","","","","","","Code","SIT Test","STR:Navigate to CRR projectclick on Fundamental Assessment tabActual: blank page, on network tab getting error for this api - /api/v1/crr/fundamentalAssessment/fund-assess-gate-typeExpected: FA data should be displayed  ","1","Test","False","Others","","Accepted","","","09/24/2025 01:41 AM MST","","","","","11/19/2025 09:40 PM MST","","","","","","","E_SLPM_ST15_CRR Rule Configuration","False","False","Code Change","","","Custom Code Issue","","","","Crash/Data Loss","","SUNNY PANWAR","","09/29/2025 12:00 AM MST","0.0","0 Defined, 0 In-Progress, 0 Completed, 0 Blocked","","0 None Run, 0 Blocked, 0 Error, 0 Fail, 0 Inconclusive, 0 Pass","0.0",""
"DE697272","UI/Sandbox Cancellation:Sandbox Cancellation remains in-progress in E1","US5995413: Perform Sanity and Retesting of Defects","Closed","High Attention","SUNNY PANWAR","Accepted","AXP 25.4.20 IP","AXP PI 25.4","","10/27/2025 10:35 PM MST","","False","False","","10/27/2025 01:23 AM MST","#df1a7b","Arjun Singh","09/26/2025 06:11 AM MST","","","","","","","","Data","SIT Test","i)Open url-https://isp-qa.aexp.com/homeii)Go to sandboxiii)Click any sandboxiv)Submit that sandboxv)Wait for 2-3 minvi)Cancel the simulationv)Verify the sandbox status after 10-15minActual- cancellation status remains in-progressexpected- Cancellation should get completed within few minutesCheck for sandbox (XX & D5)","3","","False","Others","","Accepted","","","10/27/2025 01:23 AM MST","","","","","10/27/2025 10:35 PM MST","","","","","","","E_SLPM_ST15_CRR Rule Configuration","False","False","Data Fix","The payload for cancellation completion event was modified to comply with consumption API's required format","","Data Issue","","","","Major Problem","","Arjun Singh","","10/13/2025 12:00 AM MST","0.0","0 Defined, 0 In-Progress, 0 Completed, 0 Blocked","","0 None Run, 0 Blocked, 0 Error, 0 Fail, 0 Inconclusive, 0 Pass","0.0",""
"DE698080","API: able to save negative values for api/v1/crr/riskThresholds/update/status","US6151844: Defect fixing","Closed","High Attention","SUNNY PANWAR","Accepted","AXP 25.4.20 IP","AXP PI 25.4","crr-api","10/27/2025 03:56 AM MST","","False","False","","10/15/2025 08:50 PM MST","#df1a7b","SUNNY PANWAR","10/01/2025 12:25 AM MST","","","","","","","","Code","SIT Test","endpoint - api/v1/crr/riskThresholds/update/statuspayload - {   """"riskAssessSta"""": """"PRODUCTION"""",   """"riskThresholds"""": [       {           """"riskAssessScoreNo"""": """"01"""",           """"lowThldRiskScoreNo"""": 1       },       {           """"riskAssessScoreNo"""": """"02"""",           """"lowThldRiskScoreNo"""": 11       },       {           """"riskAssessScoreNo"""": """"03"""",           """"lowThldRiskScoreNo"""": 111       },       {           """"riskAssessScoreNo"""": """"04"""",           """"lowThldRiskScoreNo"""": 1111       },       {           """"riskAssessScoreNo"""": """"05"""",           """"lowThldRiskScoreNo"""": 1112       },       {           """"riskAssessScoreNo"""": """"06"""",           """"lowThldRiskScoreNo"""": 1114       },       {           """"riskAssessScoreNo"""": """"07"""",           """"lowThldRiskScoreNo"""": 1115       },       {           """"riskAssessScoreNo"""": """"08"""",           """"lowThldRiskScoreNo"""": -123       },       {           """"riskAssessScoreNo"""": """"09"""",           """"lowThldRiskScoreNo"""": """"-1""""       }   ],   """"userId"""": """"8249557""""} actual - Risk Threshold status updated successfully 200OKexpected - {   """"error"""": """"All lowThldRiskScoreNo values must be positive numbers with max 5 digits (1-99999). Invalid values: [-123, -765]""""} 500","4","Test","False","Others","","Accepted","","","10/12/2025 10:41 PM MST","","","","","11/09/2025 10:10 PM MST","","","","","","","E_SLPM_ST15_CRR Rule Configuration","False","False","Code Change","","","Control Failure","","","","Major Problem","Workaround Fix","SUNNY PANWAR","","10/13/2025 12:00 AM MST","0.0","0 Defined, 0 In-Progress, 0 Completed, 0 Blocked","","0 None Run, 0 Blocked, 0 Error, 0 Fail, 0 Inconclusive, 0 Pass","0.0",""
"DE700600","Update Override is not working for FA","US5995400: Test Local overrides for multipliers in enterprise-level FA","Closed","High Attention","SUNNY PANWAR","Accepted","AXP 25.4.20 IP","AXP PI 25.4","crr-ui","10/27/2025 10:36 PM MST","","False","False","","10/16/2025 11:54 PM MST","#df1a7b","SUNNY PANWAR","10/14/2025 04:30 AM MST","","","","","","","","Environment","SIT Test","STR:navigate to FA tabclick on Geographyclick on any country codeupdate few questions' answer with commentsclick on update override buttonselect any center  - Canadaselect any risk score - 10click on update override buttonActual - for given center risk score was not updatedExpected - risk score should be updated","3","Test","False","Others","","Accepted","","","10/16/2025 02:53 AM MST","","","","","11/09/2025 10:10 PM MST","","","","","","","E_SLPM_ST15_CRR Rule Configuration","False","False","Environment","","","Environmental","","","","Major Problem","","SUNNY PANWAR","","10/27/2025 12:00 AM MST","0.0","0 Defined, 0 In-Progress, 0 Completed, 0 Blocked","","0 None Run, 0 Blocked, 0 Error, 0 Fail, 0 Inconclusive, 0 Pass","0.0",""
"DE700602","Answers reverted to no and comments vanished when clicking calculate button for FA","US5995374: Test Fundamental assessment - Update Questionnaire to Calculate Score","Closed","High Attention","SUNNY PANWAR","Accepted","AXP 25.4.20 IP","AXP PI 25.4","crr-ui","10/27/2025 10:36 PM MST","","False","False","","10/16/2025 11:55 PM MST","#df1a7b","SUNNY PANWAR","10/14/2025 04:35 AM MST","","","","","","","","Environment","SIT Test","STR:navigate to FA tabclick on Geographyclick on any country codeupdate few questions' answer with YES and put some commentsclick on update calculate buttonActual - answers reverted back to NO and comments vanishedExpected - answers and comment data should persist","2","Test","False","Others","","Accepted","","","10/16/2025 02:55 AM MST","","","","","11/09/2025 10:10 PM MST","","","","","","","E_SLPM_ST15_CRR Rule Configuration","False","False","Environment","","","Environmental","","","","Major Problem","Configuration/Parameter Change","SUNNY PANWAR","","10/27/2025 12:00 AM MST","0.0","0 Defined, 0 In-Progress, 0 Completed, 0 Blocked","","0 None Run, 0 Blocked, 0 Error, 0 Fail, 0 Inconclusive, 0 Pass","0.0",""
"DE700603","Attachment is not working for FA on questionnaire page","US5995374: Test Fundamental assessment - Update Questionnaire to Calculate Score","Closed","High Attention","SUNNY PANWAR","Accepted","AXP 25.4.20 IP","AXP PI 25.4","crr-ui","10/27/2025 10:36 PM MST","","False","False","","10/16/2025 11:55 PM MST","#df1a7b","SUNNY PANWAR","10/14/2025 04:39 AM MST","","","","","","","","Environment","SIT Test","STR:navigate to FA tabclick on Geographyclick on any country codeupdate few questions' answer with commentsclick on attachment iconupload a csv fileclick on number appeared for fileActual - no configuration existsExpected - file should be displayed ","2","Test","False","Others","","Accepted","","","10/16/2025 02:59 AM MST","","","","","11/09/2025 10:10 PM MST","","","","","","","E_SLPM_ST15_CRR Rule Configuration","False","False","Environment","","","Environmental","","","","Major Problem","Configuration/Parameter Change","SUNNY PANWAR","","10/27/2025 12:00 AM MST","0.0","0 Defined, 0 In-Progress, 0 Completed, 0 Blocked","","0 None Run, 0 Blocked, 0 Error, 0 Fail, 0 Inconclusive, 0 Pass","0.0",""
"DE700604","Zero value accepted while editing risk threshold","US5997666: Testing of Risk threshold Submission","Closed","High Attention","SUNNY PANWAR","Accepted","AXP 25.4.20 IP","AXP PI 25.4","crr-ui","10/27/2025 10:36 PM MST","","False","False","","10/21/2025 11:33 PM MST","#df1a7b","SUNNY PANWAR","10/14/2025 04:45 AM MST","","","","","","","","Requirement","SIT Test","STR:Navigate to sandbox tabclick risk threshold buttonput 0 value on risk score 01put ascending order value for rest of the risk scoreclick saveActual - Able to save risk score with 0 valueExpected - 0 value should not be allowed for risk score ","1","Test","False","Others","","Accepted","","","10/21/2025 11:33 PM MST","","","","","11/18/2025 11:13 PM MST","","","","","","","E_SLPM_ST15_CRR Rule Configuration","False","False","Not a Defect","","","N/A","","","","Major Problem","","SUNNY PANWAR","","10/27/2025 12:00 AM MST","0.0","0 Defined, 0 In-Progress, 0 Completed, 0 Blocked","","0 None Run, 0 Blocked, 0 Error, 0 Fail, 0 Inconclusive, 0 Pass","0.0",""
"DE700605","Unable to delete an Asset, getting 500 ISE from backend","US5995405: Test Automation Framework modification Audit Screens","Closed","Resolve Immediately","SUNNY PANWAR","Accepted","AXP 25.4.20 IP","AXP PI 25.4","crr-api;crr-ui","10/27/2025 10:34 PM MST","","False","False","","10/15/2025 09:29 PM MST","#df1a7b","SUNNY PANWAR","10/14/2025 04:56 AM MST","","","","","","","","Code","SIT Test","STR:navigate to assets tabclick on delete icon for any one of the assetcheck network logsactual - {   """"error"""": """"class com.aexp.slpm.crr.model.ReferDaAsset cannot be cast to class java.lang.Integer (com.aexp.slpm.crr.model.ReferDaAsset is in unnamed module of loader org.springframework.boot.loader.launch.LaunchedClassLoader @2d98a335; java.lang.Integer is in module java.base of loader 'bootstrap')""""}expected - asset should be deleted successfully","1","Test","False","Others","","Accepted","","","10/14/2025 09:32 PM MST","","","","","11/09/2025 10:10 PM MST","","","","","","","E_SLPM_ST15_CRR Rule Configuration","False","False","Code Change","","","Custom Code Issue","","","","Major Problem","","SUNNY PANWAR","","10/27/2025 12:00 AM MST","0.0","0 Defined, 0 In-Progress, 0 Completed, 0 Blocked","","0 None Run, 0 Blocked, 0 Error, 0 Fail, 0 Inconclusive, 0 Pass","0.0",""
"DE700607","Unable to attach files for asset creation on second time","US5995405: Test Automation Framework modification Audit Screens","Closed","High Attention","SUNNY PANWAR","Accepted","AXP 25.4.20 IP","AXP PI 25.4","crr-ui","10/27/2025 10:36 PM MST","","False","False","","10/16/2025 11:32 PM MST","#df1a7b","SUNNY PANWAR","10/14/2025 05:02 AM MST","","","","","","","","Code","SIT Test","STR:navigate to Assets tabclick on Add Asset buttoninput name, description and select a search list valueclick on browse buttonupload a invalid csv fileverify the validation error messageopen the file and make it valid - keep only first rowre-upload the file againactual - Add button disabledexpected - Add button should be enabled if there is no validation error on csv file","2","Test","False","Others","","Accepted","","","10/15/2025 07:50 AM MST","","","","","11/09/2025 10:10 PM MST","","","","10/15/2025 07:50 AM MST","","","E_SLPM_ST15_CRR Rule Configuration","False","False","Code Change","","","Custom Code Issue","","","","Major Problem","","SUNNY PANWAR","","10/27/2025 12:00 AM MST","0.0","0 Defined, 0 In-Progress, 0 Completed, 0 Blocked","","0 None Run, 0 Blocked, 0 Error, 0 Fail, 0 Inconclusive, 0 Pass","0.0",""
"DE700608","Unable to select scope and crr version for Basic CRR when selecting a specific date range","US5997754: Testing of Filtering of audit history between 2 given dates","Closed","High Attention","SUNNY PANWAR","Accepted","AXP 25.4.20 IP","AXP PI 25.4","crr-ui","10/27/2025 10:37 PM MST","","False","False","","10/27/2025 01:14 AM MST","#df1a7b","SUNNY PANWAR","10/14/2025 05:12 AM MST","","","","","","","","Not a Defect","SIT Test","STR:navigate to CRR tabclick on Audit iconselect Basic CRRchoose date range - 10/14/2024 - 10/14/2025actual - scope and CRR version is disabledexpected - scope and crr version field should be enabled and should have dropdown values","3","Test","False","Others","","Accepted","","","10/16/2025 01:27 AM MST","","","","","10/27/2025 10:37 PM MST","","","","10/16/2025 01:27 AM MST","","","E_SLPM_ST15_CRR Rule Configuration","False","False","Not a Defect","","","N/A","","","","Major Problem","","SUNNY PANWAR","","10/27/2025 12:00 AM MST","0.0","0 Defined, 0 In-Progress, 0 Completed, 0 Blocked","","0 None Run, 0 Blocked, 0 Error, 0 Fail, 0 Inconclusive, 0 Pass","0.0",""
"DE700609","Unable to download excel file for FA audit","US5997754: Testing of Filtering of audit history between 2 given dates","Closed","High Attention","SUNNY PANWAR","Accepted","AXP 25.4.20 IP","AXP PI 25.4","crr-ui","10/27/2025 10:37 PM MST","","False","False","","10/27/2025 01:22 AM MST","#df1a7b","SUNNY PANWAR","10/14/2025 05:16 AM MST","","","","","","","","Code","SIT Test","STR:Navigate to CRR tabclick on Audit iconclick on Fundamental Assessmentclick on export to excel linkactual - unable to download assessment csvexpected - file should be downloaded successfully with valid values. ","1","Test","False","Others","","Accepted","","","10/27/2025 01:22 AM MST","","","","","11/19/2025 09:39 PM MST","","","","10/16/2025 03:00 AM MST","","","E_SLPM_ST15_CRR Rule Configuration","False","False","Code Change","","","Custom Code Issue","","","","Major Problem","Code","SUNNY PANWAR","","10/27/2025 12:00 AM MST","0.0","0 Defined, 0 In-Progress, 0 Completed, 0 Blocked","","0 None Run, 0 Blocked, 0 Error, 0 Fail, 0 Inconclusive, 0 Pass","0.0",""
"DE700807","Unable to create a new asset","US5995405: Test Automation Framework modification Audit Screens","Closed","Resolve Immediately","SUNNY PANWAR","Accepted","AXP 25.4.20 IP","AXP PI 25.4","crr-ui","10/27/2025 10:34 PM MST","","False","False","","10/16/2025 11:23 PM MST","#df1a7b","SUNNY PANWAR","10/15/2025 01:32 AM MST","","","","","","","","Code","SIT Test","STR:navigate to Assets tabclick on Add Assetinput name, descriptionselect any search list valueattach a valid csv fileactual - Add button disabledexpected - Add button should be enabled","2","Test","False","Others","","Accepted","","","10/15/2025 07:49 AM MST","","","","","11/09/2025 10:10 PM MST","","","","10/15/2025 07:49 AM MST","","","E_SLPM_ST15_CRR Rule Configuration","False","False","Code Change","","","Control Failure","","","","Major Problem","","SUNNY PANWAR","","10/27/2025 12:00 AM MST","0.0","0 Defined, 0 In-Progress, 0 Completed, 0 Blocked","","0 None Run, 0 Blocked, 0 Error, 0 Fail, 0 Inconclusive, 0 Pass","0.0",""
"DE700982","Unable to select scope and crr version for Asset Manager when selecting a specific date range","US5997754: Testing of Filtering of audit history between 2 given dates","Closed","High Attention","SUNNY PANWAR","Accepted","AXP 25.4.20 IP","AXP PI 25.4","crr-ui","10/27/2025 10:37 PM MST","","False","False","","10/27/2025 12:44 AM MST","#df1a7b","SUNNY PANWAR","10/15/2025 08:59 PM MST","","","","","","","","Not a Defect","SIT Test","STR:navigate to CRR tabclick on Audit iconselect Asset Managerchoose date range - 10/14/2024 - 10/14/2025actual - scope and CRR version is disabledexpected - scope and crr version field should be enabled and should have dropdown values","3","Test","False","Others","","Accepted","","","10/16/2025 01:28 AM MST","","","","","10/27/2025 10:37 PM MST","","","","10/16/2025 01:28 AM MST","","","E_SLPM_ST15_CRR Rule Configuration","False","False","Configuration Change","","","Configuration Issue","","","","Major Problem","","SUNNY PANWAR","","10/27/2025 12:00 AM MST","0.0","0 Defined, 0 In-Progress, 0 Completed, 0 Blocked","","0 None Run, 0 Blocked, 0 Error, 0 Fail, 0 Inconclusive, 0 Pass","0.0",""
"DE700984","Export to excel functionality for basic crr, asset manager and fundamental assessment is not working","US6212361: Defects from PI 25.4 to be fixed in 25.5.3","Open","Low","Vinisha Sharma","In-Progress","AXP 25.5.23","AXP PI 25.5","crr-ui","","","False","False","","","#df1a7b","SUNNY PANWAR","10/15/2025 09:05 PM MST","","","","","","","","Code","SIT Test","STR:navigate to CRR tabclick on Audit iconselect Basic CRRchoose date range - 10/14/2024 - 10/14/2025choose scope and crr versionclick on export to excelperform step 1 to 6 for asset manager and fundamental assessmentactual - file download not workingexpected - file download should work","4","Test","False","Others","","In-Progress","","","10/19/2025 08:49 PM MST","","","","","11/24/2025 10:05 PM MST","","","","10/19/2025 08:49 PM MST","","","E_SLPM_ST15_CRR Rule Configuration","False","False","Code Change","","","Custom Code Issue","","","","Minor Problem","Code","SUNNY PANWAR","","12/08/2025 12:00 AM MST","0.0","0 Defined, 0 In-Progress, 0 Completed, 0 Blocked","","0 None Run, 0 Blocked, 0 Error, 0 Fail, 0 Inconclusive, 0 Pass","0.0",""
"DE700987","Unable to select a new data point for while creating a new risk rule","US5995413: Perform Sanity and Retesting of Defects","Closed","High Attention","SUNNY PANWAR","Accepted","AXP 25.4.20 IP","AXP PI 25.4","crr-ui","10/27/2025 10:37 PM MST","","False","False","","10/16/2025 11:31 PM MST","#df1a7b","SUNNY PANWAR","10/15/2025 09:18 PM MST","","","","","","","","Code","SIT Test","STR:navigate to sandbox tabcreate a new risk assessment, risk category, risk elementcreate a new risk ruleinput description, multiplier as fundamental assessmentselect multiplier value as product typeselect a data point - bank account role, sis risk score, geography etcobserve that existing data point remains there while selecting a new oneactual - existing data point remains there while selecting a new oneexpected - data point should be reflected correctly","2","Test","False","Others","","Accepted","","","10/15/2025 09:55 PM MST","","","","","10/27/2025 10:37 PM MST","","","","10/15/2025 09:55 PM MST","","","E_SLPM_ST15_CRR Rule Configuration","False","False","Configuration Change","","","Configuration Issue","","","","Major Problem","","SUNNY PANWAR","","10/27/2025 12:00 AM MST","0.0","0 Defined, 0 In-Progress, 0 Completed, 0 Blocked","","0 None Run, 0 Blocked, 0 Error, 0 Fail, 0 Inconclusive, 0 Pass","0.0",""
"DE701233","Getting unknown product type description for product gate for fundamental assessment","US5995374: Test Fundamental assessment - Update Questionnaire to Calculate Score","Closed","Normal","SUNNY PANWAR","Accepted","AXP 25.4.20 IP","AXP PI 25.4","crr-ui","10/27/2025 10:38 PM MST","","False","False","","10/27/2025 12:45 AM MST","#df1a7b","SUNNY PANWAR","10/17/2025 12:02 AM MST","","","","","","","","Code","SIT Test","STR:navigate to fundamental assessment tabselect Product gateobserve product type description for most of the country codesactual - unknownexpected - valid product type description should be displayed","3","Test","False","Others","","Accepted","","","10/22/2025 12:35 PM MST","","","","","10/27/2025 10:38 PM MST","","","","","","","E_SLPM_ST15_CRR Rule Configuration","False","False","","","","Custom Code Issue","","","","Minor Problem","Code","SUNNY PANWAR","","10/27/2025 12:00 AM MST","0.0","0 Defined, 0 In-Progress, 0 Completed, 0 Blocked","","0 None Run, 0 Blocked, 0 Error, 0 Fail, 0 Inconclusive, 0 Pass","0.0",""
"DE701235","Not getting data for basic CRR audit when specific market merged to production","US5995405: Test Automation Framework modification Audit Screens","Closed","High Attention","SUNNY PANWAR","Accepted","AXP 25.4.20 IP","AXP PI 25.4","crr-ui","10/27/2025 10:37 PM MST","","False","False","","10/27/2025 01:11 AM MST","#df1a7b","SUNNY PANWAR","10/17/2025 12:14 AM MST","","","","","","","","Code","SIT Test","STR:Complete a merge to production flow for any marketnavigate to CRR tabselect that market from market dropdown valueclick audit iconselect basic crrobserver values for - Level, Type, From, Toactual - no data is presentexpected - data should be available","2","Test","False","Others","","Accepted","","","10/19/2025 08:49 PM MST","","","","","10/27/2025 10:37 PM MST","","","","10/19/2025 08:49 PM MST","","","E_SLPM_ST15_CRR Rule Configuration","False","False","Code Change","","","Custom Code Issue","","","","Major Problem","Code","SUNNY PANWAR","","10/27/2025 12:00 AM MST","0.0","0 Defined, 0 In-Progress, 0 Completed, 0 Blocked","","0 None Run, 0 Blocked, 0 Error, 0 Fail, 0 Inconclusive, 0 Pass","0.0",""
"DE702162","Getting wrong risk score when updating questionnaire for enterprise","US5995385: Test Score Calculation for risk categories post updating questions in Fundamental Assessment","Closed","High Attention","SUNNY PANWAR","Accepted","AXP 25.4.20 IP","AXP PI 25.4","crr-ui","10/27/2025 10:37 PM MST","","False","False","","10/27/2025 12:58 AM MST","#df1a7b","SUNNY PANWAR","10/23/2025 11:36 PM MST","","","","","","","","Data","SIT Test","Steps:Navigate to Fundamental Assessment tabClick on Geography gateSelect XX country codeUpdate medium risk score question to YESClick calculate buttonObserve the new score valueActual - risk score 10Expected - risk score should fall into medium range like 4 to 6","2","Test","False","Others","","Accepted","","","10/24/2025 12:43 AM MST","","","","","10/27/2025 10:37 PM MST","","","","","","","E_SLPM_ST15_CRR Rule Configuration","False","False","Data Fix","","","Data Issue","","","","Major Problem","Data set up error","SUNNY PANWAR","","10/27/2025 12:00 AM MST","0.0","0 Defined, 0 In-Progress, 0 Completed, 0 Blocked","","0 None Run, 0 Blocked, 0 Error, 0 Fail, 0 Inconclusive, 0 Pass","0.0",""
"DE702802","Enterprise risk assessment - modification not reflecting for risk categories when merged to Production","US6252837: Enhancement to delete functionality in Merge to Production API","Submitted","Normal","Siva Konda Reddy Kamireddy","Defined","AXP 25.5.23","AXP PI 25.5","crr-ui","","","False","False","","","#df1a7b","SUNNY PANWAR","10/28/2025 04:29 AM MST","","","","","","","","","SIT Test","Steps:Navigate to Sandbox tabAdd new risk assessmentselect scope - Enterprise XXDeleted an existing categoryPerform merge to productionnavigate to CRR tabobserve the risk categoriesactual - existing categories are presentexpected - if existing categories has been deleted in enterprise then it should also be deleted from CRR tab after merge to production","1","Test","False","Others","","Defined","","","","","","","","11/25/2025 12:25 AM MST","","","","","","","E_SLPM_ST15_CRR Rule Configuration","False","False","","","","","","","","Minor Problem","","SUNNY PANWAR","","12/08/2025 12:00 AM MST","0.0","0 Defined, 0 In-Progress, 0 Completed, 0 Blocked","","0 None Run, 0 Blocked, 0 Error, 0 Fail, 0 Inconclusive, 0 Pass","0.0",""
"DE703312","Unable to delete an asset due to unauthorized API call","US6218374: Platform regression and defect retesting","Closed","High Attention","SUNNY PANWAR","Accepted","AXP 25.5.21","AXP PI 25.5","crr-ui","11/07/2025 12:55 AM MST","","False","False","","10/29/2025 02:25 PM MST","#df1a7b","SUNNY PANWAR","10/29/2025 02:17 PM MST","","","","","","","","Environment","SIT Test","STR:Navigate to asset tabDelete an existing assetObserve the modal messageActual - Unable to delete asset. Please contact support.Expected - Asset should be deleted successfully Screenshot:","1","Test","False","Others","","Accepted","","","10/29/2025 02:25 PM MST","","","","","11/12/2025 01:22 AM MST","","","","","","","E_SLPM_ST15_CRR Rule Configuration","False","False","Environment","","","Environmental","","","","Major Problem","","SUNNY PANWAR","","11/10/2025 12:00 AM MST","0.0","0 Defined, 0 In-Progress, 0 Completed, 0 Blocked","","0 None Run, 0 Blocked, 0 Error, 0 Fail, 0 Inconclusive, 0 Pass","0.0",""
"DE703365","Duplicate asset name creation allowed when on second pagination page","US6252624: Fixing of Defects & Miscellaneous tasks for completion of end-to-end functionality","Closed","High Attention","SUNNY PANWAR","Accepted","AXP 25.5.22","AXP PI 25.5","crr-ui","11/24/2025 09:37 PM MST","","False","False","","11/23/2025 09:06 PM MST","#df1a7b","SUNNY PANWAR","10/29/2025 11:25 PM MST","","","","","","","","Code","SIT Test","Steps to Reproduce: Go to the Assets tab.Create a new asset on Page 1 (e.g., “Asset1234”).Navigate to Page 2 using pagination.Try to create another asset with the same name (“Asset-1234”).Observe that the asset is successfully created.Actual Result: When creating an asset from Page 2, the system does not check for existing names and allows creating a duplicate asset.Expected Result: The system should validate asset names globally and prevent creation of duplicate asset names, regardless of which pagination page the user is on. Screenshot:","1","Test","False","Others","","Accepted","","","11/18/2025 10:48 PM MST","","","","","11/24/2025 09:37 PM MST","","","","11/18/2025 09:51 PM MST","","","E_SLPM_ST15_CRR Rule Configuration","False","False","Code Change","","","Custom Code Issue","","","","Major Problem","","SUNNY PANWAR","","11/24/2025 12:00 AM MST","0.0","0 Defined, 0 In-Progress, 0 Completed, 0 Blocked","","0 None Run, 0 Blocked, 0 Error, 0 Fail, 0 Inconclusive, 0 Pass","0.0",""
"DE703389","When deleting all assets from the second page in pagination, the page does not navigate back to the first page and shows “No assets exist”","US6252624: Fixing of Defects & Miscellaneous tasks for completion of end-to-end functionality","Closed","High Attention","SUNNY PANWAR","Accepted","AXP 25.5.22","AXP PI 25.5","crr-ui","11/24/2025 09:37 PM MST","","False","False","","11/16/2025 09:28 PM MST","#df1a7b","SUNNY PANWAR","10/30/2025 01:19 AM MST","","","","","","","","Code","SIT Test","Steps to Reproduce:Go to the Assets tabEnsure pagination is enabled and there are assets on multiple pages.Navigate to the second page (or any page other than the first).Select and delete all assets on that page.Observe the result.Expected Result:After deleting all assets from the second page, the system should automatically navigate back to the previous page (first page) and display the remaining assets. Actual Result:The system displays “No assets exist”, even though assets are still available on the first page. Screenshot:","2","Test","False","Others","","Accepted","","","11/03/2025 02:48 PM MST","","","","","11/24/2025 09:37 PM MST","","","","","","","E_SLPM_ST15_CRR Rule Configuration","False","False","Code Change","","","Custom Code Issue","","","","Major Problem","Code","SUNNY PANWAR","","11/10/2025 12:00 AM MST","0.0","0 Defined, 0 In-Progress, 0 Completed, 0 Blocked","","0 None Run, 0 Blocked, 0 Error, 0 Fail, 0 Inconclusive, 0 Pass","0.0",""
"DE703482","Risk Rules not visible when filter dropdown is set to “All”","US6252624: Fixing of Defects & Miscellaneous tasks for completion of end-to-end functionality","Closed","Normal","Satvik Jain","Accepted","AXP 25.5.23","AXP PI 25.5","CRR_Deferred;crr-ui","11/20/2025 01:17 AM MST","","False","False","","11/20/2025 01:17 AM MST","#df1a7b","SUNNY PANWAR","10/30/2025 05:33 AM MST","","","","","","","","Not a Defect","SIT Test","Description:When accessing Risk Rules for the Enterprise Market in CRR tab, the filter dropdown contains three values:AllEnterpriseMarket By default, the dropdown is set to All, but no risk rule data is displayed.However, when Enterprise is selected, the corresponding risk rules are correctly shown.This creates confusion since the All filter is expected to display all available rules (both Market and Enterprise). Steps to Reproduce:Go to Risk Rules page in CRR tab for enterprise risk categoriesObserve that the filter dropdown defaults to All.Notice that no risk rules are visible.Change the dropdown to Enterprise.Risk rule data appears.Expected Result:When the filter is set to All, it should display all risk rules, including those under Market and Enterprise.Actual Result:When the filter is set to All, no data is displayed. Screenshot:","2","Test","False","Others","","Accepted","","","11/20/2025 01:17 AM MST","","","","","11/20/2025 02:17 AM MST","","","","","","","E_SLPM_ST15_CRR Rule Configuration","False","False","Not a Defect","","","N/A","","","","Minor Problem","","SUNNY PANWAR","","12/08/2025 12:00 AM MST","0.0","0 Defined, 0 In-Progress, 0 Completed, 0 Blocked","","0 None Run, 0 Blocked, 0 Error, 0 Fail, 0 Inconclusive, 0 Pass","0.0",""
"DE705514","UI/Assets - SQL statement populated during creation of an asset","US6252673: Perform platform regression and defect retesting","Closed","Resolve Immediately","SUNNY PANWAR","Completed","AXP 25.5.22","AXP PI 25.5","crr-ui","","","False","False","","11/12/2025 01:22 AM MST","#df1a7b","SUNNY PANWAR","11/11/2025 09:11 PM MST","","","","","","","","Other","SIT Test","STR:navigate to assets tabclick on + Add Assetfill the name, description, search list and attachment.click on Add buttonobserve the sql query being generated.actual - sql queries coming on attachment field.expected - Assets should be created successfully. Screenshot- ","2","Test","False","Others","","Completed","","","11/11/2025 09:14 PM MST","","","","","11/21/2025 03:31 AM MST","","","","11/11/2025 09:14 PM MST","","","E_SLPM_ST15_CRR Rule Configuration","False","False","Configuration Change","","","Deployment Issue","","","","Crash/Data Loss","","SUNNY PANWAR","","11/24/2025 12:00 AM MST","0.0","0 Defined, 0 In-Progress, 0 Completed, 0 Blocked","","0 None Run, 0 Blocked, 0 Error, 0 Fail, 0 Inconclusive, 0 Pass","0.0",""
"DE705734","Stale Data Refresh Not Triggering on Edit for Risk Assessment","","Closed","High Attention","Satvik Jain","Accepted","AXP 25.5.23","AXP PI 25.5","crr-ui","11/25/2025 12:23 AM MST","","False","False","","11/25/2025 12:23 AM MST","#df1a7b","SUNNY PANWAR","11/13/2025 12:46 AM MST","","","","","","","","Code","SIT Test","Preconditions: Two sessions (Account A and Account B) are logged into the same environment.Both have the Risk Assessment list page open.Steps to Reproduce:In Account A, edit an existing Risk Assessment (e.g., update name or description).Keep Account B tab active and observe the sandbox screen.Expected Result:A refresh message or “Sandboxes are in stale state due to update in Enterprise Production.” prompt should appear automatically in Account B.Actual Result:No refresh notification appears in Account B even after several seconds.The updated data reflects only after manually refreshing the page.","1","Test","False","Others","","Accepted","","","11/25/2025 12:23 AM MST","","","","","11/25/2025 12:23 AM MST","","","","","0.0","","E_SLPM_ST15_CRR Rule Configuration","False","False","Code Change","","","Custom Code Issue","","","","Major Problem","","SUNNY PANWAR","","12/08/2025 12:00 AM MST","0.0","0 Defined, 0 In-Progress, 0 Completed, 0 Blocked","","0 None Run, 0 Blocked, 0 Error, 0 Fail, 0 Inconclusive, 0 Pass","0.0",""
"DE705953","UI/Assets: Incorrect asset downloaded display message","US6252673: Perform platform regression and defect retesting","Closed","Low","Jatin Kumar","Accepted","AXP 25.5.22","AXP PI 25.5","","11/21/2025 05:45 AM MST","","False","False","","11/21/2025 05:45 AM MST","#df1a7b","Jatin Kumar","11/14/2025 01:38 AM MST","","","","","","","","Other","SIT Test","STR:Go to assets tabCreate new assetDownload created assetActual: Asset File has been Successfullly DownloadedExpected: Asset File was downloaded successfully.       Defects should be right-sized to be delivered within a Sprint/Iteration. Description: (Description of the Defect) <Enter your text here> Fault Product / Application: (Product / Application where the defect was identified) <Enter your text here> Other Product / Applications affected: (Other Product(s) / Application(s) impacted by the defect) <Enter your text here> Steps to Reproduce: (Short description on how to reproduce the defect) <Enter your text here> User Impact: (Approximate number of users impacted by this defect - if applicable) <Enter your text here> Impacted Market: (Indicate if the defect is observed for specific geography / market) <Enter your text here> ","2","Test","False","Others","","Accepted","","","11/16/2025 01:42 PM MST","","","","","11/21/2025 05:45 AM MST","","","","11/16/2025 01:42 PM MST","","","E_SLPM_ST15_CRR Rule Configuration","False","False","Requirements","","","Requirements","","","","Cosmetic","Cosmetic","Jatin Kumar","","11/24/2025 12:00 AM MST","0.0","0 Defined, 0 In-Progress, 0 Completed, 0 Blocked","","0 None Run, 0 Blocked, 0 Error, 0 Fail, 0 Inconclusive, 0 Pass","0.0",""
"DE706670","UI/SS: With copy functionality and on creating new rule not displaying on sandbox modify screen","US6252673: Perform platform regression and defect retesting","Fixed","High Attention","Jatin Kumar","Completed","AXP 25.5.23","AXP PI 25.5","","","","False","False","","","#df1a7b","Jatin Kumar","11/19/2025 09:13 PM MST","","","","","","","","Code","SIT Test","STR:Create enterprise sandbox and send to merge to productionCreate new market assessmentOn enabled copy functionality, categories would be shown up under market sandboxUnder existing category, create a new ruleGo to simulation windowActual: When we create a new rule inside an existing risk element, then the sandbox modify screen after clicking simulation button is not showing the rule inside the “modifications compared to production list” (PFA)Expected: Any change in rule or with new rule creation, it must show details under modification compared to production list on simulation window  Defects should be right-sized to be delivered within a Sprint/Iteration. Description: (Description of the Defect) <Enter your text here> Fault Product / Application: (Product / Application where the defect was identified) <Enter your text here> Other Product / Applications affected: (Other Product(s) / Application(s) impacted by the defect) <Enter your text here> Steps to Reproduce: (Short description on how to reproduce the defect) <Enter your text here> User Impact: (Approximate number of users impacted by this defect - if applicable) <Enter your text here> Impacted Market: (Indicate if the defect is observed for specific geography / market) <Enter your text here> ","1","Test","False","Others","","Completed","","","11/25/2025 09:24 PM MST","","","","","11/27/2025 02:13 AM MST","","","","","","","E_SLPM_ST15_CRR Rule Configuration","False","False","Code Change","","","Custom Code Issue","","","","Major Problem","","Jatin Kumar","","12/08/2025 12:00 AM MST","0.0","0 Defined, 0 In-Progress, 0 Completed, 0 Blocked","","0 None Run, 0 Blocked, 0 Error, 0 Fail, 0 Inconclusive, 0 Pass","0.0",""
"DE707392","Assets Implement : Getting 500 error when merging to prod","US6252624: Fixing of Defects & Miscellaneous tasks for completion of end-to-end functionality","Closed","High Attention","SUNNY PANWAR","Accepted","AXP 25.5.22","AXP PI 25.5","","11/24/2025 10:11 PM MST","","False","False","","11/24/2025 09:46 PM MST","#df1a7b","SUNNY PANWAR","11/24/2025 07:02 AM MST","","","","","","","","Data","","Steps:Navigate to Asset tabClick Implement buttonOpen network tabObserve api callActual - 500 errorExpected - 200 should come from api side Screenshot","2","Test","False","","","Accepted","","","11/24/2025 12:45 PM MST","","","","","11/24/2025 10:17 PM MST","","","","","","","E_SLPM_ST15_CRR Rule Configuration","False","False","Configuration Change","","","N/A","","","","Major Problem","Data set up error","SUNNY PANWAR","","12/08/2025 12:00 AM MST","0.0","0 Defined, 0 In-Progress, 0 Completed, 0 Blocked","","0 None Run, 0 Blocked, 0 Error, 0 Fail, 0 Inconclusive, 0 Pass","0.0",""
"DE707846","UI/Audit: Discrepancy on date picker","US6285805: Perform platform regression and defect retesting","Submitted","Low","Siva Konda Reddy Kamireddy","Being Groomed","AXP 25.5.23","AXP PI 25.5","","","","False","False","","","#df1a7b","Jatin Kumar","11/27/2025 05:12 AM MST","","","","","","","","","SIT Test","STR:Go to CRR TabClick on Audit buttonClick on date picker and select one date and select past dateActual: User able to select past date to current dateExpected: User should not be able to select past date with current date. Past dates should disabled or greyed so that user should not be able to select previous/past date     Defects should be right-sized to be delivered within a Sprint/Iteration. Description: (Description of the Defect) <Enter your text here> Fault Product / Application: (Product / Application where the defect was identified) <Enter your text here> Other Product / Applications affected: (Other Product(s) / Application(s) impacted by the defect) <Enter your text here> Steps to Reproduce: (Short description on how to reproduce the defect) <Enter your text here> User Impact: (Approximate number of users impacted by this defect - if applicable) <Enter your text here> Impacted Market: (Indicate if the defect is observed for specific geography / market) <Enter your text here> ","0","Test","False","Others","","Being Groomed","","","","","","","","11/27/2025 05:12 AM MST","","","","","","","E_SLPM_ST15_CRR Rule Configuration","False","False","","","","","","","","Minor Problem","","Jatin Kumar","","12/08/2025 12:00 AM MST","0.0","0 Defined, 0 In-Progress, 0 Completed, 0 Blocked","","0 None Run, 0 Blocked, 0 Error, 0 Fail, 0 Inconclusive, 0 Pass","0.0",""
"DE707941","“Calculate” and “Update Override” buttons misaligned on Fundamental Assessment screen","US6285805: Perform platform regression and defect retesting","Submitted","Low","Amit Maity","Being Groomed","AXP 25.5.23","AXP PI 25.5","","","","False","False","","","#df1a7b","SUNNY PANWAR","11/28/2025 12:36 AM MST","","","","","","","","","","“Calculate” and “Update Override” buttons appear bottom-right instead of left side of the Search bar","0","Test","False","","","Being Groomed","","","","","","","","11/28/2025 12:36 AM MST","","","","","","","E_SLPM_ST15_CRR Rule Configuration","False","False","","","","","","","","Cosmetic","","SUNNY PANWAR","","12/08/2025 12:00 AM MST","0.0","0 Defined, 0 In-Progress, 0 Completed, 0 Blocked","","0 None Run, 0 Blocked, 0 Error, 0 Fail, 0 Inconclusive, 0 Pass","0.0",""
